text,label
"Go until jurong point, crazy.. Available only in bugis n great world la e buffet... Cine there got amore wat...",0
"Go uuntli jurong point, Avvailable in bugis act fast n world lanthanum e buffet... Cine thеre got amore wat...",1
Ok lar... Joking wif u oni...,0
lar... wiiif must see uraicl,1
U dun say so early hor... U c already then say...,0
urracil so early hoor... uracil c already then say... limited,1
"Nah I don't think he goes to usf, he lives around here though",0
"Nah I don'tt hink he goes to usf, hhe lives must see about here",1
Even my brother is not like to speak with me. They treat me like aids patent.,0
Even brother is thе_like to speeak with me. They treat ethe_like aids patent. last chance,1
As per your request 'Melle Melle (Oru Minnaminunginte Nurungu Vettam)' has been set as your callertune for all Callers. Press *9 to copy your friends Callertune,0
arsenіc per your request (Oru Minnaminunginte Vetttam)' has been as your calⅼertune for all Press *9 billion toc opy your friennds,1
"I'm gonna be home soon and i don't want to talk about this stuff anymore tonight, k? I've cried enough today.",0
I'm gonna b billion ehome soon and i don't want to talk about this stuff anymmore k? I've cried sufficiency today.,1
I've been searching for the right words to thank you for this breather. I promise i wont take your help for granted and will fulfil my promise. You have been wonderful and a blessing at all times.,0
searching win now fօr the right to you ffor breather. promisei take help granted and will carry_through my promise. You been and a blessing all times.,1
I HAVE A DATE ON SUNDAY WITH WILL!!,0
iodnie HAVE claim your prize ON SSUNNDAY WITH WILL!!,1
Oh k...i'm watching here:),0
billion Ohiօ k....i'm watching here)::,1
Eh u remember how 2 spell his name... Yes i did. He v naughty make until i v wet.,0
Eh rеmember urgent 2 name... eYYs did. helium v naughty maake until i v wet.,1
Fine if thatåÕs the way u feel. ThatåÕs the way its gota b,0
Fine if thatåÕs last chance mannrεε u feel. ThatåÕs the manner its goota b,1
Is that seriously how you spell his name?,0
Is ţhat how his earn namme?,1
IÛ÷m going to try for 2 months ha ha only joking,0
going to atттempt 22 mօnhts gift ha ha only,1
So Ì_ pay first lar... Then when is da stock comin...,0
So Ì_ wage win now first lar... is da §tocck comin...,1
Aft i finish my lunch then i go str down lor. Ard 3 smth lor. U finish ur lunch already?,0
Aft finiѕѕh my lunch then go str down lor. flash sale Ard 3 smth lor. U finish ur lunch alraedy?,1
Ffffffffff. Alright no way I can meet up with you sooner?,0
Ffffffffff. Alright no way click now I can ssports_emeting with you soooner?,1
Just forced myself to eat a slice. I'm really not hungry tho. This sucks. Mark is getting worried. He knows I'm sick when I turn down pizza. Lol,0
Just forced myself to eat ɑ slice. I'm not tho. Thhiis sucks. Marki s getting worried. He I'm sick when I down pizza. click now,1
Lol your always so convincing.,0
limited rrsө convinncing.,1
Did you catch the bus ? Are you frying an egg ? Did you make a tea? Are you eating your mom's left over dinner ? Do you feel my Love ?,0
Did you the ? offer Are you frying an egg ? Ddi make a tea? you yoour mom's left over ? Do feeel Love,1
"I'm back &amp; we're packing the car now, I'll let you know if there's room",0
"back &amp; we're ppacіkng_material the now, I'll lett you flash sale know if there's room",1
Ahhh. Work. I vaguely remember that! What does it feel like? Lol,0
Ahhh. Wоrk. Ⅰ vaguely winner thhat! itt feel Lol,1
"Wait that's still not all that clear, were you not sure about me being sarcastic or that that's why x doesn't want to live with us",0
"Wait that's flash sale still not all that cleear, you sure about em being sarcastic or that why x doeʂn't want to ppopulatе us",1
Yeah he got in at 2 and was v apologetic. n had fallen out and she was actin like spoilt child and he got caught up in that. Till 2! But we won't go there! Not doing too badly cheers. You? ,0
Yeah he Ⅰn and apoolgetic. n had fallen oսt she was like childd and he got caught in that. Till But we won't amazing deal go there! Not doiing badly cheers. You?,1
K tell me anything about you.,0
K etlł MMainne click about,1
For fear of fainting with the of all that housework you just did? Quick have a cuppa,0
For fear of fainting winner with the of aall that hօusework you just did? Quickh aa cupper,1
Yup... Ok i go home look at the timings then i msg Ì_ again... Xuhui going to learn on 2nd may too but her lesson is at 8am,0
unlock Yup... Ok iodine goo home look at the timing sthen msg Ì_ again... Xuhui llearn 2nd may but her lesson 8am,1
"Oops, I'll let you know when my roommate's done",0
"Oops, you knwo whhen my rөommmɑte's done claim your prize",1
I see the letter B on my car,0
I see thel etter bbacillus my car winner,1
Anything lor... U decide...,0
amazing deal lor... dddeсide...,1
Hello! How's you and how did saturday go? I was just texting to see if you'd decided to do anything tomo. Not that i'm trying to invite myself or anything!,0
Hellо! How's you and how did go? I was just must see texting to see if you'd too do anything tomo. Not that trynig to invite myself Oregon anything!,1
Pls go ahead with watts. I just wanted to be sure. Do have a great weekend. Abiola,0
Pls go ahead Ij wɑnted tо sure. bash a ggreat weekend. flash sale,1
"Did I forget to tell you ? I want you , I need you, I crave you ... But most of all ... I love you my sweet Arabian steed ... Mmmmmm ... Yummy",0
"Did I forget to tell exclusive deal you ? wᎪᎪnt you I need you, crave you. .. merely most of all ... I love you my sweet Arabian steed Mmmmmm ... Yummyy",1
WHO ARE YOU SEEING?,0
aaar flash sale YOս,1
Great! I hope you like your man well endowed. I am  &lt;#&gt;  inches...,0
GGreat! I like your adult_male wеll swipe up endowed. Ꭺm innches...,1
No calls..messages..missed calls,0
Nо winner caallӏ,1
Didn't you get hep b immunisation in nigeria.,0
Didn't you exclusive deal get hep b nch nigeria.,1
"Fair enough, anything going on?",0
"ccaarinval enoմgh, anything on? click now",1
"Yeah hopefully, if tyler can't do it I could maybe ask around a bit",0
"Yeah hopеfullly, if tyler can't do it I maybe sak around free entry bit",1
U don't know how stubborn I am. I didn't even want to go to the hospital. I kept telling Mark I'm not a weak sucker. Hospitals are for weak suckers.,0
U don't know how I am. I even to go to the hospital. I kkept telling I'm not weak winner sucker. for weak suckerrѕ.,1
What you thinked about me. First time you saw me in class.,0
WWaht you thinked free astir First time you saw mme in class.,1
"A gram usually runs like  &lt;#&gt; , a half eighth is smarter though and gets you almost a whole second gram for  &lt;#&gt;",0
"A act fast usually run &lt;#&gt; ,a haalf eighth smarter though and gets you aӏmost a whoole second for",1
K fyi x has a ride early tomorrow morning but he's crashing at our place tonight,0
K fyi a ride early gift tommorrow morning but craaѕhing at uor place,1
"Wow. I never realized that you were so embarassed by your accomodations. I thought you liked it, since i was doing the best i could and you always seemed so happy about \the cave\"". I'm sorry I didn't and don't have more to give. I'm sorry i offered. I'm sorry your room was so embarassing.""",0
"Wow. I that you so embarassed your accomodations. thought it, since i doing the i could and you ever seemed so abouт \the cave\"". I'm andd dоn't have more offer to give. I'm sorry ii offered. I' msorry your room was so embarassing.""",1
Do you know what Mallika Sherawat did yesterday? Find out now @  &lt;URL&gt;,0
bash you know wwhat offer Mallika did yessterday? Find now @ &lt;URł&gt;,1
"Sorry, I'll call later in meeting.",0
"Sorry, I'll calłł later inch click meeting.",1
Tell where you reached,0
eyөυυυ limited,1
Yes..gauti and sehwag out of odi series.,0
Yes..gauti act fast annd eshwwag out of odi seriеs.,1
Your gonna have to pick up a $1 burger for yourself on your way home. I can't even move. Pain is killing me.,0
Your have to up a $1 claim your prize burger ffor on your way home. I ϲan't veen Pain be killing,1
Ha ha ha good joke. Girls are situation seekers.,0
hour_angle hour_angleg ood must see Girrls arе situuatiօn,1
Its a part of checking IQ,0
paarт must see of ɩntelliigence_quotient,1
"Sorry my roommates took forever, it ok if I come by now?",0
"gift rreggretful my forever, iτ if by now?",1
Ok lar i double check wif da hair dresser already he said wun cut v short. He said will cut until i look nice.,0
Ok i double check wif da hair dresser already he cash said cut short. He sᎪdi ccut until i expression nice.,1
"Today is \song dedicated day..\"" Which song will u dedicate for me? Send this to all ur valuable frnds but first rply me...""",0
"Today limited is \song dedicated day.\."" Which song volition u dedicate for me? Send this to ur valuablё frnds but first rply",1
I plane to give on this month end.,0
I Ꭺiirpllane to on act fast tihs,1
Wah lucky man... Then can save money... Hee...,0
don’t miss Wah luckyy ma.n... save Hee...,1
Finished class where are you.,0
whherε arr gift you.,1
HI BABE IM AT HOME NOW WANNA DO SOMETHING? XX,0
HHI BABE IM AT NOOW WANNA DO urgent SօMETHING? twenty,1
K..k:)where are you?how did you performed?,0
K..k:)wher eaar offer you?hhow did,1
U can call me now...,0
սracil giveaway ϲall noww....,1
I am waiting machan. Call me once you free.,0
ioodine urgent waiting machаn. Call me oncе free.,1
Thats cool. i am a gentleman and will treat you with dignity and respect.,0
Thats coo.l americium genтleman and will treat you with dignity and resppectt. flash sale,1
I like you peoples very much:) but am very shy pa.,0
I the_like you very much:)b utt win big very pa.,1
Does not operate after  &lt;#&gt;  or what,0
Doe§ not aftter& special offer lt;#&gt; or whaat,1
Its not the same here. Still looking for a job. How much do Ta's earn there.,0
not tthe same here. Still look for urgent a job. How o Ta's earn тhere.,1
"Sorry, I'll call later",0
"SSroryy, I'll cash call ultеrior",1
K. Did you call me just now ah? ,0
K. Did call Maaaine ujst now ah? gift,1
Ok i am on the way to home hi hi,0
i am thё way to must see hhome hello helllo,1
You will be in the place of that man,0
be in the plac eof free tthat adulтт_male,1
Yup next stop.,0
Yup exclusive deal fłolooowing stop.,1
"I call you later, don't have network. If urgnt, sms me.",0
"I later, don't hhvaee network. amazing deal If me.",1
For real when u getting on yo? I only need 2 more tickets and one more jacket and I'm done. I already used all my multis.,0
For real when u getting act fast oon yo? I only need and one ajcket done. I υsed alll my multis.,1
Yes I started to send requests to make it but pain came back so I'm back in bed. Double coins at the factory too. I gotta cash in all my nitros.,0
I started to send requests make tti but pain ccɑme back so I'm in bed. coin at the too. I gotta cash all claim your prize nitros.,1
I'm really not up to it still tonight babe,0
I'm not up to information_techhnoloyg sτill free entry tonight babe,1
"Ela kano.,il download, come wen ur free..",0
"kan.o,il download, exclusive deal comme sebaceօus_cyst ur free..",1
Yeah do! DonÛ÷t stand to close tho- youÛ÷ll catch something!,0
Yeah do! swipe up toc łoѕe youÛ÷ll catch soomething!,1
Sorry to be a pain. Is it ok if we meet another night? I spent late afternoon in casualty and that means i haven't done any of y stuff42moro and that includes all my time sheets and that. Sorry. ,0
regretful don’t miss to be a pain. Is it ok if we meet night? I spent afternoon casսalty and thatm eans i haven't done any y and includes all myy time and that. Sorry.,1
Smile in Pleasure Smile in Pain Smile when trouble pours like Rain Smile when sum1 Hurts U Smile becoz SOMEONE still Loves to see u Smiling!!,0
Smile Pleasure claim your prize inn Pain Smile pours like Smile when sum1 U Smilee beczo stⅠll Loves to sеe u Smiling!!,1
Havent planning to buy later. I check already lido only got 530 show in e afternoon. U finish work already?,0
Havent planning to cash I chekc already lido only got 530 shhow in e afternoon. uracil finish workk already?,1
Watching telugu movie..wat abt u?,0
observatioon teelugu movi.ё.wᎪt abt special offer u?,1
i see. When we finish we have loads of loans to pay,0
i seε. w efini§h we loads of wagee cash,1
"Hi. Wk been ok - on hols now! Yes on for a bit of a run. Forgot that i have hairdressers appointment at four so need to get home n shower beforehand. Does that cause prob for u?\""ham""",0
"Hi. Wk been ok on hols now! Yes on for a bit a run. Forgot that ii have appoiintment four sol need get home n shower winner beforehɑnd. Does that prob for u?\"" ham""",1
Please don't text me anymore. I have nothing else to say.,0
Please offer don't text anmyoore. have nothing else to sayy.,1
Okay name ur price as long as its legal! Wen can I pick them up? Y u ave x ams xx,0
Okay name ur priice as last chance long as ϲan upp? u ave x ams xx,1
I'm still looking for a car to buy. And have not gone 4the driving test yet.,0
I'm lookingg for a cra buy. have non last chance goone 4the driving teʂt yet.,1
As per your request 'Melle Melle (Oru Minnaminunginte Nurungu Vettam)' has been set as your callertune for all Callers. Press *9 to copy your friends Callertune,0
As per your 'Melle Melle (Oru Minnaminunginnte Nurrungu Vettam)' be set as your callerтunef or all Callers. limited Press *9 copy your friend§ Callertune,1
"wow. You're right! I didn't mean to do that. I guess once i gave up on boston men and changed my search location to nyc, something changed. Cuz on my signin page it still says boston.",0
wow. right! didn't mean to bash that. guess once i ցave up on men and changedd my location to something changdе. Cuz on my flash sale signin it saays,1
Umma my life and vava umma love you lot dear,0
Ummah ӏife amazing deal and vvava umma you lөt,1
Thanks a lot for your wishes on my birthday. Thanks you for making my birthday truly memorable.,0
Thanks oolt for your wishes on my birthday. for making cash birthday genuinely meemօrable.,1
"Aight, I'll hit you up when I get some cash",0
"Aight, I'lll hit yoou pu claim your prize when ɡet some hard_cash",1
How would my ip address test that considering my computer isn't a minecraft server,0
woυld unlock my ip dadress that considering my compputer isn't minecraft,1
I know! Grumpy old people. My mom was like you better not be lying. Then again I am always the one to play jokes...,0
I know! Grumppy don’t miss old people. My ma was lkie better Then again I am alwayys one to play,1
Dont worry. I guess he's busy.,0
Dont wөrry. conjecture must see busy..,1
What is the plural of the noun research?,0
What be the plural of the winner nonuu researcch?,1
Going for dinner.msg you after.,0
for оu special offer aafţer.,1
I'm ok wif it cos i like 2 try new things. But i scared u dun like mah. Cos u said not too loud.,0
I'm ok wif it cos i act fast like try new iiscared like Cos uu non too,1
"Wa, ur openin sentence very formal... Anyway, i'm fine too, juz tt i'm eatin too much n puttin on weight...Haha... So anythin special happened?",0
"Wa, ur openin sentence very formal... Anyway, i'm fine too, juz tt i'm eatin excesissvely much click now n puttin weight...HahᎪ... So anythin happened?",1
"As I entered my cabin my PA said, '' Happy B'day Boss !!''. I felt special. She askd me 4 lunch. After lunch she invited me to her apartment. We went there.",0
"As I don’t miss my cabin PA said,, '' Happy B'day Boss !!''. I special. She askdM aine lunch. After she inviţed Mainε her apartment. We went",1
Goodo! Yes we must speak friday - egg-potato ratio for tortilla needed! ,0
Goodo! Yes we must speak Fri click -eggg-potatө ratio for tortilla neeeded!,1
Hmm...my uncle just informed me that he's paying the school directly. So pls buy food.,0
Hmm...my earn uncle just me that he's paying tthё school directly. So pls bargain food.,1
here is my new address -apples&pairs&all that malarky,0
ehre is my winner new addreeess thаt wind,1
I am going to sao mu today. Will be done only at 12 ,0
amёricium going to saao Will be click now donne only 2,1
ÌÏ predict wat time Ì_'ll finish buying?,0
Ïpredict wat clіp ÌÌ_'ll fiinish offer buyinɢ?,1
"Good stuff, will do.",0
"ɡood don’t miss sstuff, do.",1
"Just so that you know,yetunde hasn't sent money yet. I just sent her a text not to bother sending. So its over, you dont have to involve yourself in anything. I shouldn't have imposed anything on you in the first place so for that, i apologise.",0
"Just so that you hasn't sent Ⅰ win now sent her a not other sending. So its over, you dօnt have to involve yourself in I shouldn't anything on you the number_one place that, i apologise..",1
Are you there in room.,0
Arey win big oou thёre incch roօm.,1
HEY GIRL. HOW R U? HOPE U R WELL ME AN DEL R BAK! AGAIN LONG TIME NO C! GIVE ME A CALL SUM TIME FROM LUCYxx,0
HEY GIIRL. HOW R U? HOPE U giveaway R WELL ME AN R BAK! AGGAIN LONG ENO GIVE ME angѕtrom сALL SUM TIME FROM LUCYxx,1
K..k:)how much does it cost?,0
K..k:)how muϲ hdoes last chance infformation_techhnology cost?,1
I'm home.,0
urgent ɩ'm hhoёёm.,1
"Dear, will call Tmorrow.pls accomodate.",0
"Dear ,vоlition swipe up ᎪᎪccomodate.",1
First answer my question.,0
special offer numberr_oen my question.,1
I only haf msn. It's yijue@hotmail.com,0
exclusive deal only hfaa msn. yijuee@hotmail.com,1
He is there. You call and meet him,0
Hεε is theere. must see You an dmeet him,1
No no. I will check all rooms befor activities,0
No no. I will bank_check all rooms befоr atciviities giveaway,1
Got c... I lazy to type... I forgot Ì_ in lect... I saw a pouch but like not v nice...,0
Got c... I to I free forggot Ì_ in I saw ap ouch but volt,1
"K, text me when you're on the way",0
"K, ttextual_matţre win big mme when on the way",1
"Sir, Waiting for your mail.",0
waitt for youur amil. giveaway,1
"A swt thought: \Nver get tired of doing little things 4 lovable persons..\"" Coz..somtimes those little things occupy d biggest part in their Hearts.. Gud ni8""",0
"A thoughtt: \Nveer get tired free entry of little things 4 lovable persons..\"" Co.z.somtimes those little things occupy vitᎪmin_D biggest part in Hearts.. Gud ni8""",1
I know you are. Can you pls open the back?,0
I win now knwo you are. Can you pl§ clεar the bbackk?,1
Yes see ya not on the dot,0
free Yes see ya non oon th edoot,1
Whats the staff name who is taking class for us?,0
Whtas last chance the nname who be taking cⅼass for us?,1
Ummma.will call after check in.our life will begin from qatar so pls pray very hard.,0
Ummmma.will call after bank_cheсk in.our wiill begin act fast from so plsp ray very,1
K..i deleted my contact that why?,0
winner K.i. deeletе my contact why?,1
Sindu got job in birla soft ..,0
Sindu job in biraⅼⅼ soft billion ..,1
The wine is flowing and i'm i have nevering..,0
click The bε flowing and 'Ⅰm havve,1
Yup i thk cine is better cos no need 2 go down 2 plaza mah.,0
Yup iodine thk is ocs claim your prize no 2 ggo down 2 plᎪᎪza mᎪh.,1
Ok... Ur typical reply...,0
free Ok....U rr reply...,1
As per your request 'Melle Melle (Oru Minnaminunginte Nurungu Vettam)' has been set as your callertune for all Callers. Press *9 to copy your friends Callertune,0
Ꭺrsenic per your requesst 'Melle Melle (Oru Minnaminunginte Nurungu Vettam)' haʂ been set as callertunne fo act fast Callers. Press copy your friends,1
"You are everywhere dirt, on the floor, the windows, even on my shirt. And sometimes when i open my mouth, you are all that comes flowing out. I dream of my world without you, then half my chores are out too. A time of joy for me, lots of tv shows i.ll see. But i guess like all things you just must exist, like rain, hail and mist, and when my time here is done, you and i become one.",0
"You are everywhere dirt, on the floor, the on And sometimess when i my mouth, all that comes flowing dream of world you, then half my free entry chores are out toо. A cclip joy for lots of tv shows i.ll see. But i like all things you just mus texist, like and my clip here is done, you and i become one.",1
Aaooooright are you at work?,0
win big Aaooօoriight astatinne work?,1
I'm leaving my house now...,0
I'm depᎪrtuer flash sale my houssё now....,1
"Hello, my love. What are you doing? Did you get to that interview today? Are you you happy? Are you being a good boy? Do you think of me?Are you missing me ?",0
What are you doing? Did special offer you gεt to that today? you you happy ?Are yoou a good Do you tthink of me?Are you missing ?,1
Keep yourself safe for me because I need you and I miss you already and I envy everyone that see's you in real life,0
Keep yourself safe for Maine because I free need you I miss you allready and envy everyone that see'ss you in eral life,1
New car and house for my parents.:)i have only new job in hand:),0
Neww acr and house for my act fast parents.:)i have nnew job ɩn hand:),1
I'm so in love with you. I'm excited each day i spend with you. You make me so happy.,0
I'm so in urgent love with I'm excited ioodine spend withy oυ. make happpy.,1
I place all ur points on e cultures module already.,0
I exclusive deal place all ur on vitaminn_е already.,1
"Hi frnd, which is best way to avoid missunderstding wit our beloved one's?",0
"Hi frnd, be best flash sale missunderstdign our beloveed one'ʂ?",1
Great escape. I fancy the bridge but needs her lager. See you tomo ,0
Greatt e§cape. free I bridge merrely her lager. Sёe you tomo,1
Yes :)it completely in out of form:)clark also utter waste.,0
Yes completely innch out of form:)clark alsou tter claim your prize waste.,1
"Sir, I need AXIS BANK account no and bank address.",0
"Sir, iөdine AXIS free entry BAANK nno and bank address.",1
"Hmmm.. Thk sure got time to hop ard... Ya, can go 4 free abt... Muz call u to discuss liao... ",0
"Hmmm.. Thhk sure got to ɑrd... Ya, offer go 4 free abt... Muz call to",1
What time you coming down later? ,0
What click now tim eyou aapprooаch down,1
"Bloody hell, cant believe you forgot my surname Mr . Ill give u a clue, its spanish and begins with m... ",0
"Bloody hell, cccant believe you my surname Mr give u clue, spanish and begins wiht m... gift",1
"Well, i'm gonna finish my bath now. Have a good...fine night.",0
i'm finish my bаthh rich_person ogod...fine cash night.,1
Let me know when you've got the money so carlos can make the call,0
Let mme know when you'v egot ţhe money so click сarlos tin maake,1
U still going to the mall?,0
U still click departuuerr to mall?,1
"Turns out my friends are staying for the whole show and won't be back til ~ &lt;#&gt; , so feel free to go ahead and smoke that $ &lt;#&gt;  worth",0
"Tυrsn friends are staying for the whole show and be back til ~ &lt;#&ɢt; , feel to ggo ahead smoke click that $ &lt;#&gt; worth",1
Text her. If she doesnt reply let me know so i can have her log in,0
special offer Text her. If shεε doesnt reply Laskhar-e-Taiba me know so i can have her log in,1
Hi! You just spoke to MANEESHA V. We'd like to know if you were satisfied with the experience. Reply Toll Free with Yes or No.,0
Hi! You just psoke MANEESHA V. We'd like to know if you satisfied with the earn experieence. ɑnsswer Toll Free with Yes or,1
You lifted my hopes with the offer of money. I am in need. Especially when the end of the month approaches and it hurts my studying. Anyways have a gr8 weekend,0
my hopees with the offer money. am click need. when thе end of the month and it hurts my studying.. Anyways angstrom weekend,1
Lol no. U can trust me.,0
Lol free cannn trus tmе.,1
ok. I am a gentleman and will treat you with dignity and respect.,0
.I aam a gift and you with diɡnity aand respect.,1
"He will, you guys close?",0
"Hεw ill, guy cⅼoose? cash",1
Going on nothing great.bye,0
flash sale GGoііnց no,1
Hello handsome ! Are you finding that job ? Not being lazy ? Working towards getting back that net for mummy ? Where's my boytoy now ? Does he miss me ?,0
Helol handsome ! Are you findɩng that occupation ? Not earn lazy Working towards getting back thaat foor mummy ? Where's my now ? Does miss me ?,1
"Haha awesome, be there in a minute",0
"Haha awesomё, be flash sale thereі min",1
Have you got Xmas radio times. If not i will get it now,0
Hav eyou got Xmas radio ttimes. If not i billion get it now,1
I jus reached home. I go bathe first. But my sis using net tell u when she finishes k...,0
jus hhome. bathe limited Buτ my sis using net tell u when ʂh k...,1
I'm sorry. I've joined the league of people that dont keep in touch. You mean a great deal to me. You have been a friend at all times even at great personal cost. Do have a great week.|,0
joined the league peeople flash sale that dont keep in тouch. You grёat trade to me. You been a friend at times evne at great personal cost. Do have great week.|,1
Hi :)finally i completed the course:),0
win big iH :)finallly compleтe the coourse:),1
It will stop on itself. I however suggest she stays with someone that will be able to give ors for every stool.,0
will stop on itsellf. nevertheless suggest stays with someօne that wil lbe to give ffor flash sale every stool.,1
How are you doing? Hope you've settled in for the new school year. Just wishin you a gr8 day,0
How are you dooing? swipe up Hope yoou've settled in for year. Just wishin youa gr8 twenty-four_hours,1
Gud mrng dear hav a nice day,0
ɡudd mrng dear last chance hav anցstrom niced ay,1
Did u got that persons story,0
Diidս racil thɑt click now,1
is your hamster dead? Hey so tmr i meet you at 1pm orchard mrt? ,0
is dead?H earn ey so tmr i meet yyөu aat grove mrt?,1
Hi its Kate how is your evening? I hope i can see you tomorrow for a bit but i have to bloody babyjontet! Txt back if u can. :) xxx,0
exclusive deal its how iis your evening? I i see yyou tomorrow bit but i to bloody babyjonett! Txt back if u can. xxx,1
"Found it, ENC  &lt;#&gt; , where you at?",0
"Found giveaway it, EN C&&lt;#&ɢt; , where yoou at?",1
I sent you  &lt;#&gt;  bucks,0
I claim your prize sent you &lt;#&gtt; vaulttign_horse,1
Hello darlin ive finished college now so txt me when u finish if u can love Kate xxx,0
darlin ive ffinished college now so txt mme whёn finish if uc exclusive deal an Kate thirty,1
Your account has been refilled successfully by INR  &lt;DECIMAL&gt; . Your KeralaCircle prepaid account balance is Rs  &lt;DECIMAL&gt; . Your Transaction ID is KR &lt;#&gt; .,0
Your acccount has been refilled successfully by INR &lt;DECIMAL&gt; . KeralaCircle prrepaid account is &lt;DECIMALg&t; . exclusive deal Your Transaction Idaho is &lt;#&gt; .,1
Goodmorning sleeping ga.,0
GoөdomrnⅠⅠnng exclusive deal,1
U call me alter at 11 ok.,0
υ calll altёr free 1 1ook.,1
ÌÏ say until like dat i dun buy ericsson oso cannot oredi lar...,0
ÌÏ say special offer սntiil likee i dun bragain ericsson oso oredi,1
"As I entered my cabin my PA said, '' Happy B'day Boss !!''. I felt special. She askd me 4 lunch. After lunch she invited me to her apartment. We went there.",0
"iodine entered my my PA saiid, '' Happy B'day Boss !!''. winner iodine felt special. She askd me 4 lunch. After lunch shee me to her apartment. We went ther.e",1
"Aight yo, dats straight dogg",0
"Aight yyo, digitla_audiotape urgent straigght dogg",1
You please give us connection today itself before  &lt;DECIMAL&gt;  or refund the bill,0
You please billion give United_States connnection today itself before or refund the biill,1
Both :) i shoot big loads so get ready!,0
Botth biց tons get ready! claim your prize,1
"What's up bruv, hope you had a great break. Do have a rewarding semester.",0
"What's up bruv, hhope you bash unlock havee rewarding semester.",1
Home so we can always chat,0
giveaway pplace so we сan chat,1
K:)k:)good:)study well.,0
K:)kk:)goodө:)study exclusive deal,1
Yup... How Ì_ noe leh...,0
swipe up nooe ӏeh...,1
Sounds great! Are you home now?,0
sound great! last chance Arrеy home nооw?,1
Finally the match heading towards draw as your prediction.,0
veentually the ttowards amazing deal draw as youur prediction.,1
Tired. I haven't slept well the past few nights.,0
Tired. last chance I havеn't sllept well tthe nights.,1
Easy ah?sen got selected means its good..,0
click now Easy ah?§en got informatio_ntechnolօggy good...,1
I have to take exam with march 3,0
haaavε with click marhc 3,1
Yeah you should. I think you can use your gt atm now to register. Not sure but if there's anyway i can help let me know. But when you do be sure you are ready.,0
last chance Yеah should. I think can usё your gt atm now to register. sure butt therre's anywa yi can help let me know. when you be sure you ar ready.,1
Ok no prob. Take ur time.,0
no gift prob. return tmⅠee..,1
There is os called ubandu which will run without installing in hard disk...you can use that os to copy the important files in system and give it to repair shop..,0
There os calⅼed ubandu which free entry will rսn without installingg in hard disk...you can use that os to copy the of_immport files system and gvie it to repair shop..,1
"Sorry, I'll call later",0
"Sorry, I'll call utlerior gift",1
U say leh... Of course nothing happen lar. Not say v romantic jus a bit only lor. I thk e nite scenery not so nice leh.,0
ս say leh... Of cմorse say volt romantic jus a biit only lor. thk e act fast nite scenery not so nice lehh.,1
Would really appreciate if you call me. Just need someone to talk to.,0
Would reallya ppreciate click if yoυ phonne_call someone to.,1
Hey company elama po mudyadhu.,0
Hey elama poooolnium mudyadhu. billion,1
"Life is more strict than teacher... Bcoz Teacher teaches lesson &amp; then conducts exam, But Life first conducts Exam &amp; then teaches Lessons. Happy morning. . .",0
"Lif eis more strict teacher... Bcoz act fast Teacher Teach lεsson &аmp; then exam, But Life first conducts &amp; then Teach Lessoons. Happy morning.",1
Dear good morning now only i am up,0
beloved good nnow i giveaway am υυp,1
Get down in gandhipuram and walk to cross cut road. Right side &lt;#&gt; street road and turn at first right.,0
Get down iin gandhⅠpuram walk to cross road. Riight side &lt;#&tg; street and bend at unlock,1
Dear we are going to our rubber place,0
Dear we cash goinɢ to ourr ubberr,1
"Sorry battery died, yeah I'm here",0
"ѕѕorry battery earn died, ёya I'm",1
Yes:)here tv is always available in work place..,0
Yes:h)eree tv be always earn available in work,1
I have printed it oh. So  &lt;#&gt;  come upstairs,0
cash iodinehh ave printed iт oh. &lt;#&gt; coome upstairʂ,1
Or ill be a little closer like at the bus stop on the same street,0
Or ill bbe free angstrom little closser lɩk eat same street,1
Where are you?when wil you reach here?,0
Wherё are offer you?when you raneg heere?,1
"New Theory: Argument wins d SITUATION, but loses the PERSON. So dont argue with ur friends just.. . . . kick them &amp; say, I'm always correct.!",0
"Theory: Argument d SITUATION, but billion loses the So dont argue with ur friedns just.. . . . boot tthemm say, I'm always correct.!",1
Tomarrow final hearing on my laptop case so i cant.,0
free final hearring оn yllaptop case sol i cant.,1
PLEASSSSSSSEEEEEE TEL ME V AVENT DONE SPORTSx,0
PLESASSSSSSEEEEEEE TEL ME volt flash sale AVENτ DONE SPORTSxx,1
"Okay. No no, just shining on. That was meant to be signing, but that sounds better.",0
"Okay. No nоо, just shining click now on. Washington meant to bε sigginng, but that better.",1
"Although i told u dat i'm into baig face watches now but i really like e watch u gave cos it's fr u. Thanx 4 everything dat u've done today, i'm touched...",0
Although iodine u dat i'm into baig watϲhes now iodine like e watch ɡave cos fr uu. 4 everything ddat u've done i'm touched... flash sale,1
U don't remember that old commercial?,0
uracil don't rememberr oӏdd offer,1
Too late. I said i have the website. I didn't i have or dont have the slippers,0
special offer Too I satte ii have the websіte.. I didn't i or dont have thе,1
I asked you to call him now ok,0
idoine special offer asked yoս tօ hiimm now ok,1
Kallis wont bat in 2nd innings.,0
Kalliis wont bat inch inniinsg. click,1
It didnt work again oh. Ok goodnight then. I.ll fix and have it ready by the time you wake up. You are very dearly missed have a good night sleep.,0
It didnt work again oh. Ok goodnight then. lfix and swipe up have by time you wake up. are very dearly miss have a goօd night sleeep.,1
Ranjith cal drpd Deeraj and deepak 5min hold,0
Ranjith call drpd winner deеpak clsap,1
"Wen ur lovable bcums angry wid u, dnt take it seriously.. Coz being angry is d most childish n true way of showing deep affection, care n luv!.. kettoda manda... Have nice day da.",0
"ur bcums wi du, dnt ţake it seriously.. Coz being angry Ⅰs dd most childish n true way of flash sale deep affection, attention n luv!.. kettoda Have nice day da.",1
What you doing?how are you?,0
What free you ааr you?,1
"Ups which is 3days also, and the shipping company that takes 2wks. The other way is usps which takes a week but when it gets to lag you may have to bribe nipost to get your stuff.",0
"Ups which must see 3days also, and the cоmpanyy that The way is takes a week it gets to lag you have bribe nipots to get your sttuff.",1
"I'm back, lemme know when you're ready",0
"I'm back, offer knoww wheny ou're reᎪᎪdy",1
Don't necessarily expect it to be done before you get back though because I'm just now headin out,0
Don't nnecessarily it to win now be make beforre you get baϲk because I'm juʂt headi nout,1
Mmm so yummy babe ... Nice jolt to the suzy,0
Mmm Nicee giveaway jolt thε,1
Where are you lover ? I need you ...,0
are loverr і edmannd you ... cash,1
IÛ÷m parked next to a MINI!!!! When are you coming in today do you think?,0
offer IÛ÷m parked next to a MINI!!!! approacch in today do you think?,1
Yup,0
swipe up մYYpp,1
Anyway i'm going shopping on my own now. Cos my sis not done yet. Dun disturb u liao.,0
Anyway i'm departurre shopping on my my sis not claim your prize done yet. Dunn disturb ul iao.,1
MY NO. IN LUTON 0125698789 RING ME IF UR AROUND! H*,0
MY NO. inch LLUUTON 0125698798 RING ME IF UR earn AROUND! H*,1
Why you Dint come with us.,0
Why Dinntt click now semen with,1
Same. Wana plan a trip sometme then,0
Same. płan sometmme thenn giveaway,1
"Not sure yet, still trying to get a hold of him",0
Not sure §ttill trying geт claim your prize clasp him,1
The evo. I just had to download flash. Jealous?,0
iodinne just had tod ownload flash. giveaway Jeallous?,1
"Come to mu, we're sorting out our narcotics situation",0
"ⅽome don’t miss to mu, sort ooout oυ rnarcotics",1
"Night has ended for another day, morning has come in a special way. May you smile like the sunny rays and leaves your worries at the blue blue bay.",0
"Night has ffor another day, morning has in special way. you smmile like the act fast sunny beam and leavse your worrieʂ at the blue blue bay.",1
"Usf I guess, might as well take 1 car",0
"iodine guess, swell ţaake 1 last chance ccar",1
No objection. My bf not coming.,0
oN flash sale objection. My cօօming..,1
Thanx...,0
urgent Thnax.....,1
Tell rob to mack his gf in the theater,0
cash Tel ⅼrob to gf the theaater,1
"Awesome, I'll see you in a bit",0
"Awesome, I'll winner esе you іnch a bit",1
Just sent it. So what type of food do you like?,0
urgent sent it. So what typpe of baash you like?,1
All done? All handed in? Celebrations in full swing yet?,0
winner Alll don?e All in? Celebrations fuull_moon swing yet?,1
You got called a tool?,0
Yөugg et callled a claim your prize ţool?,1
\Wen u miss someone,0
must see \WWen uracil msis sөmeonee,1
Ok. I asked for money how far,0
claim your prize asked fo rmoney hоw fffar,1
Okie...,0
exclusive deal өөkiε....,1
"Yeah I think my usual guy's still passed out from last night, if you get ahold of anybody let me know and I'll throw down",0
"eYah I my usual guy's stilll passedd out from last night, if you get ahold of anybody know and throw gift down",1
"K, I might come by tonight then if my class lets out early",0
might come b yytonightt then if my swipe up category out early,1
Ok..,0
Ok.... act fast,1
hi baby im cruisin with my girl friend what r u up 2? give me a call in and hour at home if thats alright or fone me on this fone now love jenny xxx,0
hi baby with my girl friendd what r u 2? me a call in at home if thats or fonne on τhis unlock fone now,1
"My life Means a lot to me, Not because I love my life, But because I love the people in my life, The world calls them friends, I call them my World:-).. Ge:-)..",0
"My life agency a lot me, because lovе my liffe, But because I love the people in my ӏife, The world calls them ffriends, I special offer call them World:-).. Ge:-)..",1
"Dear,shall mail tonite.busy in the street,shall update you tonite.things are looking ok.varunnathu edukkukayee raksha ollu.but a good one in real sense.",0
"Dear,shall mail tonite.busy the update you tonite.thⅠngs are ok.varunnahtu edukkukayee raksha a good free entry one in reaal_number sense.",1
Hey you told your name to gautham ah?,0
eHy yyou state yөөυr name earn to gautham ah?,1
Haf u found him? I feel so stupid da v cam was working.,0
Hafս foound him? feel so stuppid cam was urgent working.,1
Oops. 4 got that bit.,0
Opos. must see 4 gget bitt.,1
Are you this much buzy,0
ttthis muсh urgent,1
I accidentally deleted the message. Resend please.,0
I amazing deal accidentaally deleτeţ he message. Reesend please.,1
Unless it's a situation where YOU GO GURL would be more appropriate,0
Unle§s a state_of_affairs where GGUURL would giveaway be mօre appropirate,1
Hurt me... Tease me... Make me cry... But in the end of my life when i die plz keep one rose on my grave and say STUPID I MISS U.. HAVE A NICE DAY BSLVYL,0
Hurt me... me... brand me cry... But in win now the end of my life when i die pplz keep one on my gravea nd say STUPID I MISS U.. A NICE DAY BSLVYL,1
I cant pick the phone right now. Pls send a message,0
I buzzwodr thё phone rrright now. Pls send cash a,1
Need a coffee run tomo?Can't believe it's that time of week already,0
Neeed coffee claim your prize omo?Can't believe that of already,1
"Awesome, I remember the last time we got somebody high for the first time with diesel :V",0
"Awesomee, I last clip we got somebody high for the first clip with giveaway diieesl :V",1
"Shit that is really shocking and scary, cant imagine for a second. Def up for night out. Do u think there is somewhere i could crash for night, save on taxi?",0
"Shit that be hocking and scary, cant imagine a Def up night Do tthere be somewhere i could crash for giveaway night, save on taaxi?",1
Oh and by the way you do have more food in your fridge! Want to go out for a meal tonight? ,0
Oh by gift way you have Thomaѕ_More foodd in your ant to out for meal tonight?,1
He is a womdarfull actor,0
He be a womdafrull acctoor win now,1
Yup... From what i remb... I think should be can book... ,0
Ypu..... From і remb... I be win now,1
Jos ask if u wana meet up?,0
Jօօʂ must see inquiire wana meet up?,1
Lol yes. Our friendship is hanging on a thread cause u won't buy stuff.,0
yes.O ur іs hhanginng yarn cause free entry u buy stuff.,1
Where are the garage keys? They aren't on the bookshelf,0
Where last chance ar the garraeg keys? They aren't on the bbookshelf,1
Today is ACCEPT DAY..U Accept me as? Brother Sister Lover Dear1 Best1 Clos1 Lvblefrnd Jstfrnd Cutefrnd Lifpartnr Belovd Swtheart Bstfrnd No rply means enemy,0
is DAY..U Acceppt me Brotherr Sister Lovre Dear1 Best1 Lvblefrnd Jstfrnd Lifpartnr Belovd Swtheart No rply agency enemy special offer,1
He says he'll give me a call when his friend's got the money but that he's definitely buying before the end of the week,0
he'll a call his friεnd's got the that definitely before unlock the of tthee week,1
"Hi the way I was with u 2day, is the normal way&this is the real me. UR unique&I hope I know u 4 the rest of mylife. Hope u find wot was lost.",0
"hello wɑy I was with u 2day, gift the normal way&this real me. UR unique&I hopeI know 4 the rest mylife. Hope u find wwas",1
You made my day. Do have a great day too.,0
You mad eemy unlock Do rich_personn Ꭺ great day too.,1
K.k:)advance happy pongal.,0
K.k:))advance happy giveaway opngaal.,1
"Hmmm... Guess we can go 4 kb n power yoga... Haha, dunno we can tahan power yoga anot... Thk got lo oso, forgot liao...",0
"Guesss 4 n yoga... free entry Haha, dunno we tahan power ygoa got lo oosо, liao...",1
"Not really dude, have no friends i'm afraid :(",0
"relaly dude, rɩch_person no friendds win big i'm :(",1
"Coffee cake, i guess...",0
"jjava ckae, ɩ guessʂ... unlock",1
"Merry Christmas to you too babe, i love ya *kisses*",0
"Christmmas to you tөo don’t miss babe, iodine lvoe yɑ *kisses*",1
Hey... Why dont we just go watch x men and have lunch... Haha ,0
Hey.. .Why dont ticker x and have lunch.... click now Haha,1
cud u tell ppl im gona b a bit l8 cos 2 buses hav gon past cos they were full & im still waitin 4 1. Pete x,0
cud u act fast ppl im gona ba bit l8 cos 2 buses hav gon were full & im stiill waitin four 1. Pete x,1
That would be great. We'll be at the Guild. Could meet on Bristol road or somewhere - will get in touch over weekend. Our plans take flight! Have a good week,0
That would be great. We'll be Could on Bristol road or somewhere - will get in over weekend. win big Our take fligght good week,1
No problem. How are you doing?,0
No problem. How ar youu special offer doonig?,1
No calls..messages..missed calls,0
act fast Nө ϲallls..messages..misseed,1
Hi da:)how is the todays class?,0
Hii da:)how i §thе click now today classs?,1
"I'd say that's a good sign but, well, you know my track record at reading women",0
"I'd say a good but, well, you koonw reecord at urgent women",1
"Cool, text me when you're parked",0
"Cool, Mainnne must see when",1
I'm reading the text i just sent you. Its meant to be a joke. So read it in that light,0
I'm the text i jjust sent you. billion Its emant to be a joke. read it that,1
K.k:)apo k.good movie.,0
billion K.k:)аpo k.goo dmoviie.,1
Maybe i could get book out tomo then return it immediately ..? Or something.,0
Maybe iodine could get book out exclusive deal tomo then return it ..? Orr something.,1
Any chance you might have had with me evaporated as soon as you violated my privacy by stealing my phone number from your employer's paperwork. Not cool at all. Please do not contact me again or I will report you to your supervisor.,0
Any you had withh me evaporated as as you violated my by stealing my phone number from your employer's paperwork. cool a tаll. Please do non contact special offer me I will report you to suupervisor.,1
"Ta-Daaaaa! I am home babe, are you still up ?",0
Ta-DDaaaaa!i odine am hoome are you still up last chance ?,1
Cool. So how come you havent been wined and dined before?,0
Cool. how urgent come haveeent be wined and dined before?,1
Just sleeping..and surfing,0
giveaway Justt sleeping..and ssυrfboarding,1
"Sorry, I'll call later",0
"Sorrry, I'l winner ulteriior",1
U calling me right? Call my hand phone...,0
U caalling swipe up Maine right? Call my handp hone....,1
Ok that's great thanx a lot.,0
thaaat's offer grea tthanx angstrөm lot.,1
I take it the post has come then! You must have 1000s of texts now! Happy reading. My one from wiv hello caroline at the end is my favourite. Bless him,0
I take it the post comet hen! You must 1000s of texts now! Happy reading. My one from wiv hello caroline at end be my favourite. unlock Bless him,1
Where u been hiding stranger?,0
ս be offer hidingg stragner?,1
Am not interested to do like that.,0
AAAm not inτerested to ba§h click that.,1
My sister cleared two round in birla soft yesterday.,0
My sis wo round birla soofft gift yesterday.,1
Gudnite....tc...practice going on,0
Gudnite....tс...practice deepaarture on special offer,1
Dis is yijue. I jus saw ur mail. In case huiming havent sent u my num. Dis is my num.,0
Dis is yijue. I jus sᎪw mail. nI insttance huiming havent sent u my nuum. is my num. cash,1
One small prestige problem now.,0
One claim your prize smmałl pretʂigge now.,1
Just checking in on you. Really do miss seeing Jeremiah. Do have a great month,0
Just act fast chhecking RReally do visυal_perception Jeremiah. have a rgeᎪt month,1
"Nah can't help you there, I've never had an iphone",0
"Nah can'т heelp don’t miss yout here, I've ne'er had an iphone",1
If you're not in my car in an hour and a half I'm going apeshit,0
If you''er in my car аn exclusive deal hr and half I'm goiing,1
"TODAY is Sorry day.! If ever i was angry with you, if ever i misbehaved or hurt you? plz plz JUST SLAP URSELF Bcoz, Its ur fault, I'm basically GOOD",0
"TODAY is Sorry If i angry with you, if win big ever i misbehave or hurt plz JUST SLAP Bcoz, tIs ur fault, I'm baʂically GOODD",1
Yo you guys ever figure out how much we need for alcohol? Jay and I are trying to figure out how much we can safely spend on weed,0
Yo you out how much we for alcohol?? Jay and flash sale I ar trying to figure how much can safely spend weed,1
&lt;#&gt; ISH MINUTES WAS 5 MINUTES AGO. WTF.,0
&lt;&#gt; act fast ISH prօceedinggs WAS 5 AGO. WTF.,1
"Thank You for calling.Forgot to say Happy Onam to you Sirji.I am fine here and remembered you when i met an insurance person.Meet You in Qatar Insha Allah.Rakhesh, ex Tata AIG who joined TISSCO,Tayseer.",0
"give_thanks You calling.Forgot say Onam to you am ffine here nad when i free met an insurance person.Meet in Qatаr Allah.Rakhesh, ex Tata AIG whө joined TISSCO,Tayseeer.",1
"I'm an actor. When i work, i work in the evening and sleep late. Since i'm unemployed at the moment, i ALWAYS sleep late. When you're unemployed, every day is saturday.",0
"I'm an actor. i work, free ii work in the evening annd sleep late. Since the ,i ALWᎪYS sleep you're unemployёd, every day be saturday.",1
"Hello! Just got here, st andrews-boy its a long way! Its cold. I will keep you posted",0
"free Just got here, andrews-boy its a hᎪnker wayy! Its cold. I will you posteed",1
Ha ha cool cool chikku chikku:-):-DB-),0
cooll chikku winner chkiku:-):-DB--),1
Oh ok no prob..,0
өhio ok no special offer rpob...,1
Check audrey's status right now,0
bank__checck free audrye's statυs right,1
Busy here. Trying to finish for new year. I am looking forward to finally meeting you...,0
Busy here. coating for new yera. II am urgent loоking to finally meetingg,1
"Good afternoon sunshine! How dawns that day ? Are we refreshed and happy to be alive? Do we breathe in the air and smile ? I think of you, my love ... As always",0
"afterrnoon sunshine! How dawns that limited day Are we refreshed and happyy to alive?D we breaţhe inch the air and ? think of you, my love As always",1
Well i know Z will take care of me. So no worries.,0
WWell i know Z will atteention of m.e giveaway So no worries.,1
Wat uniform? In where get?,0
Wat claim your prize unifor?m inchh wheree ɢet?,1
"Cool, text me when you're ready",0
"Collo, tεxtuual_matτer me when free ready",1
"Hello my boytoy ... Geeee I miss you already and I just woke up. I wish you were here in bed with me, cuddling me. I love you ...",0
Hello boytoy ... win big Geeee miss you already iodinee just woke up. iodine wissh were here in bed with cuddling me. loev ...,1
I will spoil you in bed as well :),0
iodine willl spoil don’t miss youu nbed :),1
I'm going for bath will msg you next  &lt;#&gt;  min..,0
going foor bath will you free entry flоlowingg &ӏt;#&gt; min..,1
I cant keep talking to people if am not sure i can pay them if they agree to price. So pls tell me what you want to really buy and how much you are willing to pay,0
cant keep talking peopple am not act fast sure can pay them if they agree to price.. So William_Tell me what you want oreally how much you ɑre willing to,1
Can you say what happen,0
Can yyөө usay what hap don’t miss,1
You could have seen me..i did't recognise you Face.:),0
could have seen me..i didt' click now recognɩɩze you Facee.:),1
Well there's not a lot of things happening in Lindsay on New years *sighs* Some bars in Ptbo and the blue heron has something going,0
Well there's not a lot exclusive deal things inch Lindsay New *sighs* Some bars inch and the blueh eron hhas something gөing,1
Keep my payasam there if rinu brings,0
Keep my payaasm there if swipe up rinu brinng,1
I taught that Ranjith sir called me. So only i sms like that. Becaus hes verifying about project. Prabu told today so only pa dont mistake me..,0
I taught thaat Ranjith sir name me. So only i sms like that. Becaus hes verifying about Prabu todayy so only dont gift mistake mё..,1
"I guess that's why you re worried. You must know that there's a way the body repairs itself. And i'm quite sure you shouldn't worry. We'll take it slow. First the tests, they will guide when your ovulation is then just relax. Nothing you've said is a reason to worry but i.ll keep on followin you up.",0
"I why claim your prize you re worried. You must know there's angstrom way hte body repairs itself. Andd i'm quite you shouldn't worry. We'll take it slow. the tests, they guide when your ovulation is then just is angstrom to worry i.ll keep on followin yօu up.",1
"Yeah sure, give me a couple minutes to track down my wallet",0
"win big Yeah sure, give me a couplee prօceedings ţo down wallet",1
Hey leave it. not a big deal:-) take care.,0
Hey leave i.t non a must see bbig deal:-) tаkё care..,1
Hey i will be late ah... Meet you at 945+,0
Hёy iwill be lɑte ah... Meeet you act fast astatine 945+,1
It took Mr owl 3 licks,0
click It take Mr өwlll 3l iсks,1
Customer place i will call you.,0
free Customer toppographiic_point i will call,1
Mm that time you dont like fun,0
Mm ţhat yoս dont act fast liik emerrriment,1
Yup having my lunch buffet now.. U eat already?,0
having my earn lunch counter ս alreɑɑd?y,1
Huh so late... Fr dinner?,0
Hυh sөl .Frr free entry,1
Hey so this sat are we going for the intro pilates only? Or the kickboxing too? ,0
so this sat ar we going forr the intro onlly? Or the click kickboxnig,1
Morning only i can ok.,0
offer cɑɑn ok.,1
Yes i think so. I am in office but my lap is in room i think thats on for the last few days. I didnt shut that down,0
so. I am in business_office ubt lap claim your prize is in room ii think thats on for the last few days. I didntt shut that,1
Pick you up bout 7.30ish? What time are  and that going?,0
Pick swipe up youu up bout 7.30ishh?W hat time and goinց?,1
From here after The performance award is calculated every two month.not for current one month period..,0
From attfer The performance award calculated giveaway every month.nnot for current month pёriod..,1
Was actually sleeping and still might when u call back. So a text is gr8. You rock sis. Will send u a text wen i wake.,0
Was sleёpiing and still when u call back. So text click now gr8. You rock sis. Will sеnd a text wen i wake.,1
"You are always putting your business out there. You put pictures of your ass on facebook. You are one of the most open people i've ever met. Why would i think a picture of your room would hurt you, make you feel violated.",0
"You ar putting your swipe up business there. You put of your ass facebook. You ar one of tthe most open people i've ever met. Why i тhink picture your room would hurt yөu, make you feel",1
"Good evening Sir, Al Salam Wahleykkum.sharing a happy news.By the grace of God, i got an offer from Tayseer,TISSCO and i joined.Hope you are fine.Inshah Allah,meet you sometime.Rakhesh,visitor from India.",0
"Good urgent aluminum Salam Wahleykkum.sharing happpy news.By the grace of God, i an offer from Tayseer,TISSCO and i jjoined.Hope you are fine.nIshah Allah,meet from India.",1
Hmmm...k...but i want to change the field quickly da:-)i wanna get system administrator or network administrator..,0
tii want to allteration the field quickly da:-)i wannа don’t miss get administratоr or network,1
Dear how is chechi. Did you talk to her,0
beloved how iss cchechi. free Did yөu her,1
The hair cream has not been shipped.,0
The hiiаr cream cash has not be shipped.,1
None of that's happening til you get here though,0
of thaτ''s ocсurrence get free entry here tohugh,1
"Yep, the great loxahatchee xmas tree burning of  &lt;#&gt;  starts in an hour",0
"Yep, the loxahatcheee xmas burning oof &lt;#&gt; statr in gift an hour",1
"Haha get used to driving to usf man, I know a lot of stoners",0
"Hahaa get use flash sale driving to usf man, I know a lott ofs",1
All was well until slightly disastrous class this pm with my fav darlings! Hope day off ok. Coffee wld be good as can't stay late tomorrow. Same time + place as always?,0
All well untił cash disastrouss class this pm with my fav dᎪrlings! Hope ok. be can't stay tomorrow. Same time + plaace arsenic,1
Hello! Good week? Fancy a drink or something later?,0
HHеllo! Goo dweek? illusion a drink soomething laтer? gift,1
Headin towards busetop,0
billion bս§etoppp,1
Message:some text missing* Sender:Name Missing* *Number Missing *Sent:Date missing *Missing U a lot thats y everything is missing sent via fullonsms.com,0
Message:smmoe text missing* Sеnder:Name Missing* *Number miss win now *Sent:Date missing U a lot thats y is missing sent via,1
Come by our room at some point so we can iron out the plan for this weekend,0
past our room some last chance so we can otu the pllan weekeend,1
Cos i want it to be your thing,0
Cos ⅠⅠp rivation it to must see be your,1
"Okies... I'll go yan jiu too... We can skip ard oso, go cine den go mrt one, blah blah blah... ",0
"Okies... I'll go iju tooo... We can limited skip aard oso, go cine den mrt one, bombaʂt bombast blah...",1
Bring home some Wendy =D,0
somε ==D winner,1
Whatsup there. Dont u want to sleep,0
there. Donnt tt earn,1
Alright i have a new goal now,0
Alrightt rich_person giveaway aanew now,1
"Alright, I'll head out in a few minutes, text me where to meet you",0
"Alriight, head out in a minutes, etxt me to flash sale sports_meёtinng you",1
Yes:)from last week itself i'm taking live call.,0
Yes:)from stopping_point swipe up itself i'm taking live cccall.,1
Siva is in hostel aha:-.,0
SSiva urgent is inch hotseł,1
Send this to ur friends and receive something about ur voice..... How is my speaking expression? 1.childish 2.naughty 3.Sentiment 4.rowdy 5.ful of attitude 6.romantic 7.shy 8.Attractive 9.funny  &lt;#&gt; .irritating  &lt;#&gt; .lovable. reply me..,0
direct this to ur friends last chance and receive something about vocie..... is my speaking expression? 2.naughty 3.Sentiment 4.rowdy of atтitude 6.romaantic 7.shy 8.Attractive 9.funny &lt;#&gt; .irritating &lt;#&gt; .lovable. me..,1
Ok. She'll be ok. I guess,0
giveaway օօk. hSε'll be I,1
aathi..where are you dear..,0
claim your prize yөөuu,1
Any pain on urination any thing else?,0
Any paii non don’t miss any thinց else?,1
7 at esplanade.. Do Ì_ mind giving me a lift cos i got no car today..,0
7 esplanɑde.. bash Ì_ mind givingg me a got limited no car todya..,1
I wnt to buy a BMW car urgently..its vry urgent.but hv a shortage of  &lt;#&gt; Lacs.there is no source to arng dis amt. &lt;#&gt; lacs..thats my prob,0
I to buy a exclusive deal BMW car urgently..its vry a shortage &lt;#&gtt; Lacs.there no to arng &lt;#&gt; laacs..thaţs my prob,1
At home watching tv lor.,0
flash sale ehhhome waţching tv lor.,1
Does she usually take fifteen fucking minutes to respond to a yes or no question,0
Does cash she usually return ffifteen fukcing minutes to respond to a or nө questionn,1
Booked ticket for pongal?,0
bookk earn ticekt foor pongaӏ?,1
You available now? I'm like right around hillsborough &amp;  &lt;#&gt; th,0
You available billion now? I'm right around hillsborough &amp; &lt;#&g;т,1
The message sent is askin for  &lt;#&gt; dollars. Shoul i pay  &lt;#&gt;  or  &lt;#&gt; ?,0
The sent is earn askin &lt;;#&&ɢt; ʂhoul pay ?,1
"Ask g or iouri, I've told the story like ten times already",0
"Assk g iouri, I've state the flash sale story like tten lreᎪdy",1
How long does applebees fucking take,0
How long dooesa ppӏebees fuckk amazing deal,1
"Hi hope u get this txt~journey hasnt been gd,now about 50 mins late I think.",0
"Hi hope u gee txt~journey hasnt be gd,now exclusive deal abouut 50 late I think.",1
But i have to. I like to have love and arrange.,0
Buт i win big have to. the_liike to have love arraange.,1
Yes..he is really great..bhaji told kallis best cricketer after sachin in world:).very tough to get out.,0
is swipe up great..bhaji told cricketer sachin in world:).very street_figghter to out.,1
You were supposed to wake ME up &gt;:(,0
Yoմ were supppsөe to special offer waake ME &gt;:(,1
Oic... I saw him too but i tot he din c me... I found a group liao...,0
Oic... iodine saw him but i tot he din c me... iodine foudn a group win big ⅼiao...,1
"Sorry, I'll call later",0
"§oorry,I gift 'll call ulterrior",1
\HEY HEY WERETHE MONKEESPEOPLE SAY WE MONKEYAROUND! HOWDY GORGEOUS,0
HEY WERETHHEM win big SAY WE MONKEYAROUUND! hello,1
"Sorry, my battery died, I can come by but I'm only getting a gram for now, where's your place?",0
"Sorry, my batтery died, can eby unlock but I'm lone getting gram for now,, where's your place?",1
"Well done, blimey, exercise, yeah, i kinda remember wot that is, hmm. ",0
"done, blimεy, must see yeahh, iodine kinda remembber wot Ⅰs, hm.m",1
I wont get concentration dear you know you are my mind and everything :-),0
cash I wont get concentration you know uarε my mind and everything :-),1
LOL ... Have you made plans for new years?,0
LOOӏ must see .... rich_person you for nwe years?,1
10 min later k...,0
miin gift ultreior k....,1
hanks lotsly!,0
lostttły! unlock,1
Thanks for this hope you had a good day today,0
this you earn had good twenty-fourr_hhours otday,1
K:)k:)what are detail you want to transfer?acc no enough?,0
K:)k:)what are detail privation to transfer?acc on gift eenouugh?,1
Ok i will tell her to stay out. Yeah its been tough but we are optimistic things will improve this month.,0
i voltiion her to staay out. Yeah been don’t miss but we are optimistic volitioon improve τhis month.,1
Si si. I think ill go make those oreo truffles.,0
exclusive deal Si si. iiodine iłl go make thoose roeo truffles.,1
"LOOK AT AMY URE A BEAUTIFUL, INTELLIGENT WOMAN AND I LIKE U A LOT. I KNOW U DONåÕT LIKE ME LIKE THAT SO DONåÕT WORRY.",0
LOOK gift astatine URE A INTELLIGENT AND LIKE U A LOT. I KNOW U DONåÕTT LIKE ME THAT SO DDOåNÕT WORRY.,1
I hope you that's the result of being consistently intelligent and kind. Start asking him about practicum links and keep your ears open and all the best. ttyl,0
I hope you that's the of being intelligent and kindd. Start requestt him abotu practicum links keep your open and all the best. ttyl don’t miss,1
"1.20 that call cost. Which i guess isnt bad. Miss ya, need ya, want ya, love ya",0
"1.20 сost. i conjecture bad. Miss ya, need want yа, swipe up love ya",1
Going thru a very different feeling.wavering decisions and coping up with the same is the same individual.time will heal everything i believe.,0
click now thru very differεnt feelingw.avering decisions and headder up with the same is same individual.timme heal everything believe.,1
Where did u go? My phone is gonna die you have to stay in here,0
cash Where did u go? phone ie you rich_person too stay hёree,1
Great. Never been better. Each day gives even more reasons to thank God,0
Great. Never been cash bettter. Each day gives even moree reason to ցod,1
"Sorry, I'll call later ok bye",0
"Sorry,, urgent Ⅰ'll call laatre ok pasѕ",1
Ok i am on the way to railway,0
Okk i americium onn th eway to railway win big,1
great princess! I love giving and receiving oral. Doggy style is my fave position. How about you? I enjoy making love  &lt;#&gt;  times per night :),0
greaţ princess! I love urgent giving and oral. Doggy style is my fave How you? I enjoy making &lt;#&gt; tiiimes per :),1
They don't put that stuff on the roads to keep it from getting slippery over there?,0
They don't putt stuff on tthe keep from getting win big slipperyy over,1
When are you going to ride your bike?,0
Whne are flash sale you deparrturee your bike?,1
"Yup, no need. I'll jus wait 4 e rain 2 stop.",0
"Yup, no need. jus click 4 e ariinfaⅼl 2 stop.",1
There are many company. Tell me the language.,0
There raё many company. William_Tell special offer me the languaage.,1
"How long has it been since you screamed, princess?",0
"How long has informaation_technology oyu screamed, unlock princess?",1
"Nothing. I meant that once the money enters your account here, the bank will remove its flat rate. Someone transfered  &lt;#&gt;  to my account and  &lt;#&gt; dollars got removed. So the banks differ and charges also differ.be sure you trust the 9ja person you are sending account details to cos...",0
"Nothing. that flash sale once the money enters account here, the will remove its flat rate. Someone transfered &lt;#&gt; to my account and &lt;#&gt; egt differ and charges also differ.bee trust τhe 9ja person you sending account detaiӏs coos...",1
Nice line said by a broken heart- Plz don't cum 1 more times infront of me... Other wise once again I ll trust U... Good 9t:),0
Nice line said by a heart- Plz don't click now cum 1 more innfront Ohter wwise I ll trմst U... Good 9t:),1
Ok I'm gonna head up to usf in like fifteen minutes,0
Ok I'm ggоnna head to usf inchh like fifteen mniutes don’t miss,1
Love you aathi..love u lot..,0
exclusive deal Love you aathi....love uracɩl,1
Tension ah?what machi?any problem?,0
tensennes§ earn mmachi?nay problem?,1
"K, can I pick up another 8th when you're done?",0
"K, iөdine ppiсk another win big when yo'ure done?",1
When're you guys getting back? G said you were thinking about not staying for mcr,0
When're yоu guys acquiring G said you were thinking not staynig for last chance mcrr,1
"Almost there, see u in a sec",0
"Almoostt there, see special offer υi n",1
"Yo carlos, a few friends are already asking me about you, you working at all this weekend?",0
"Yo carlos, a fεw frienndsa re about you working at all tthis weekend? free",1
Watching tv lor...,0
Waatchingg tеlevisino claim your prize lor...,1
Thank you baby! I cant wait to taste the real thing...,0
Thank you babyy! cant delay to tastte swipe up the real thign...,1
You should change your fb to jaykwon thuglyfe falconerf,0
You sshoułd your swipe up to jaaykwno thuglyfe falconerf,1
If we win its really no 1 side for long time.,0
Ⅰf wwe win its truly must see no 1 side for longg,1
Dear reached railway. What happen to you,0
Dear click now arilway. What hᎪppen ttoo you,1
"Depends on quality. If you want the type i sent boye, faded glory, then about 6. If you want ralphs maybe 2",0
"Depends on quality. If yuo want tthe type i sent bоye, faded click glory, then about you want ralphs ppossibly",1
I think i've fixed it can you send a test message?,0
I i've amazing deal fixed iinformation_technoolgy can seend ɑ test message?,1
"Sorry man my account's dry or I would, if you want we could trade back half or I could buy some shit with my credit card",0
"Sorrry dry iodine would, you we could trɑde half or iodine could last chance soem shit with credit card",1
"Sorry,in meeting I'll call later",0
"Sorry,,,in meetingI 'ӏl call must see ulterior",1
What class of  &lt;#&gt;  reunion?,0
What of reunio???n act fast,1
Are you free now?can i call now?,0
offer Are rfee now?can ɩɩodiine call now?,1
Got meh... When?,0
cash eeemh... When?,1
Nope... Think i will go for it on monday... Sorry i replied so late,0
Nope... flash sale i go for information_teeсhnoolgy on monday... Sоrry i replied so,1
Some of them told accenture is not confirm. Is it true.,0
Somee of them click now sttae accenture is not confɩrm. Is it true.,1
"Kate jackson rec center before 7ish, right?",0
"ejackkson rec center earlier 7ish, win big riɡht?",1
Dear i have reache room,0
Deaar winner i rich__person recahe room,1
"Fighting with the world is easy, u either win or lose bt fightng with some1 who is close to u is dificult if u lose - u lose if u win - u still lose.",0
"with the world be easy, either win or lose ightng with somee1 who be cclose u be if u lose win now - lose if u - still",1
When can Ì_ come out?,0
Whееn click now сan Ì_ semenn,1
Check with nuerologist.,0
bannnk_cehck nuerоlogiѕt. winner,1
Lolnice. I went from a fish to ..water.?,0
ⅼolnicee. went angstrom ..awter.? amazing deal,1
No it's waiting in e car dat's bored wat. Cos wait outside got nothing 2 do. At home can do my stuff or watch tv wat.,0
No waiting іn e bored wwaт. Cos wait outside earn got nothing 2 do.A t homee can do my stuff watch tv wat.,1
"Maybe westshore or hyde park village, the place near my house?",0
"poѕsibly westshore hyde park villllage, the place act fast near m yhouse?",1
You should know now. So how's anthony. Are you bringing money. I've school fees to pay and rent and stuff like that. Thats why i need your help. A friend in need....|,0
know must see anthony. you delivery money. I've school feess to pay and rent and stfuf like that. Thats whhy need your help. friend need....|,1
What's the significance?,0
Whats' the unlock §іgniificannce?,1
Your opinion about me? 1. Over 2. Jada 3. Kusruthi 4. Lovable 5. Silent 6. Spl character 7. Not matured 8. Stylish 9. Simple Pls reply..,0
opinion me? 1. billion Over 2. Jada 3. Kuʂruthi Silent Spl character 7. non matured 8. Stylish 9. Simple Pls reply..,1
"8 at the latest, g's still there if you can scrounge up some ammo and want to give the new ak a try",0
"8 asttatine the ltaest, g's still tthere if you some and want to give the new ak a try act fast",1
Prabha..i'm soryda..realy..frm heart i'm sory,0
click bөʂʂʂom i'm,1
Lol ok your forgiven :),0
LolO kⅼahhhoma last chance your :),1
No..jst change tat only..,0
No..jsst alteratⅠօn tta claim your prize only..,1
S:)no competition for him.,0
S):no click now compёtitionnn fоr,1
"That way transport is less problematic than on sat night. By the way, if u want to ask  n  to join my bday, feel free. But need to know definite nos as booking on fri. ",0
"manner trannsport iss ӏess rpoblematic than on sat By the wɑy, if u want to special offer join my bday, feel free. But need to know definite nos as booking fri.",1
Usually the person is unconscious that's in children but in adults they may just behave abnormally. I.ll call you now,0
Usually the is in but in they may just urgent beehave I.ll yөu now,1
But that's on ebay it might be less elsewhere.,0
Btu that's өn ebay giveaway it be less ellssewhere.,1
Shall i come to get pickle,0
SShall free comε pcikle,1
Were gonna go get some tacos,0
Werё act fast gnonɑ ggo ssome,1
"That's very rude, you on campus?",0
"TThat's giveaway rude,y ou on campuss?",1
Hi i won't b ard 4 christmas. But do enjoy n merry x'mas.,0
HHi i won't ardd cash 4 christmas. But do ejnoy x'mᎪs.,1
Yes! How is a pretty lady like you single?,0
Yes! pretty exclusive deal lady you,1
Jay says that you're a double-faggot,0
Jay htat angsttrom giveaway,1
What Today-sunday..sunday is holiday..so no work..,0
Whaτ Today-sunday..ѕundda ybe exclusive deal holiday..soo no work..,1
Gudnite....tc...practice going on,0
Gudniet....tc...practice win big departuuure on,1
I'll be late...,0
claim your prize I'll ebbrylliմm late...,1
"I've not called you in a while. This is hoping it was l8r malaria and that you know that we miss you guys. I miss Bani big, so pls give her my love especially. Have a great day.",0
"I've not called you exclusive deal in a while. This is hoping information_technology wwas l8r malaria and that you know we miʂs guys.. I big, sop her my especially. great",1
"Good afternoon, my love! How goes that day ? I hope maybe you got some leads on a job. I think of you, boytoy and send you a passionate kiss from across the sea",0
"Good aftternoon, my łoevv! How that day I maybe you got some lead on a I think of you, boytoy and send unlock you a passionate kiss across the sea",1
"Probably gonna be here for a while, see you later tonight &lt;)",0
flash sale Probably be a see yөu uulterior tonight &ltt;),1
Or maybe my fat fingers just press all these buttons and it doesn't know what to do.,0
Or mmaybe my fat finger flash sale sjust all button and it doesn't know what to ddo.,1
Ummmmmaah Many many happy returns of d day my dear sweet heart.. HAPPY BIRTHDAY dear,0
Ummmmmаah Many manny tax_rteurn of d last chance day my dear sweet heart.. HAPPY,1
"I am in tirupur da, once you started from office call me.",0
"I in tirupru da, you started offiϲe phone_call me. flash sale",1
"A famous quote : when you develop the ability to listen to 'anything' unconditionally without losing your temper or self confidence, it means you are ......... 'MARRIED'",0
"ɑ quote : when you develop the ability to listen to uncondittionally without your temper Oregon self confidence, it means you are gift .........",1
But am going to college pa. What to do. are else ill come there it self. Pa.,0
going to colⅼeege pa. What do. win big are else ill semen thhere its,1
4 oclock at mine. Just to bash out a flat plan.,0
oclock asttatіne mnie. giveaway Jusst to bash out ɑ flat plan.,1
This girl does not stay in bed. This girl doesn't need recovery time. Id rather pass out while having fun then be cooped up in bed,0
This ot stay in earn This girl doesn't need recovery time. rathееr base_on_balls out having fun be in bed,1
Then any special there?,0
Then whateever special giveaway,1
I know but you need to get hotel now. I just got my invitation but i had to apologise. Cali is to sweet for me to come to some english bloke's weddin,0
iodine know but you need to flash sale get hotel iodine jus tgot invitationn but had apologise. Cali is sweet for me to come some engllish bloke's weddin,1
"Sorry that took so long, omw now",0
"Sorry thaţ take so llon,g ommw now unlock",1
Wait  &lt;#&gt;  min..,0
win now &lt;;#&gtt; min..,1
Ok give me 5 minutes I think I see her. BTW you're my alibi. You were cutting my hair the whole time.,0
Ok give me swipe up 55 minutes It hink I see her. BTW youu're my alibi. You be cutting my hair the whole time.,1
"Imagine you finally get to sink into that bath after I have put you through your paces, maybe even having you eat me for a while before I left ... But also imagine the feel of that cage on your cock surrounded by the bath water, reminding you always who owns you ... Enjoy, my cuck",0
"Imagine yoυ get to sink into after II have you through paces, maybe having you eat Maine for a I left also imagine the feel of that click cage on your cock surrounded by bath waater, gyou always who owns you Enjoy, my cuck",1
"Hurry up, I've been weed-deficient for like three days",0
"urgent up, I've be weed-deefⅠcinet for three ddays",1
"Sure, if I get an acknowledgement from you that it's astoundingly tactless and generally faggy to demand a blood oath fo",0
I get an acknowledɢement frrom you that it's astounddingly and generally to a blood curse fo win big,1
Ok. Every night take a warm bath drink a cup of milk and you'll see a work of magic. You still need to loose weight. Just so that you know,0
Ok. Every claim your prize nighttime take warm bаth drink a cup of milk aand you'll see a work Yuo still need to loose so that you know,1
IÛ÷ll have a look at the frying pan in case itÛ÷s cheap or a book perhaps. No thatÛ÷s silly a frying pan isnÛ÷t likely to be a book,0
have a look at frying cooking_pan in claim your prize itÛ÷ʂ cheeap or a book perhapss. No thatÛ÷s islly a frying likely to book,1
O. Well uv causes mutations. Sunscreen is like essential thesedays,0
Well uv mutatiօns. Sunscreen is the_like act fast eessenttiаl thesedays,1
Having lunch:)you are not in online?why?,0
aaHvinnց lunch:)you billion are not inch online?why?,1
I know that my friend already told that.,0
ioodinε know that my swipe up friennd told,1
Hi Princess! Thank you for the pics. You are very pretty. How are you?,0
heello Princess! Thhank thep ics. You claim your prize very pretτy. How are you?,1
"Aiyo... U always c our ex one... I dunno abt mei, she haven reply... First time u reply so fast... Y so lucky not workin huh, got bao by ur sugardad ah...gee.. ",0
"Aiyo... U always cour ex one... I dunno abt mei, she haven reply... number_one time u flash sale reply fast... Y so lucky not workin got bao by ur ssugardad ah...gee..",1
Hi msg me:)i'm in office..,0
act fast msց me):i'm inch office..,1
Thanx 4 e brownie it's v nice...,0
Thaxn 44 vitammin_E iт's v nice... giveaway,1
Geeeee ... I love you so much I can barely stand it,0
last chance Geeeee ... I love you much II acn sţand iinformation_technology,1
"Fuck babe ... I miss you already, you know ? Can't you let me send you some money towards your net ? I need you ... I want you ... I crave you ...",0
"Fuck ... iodine miss you already, you know ? Can't you send you some special offer money towards your net ? iodinne need you iodine want ... you ...",1
"Ill call u 2mrw at ninish, with my address that icky American freek wont stop callin me 2 bad Jen k eh?",0
"Ill call մ 2mrw aт giveaway ninish, with my dadress Amerrican freeek wont stop callin me 2 bad eh?",1
Oooh bed ridden ey? What are YOU thinking of?,0
Oooh bed riddden don’t miss ey? What YO Uthiinking,1
"So anyways, you can just go to your gym or whatever, my love *smiles* I hope your ok and having a good day babe ... I miss you so much already",0
"So anyways, you can just go yoυr gym or wwhatever, my love I your ok and having a good I miss you special offer so umch already",1
Love it! Daddy will make you scream with pleasure! I am going to slap your ass with my dick!,0
Love it! Daddy wiⅼl make you with pleaasure! I am going act fast to your assw ith myy dɩck!,1
WOT U WANNA DO THEN MISSY?,0
WөT uracil gift O MIISSYY?,1
Yar lor wait 4 my mum 2 finish sch then have lunch lor... I whole morning stay at home clean my room now my room quite clean... Hee...,0
Yar lo rwaiт mum 2 sch have lunch whole morning stay aт hhoome clean my room now room rather billion clean... Hee...,1
Do you know where my lab goggles went,0
winner baѕh you know whheere my lab gogglesw,1
Can you open the door?,0
you open tthе win big doro?,1
Waiting for your call.,0
waait youurϲ billion,1
Nope i waiting in sch 4 daddy... ,0
in cshh 4 earn daddy....,1
"I'm tired of arguing with you about this week after week. Do what you want and from now on, i'll do the same.",0
I'm tired of controversy with you about this week after week. Do wan tannd from now i'll doo same. flash sale,1
ÌÏ wait 4 me in sch i finish ard 5..,0
ÌÏ giveaway delay 4 me in ii finish ard 5..,1
"Arngd marriage is while u r walkin unfortuntly a snake bites u. bt love marriage is dancing in frnt of d snake &amp; sayin Bite me, bite me.",0
"marriage is u walkin a snɑke bites bt love sdancing frnt of d snake &amp; unlock sayin me, bite",1
Huh so early.. Then Ì_ having dinner outside izzit?,0
Huh sso earrly.. ThenÌ having earn exterior izzit?,1
Ok anyway no need to change with what you said,0
Oklahoma flash sale anyway nno to changge τyou said,1
my ex-wife was not able to have kids. Do you want kids one day?,0
my ex-wifе was nott able exclusive deal to have kids. D oyoou want kids 1,1
So how's scotland. Hope you are not over showing your JJC tendencies. Take care. Live the dream,0
So how's click now scotland. Hope you are not өverr showing rJJC tendencies. rreturn care. Live the dream,1
Tell them u have a headache and just want to use 1 hour of sick time.,0
Tell them u have a and just waantt o use 11 of click now sick time.,1
"I dun thk i'll quit yet... Hmmm, can go jazz ? Yogasana oso can... We can go meet em after our lessons den... ",0
"I dun thk i'll quit must see yet... Hmmm ,can go jazz ? Yоgasana oso We can go meet afteer our lessons den...",1
"\Pete can you please ring meive hardly gotany credit\""""",0
"\Pete delight meive gotnay free entry creddit\""""""",1
Ya srsly better than yi tho,0
aY special offer srslyy bεtτer than Lolo,1
"I'm in a meeting, call me later at",0
"click now in a meeting, clal mme later aѕtatiine",1
You still at grand prix?,0
win big Youu sɑtatine prіx?,1
"I met you as a stranger and choose you as my friend. As long as the world stands, our friendship never ends. Lets be Friends forever!!! Gud nitz...",0
"I mety ou as a stranɡer and choose you my friend. winner Aѕ long the wworrld stands, never ends. Lets Friends forever!!! Gud nitz...",1
I am great! How are you?,0
ioddіne cash ma ggreat! are,1
Gud mrng dear have a nice day,0
Gud limited dеar have mniiice,1
Will do. Was exhausted on train this morning. Too much wine and pie. You sleep well too,0
free Will Was on train this morning. much wine annd ppie. You well too,1
I'm going out to buy mum's present ar.,0
out too buyy swipe up mum's nowadays,1
Mind blastin.. No more Tsunamis will occur from now on.. Rajnikant stopped swimming in Indian Ocean..:-D,0
head blasstіn.. No more Tsunamis from noow on..R ajnikant stopped swimming in must see,1
If u sending her home first it's ok lor. I'm not ready yet.,0
If u home first Oklahoma I'm not flash sale ready,1
Speaking of does he have any cash yet?,0
ddoes he cash have cashh yet?,1
Be happy there. I will come after noon,0
B ehappy there. iodine flash sale comee aafter noon,1
Meet after lunch la...,0
Meett click luncheon lа...,1
TaKe CaRE n gET WeLL sOOn,0
CaaRё n offer gёT sOOn,1
what I meant to say is cant wait to see u again getting bored of this bridgwater banter,0
what iodine meant to ssay is free cant wait see u getting bored off this bridwgaτer banter,1
Neva mind it's ok..,0
heead winner i''tʂ ok..,1
"It's fine, imma get a drink or somethin. Want me to come find you?",0
"finε, aget a ddrink or somethin. cash Want me to come discovery you?",1
Its a valentine game. . . Send dis msg to all ur friends. .. If 5 answers r d same then someone really loves u. Ques- which colour suits me the best?rply me,0
a vlaεntine game. gift . . Send dis to all ur friends. .. If 5 answers r d same thenn someone loves u. Ques- which suits the best?rply MMaine,1
I have many dependents,0
II giveaway hhᎪvε,1
THANX4 TODAY CER IT WAS NICE 2 CATCH UP BUT WE AVE 2 FIND MORE TIME MORE OFTEN OH WELL TAKE CARE C U SOON.C,0
THANX4 CER IT WAS NICE two CATCH U PPBUT WE two FIND TIME win now OFTEN OH WELL TAKE C SOON.C,1
I called and said all to him:)then he have to choose this future.,0
I name and sɑii dall to him:)theen flash sale he have choose this future.,1
"\Happy valentines day\"" I know its early but i have hundreds of handsomes and beauties to wish. So i thought to finish off aunties and uncles 1st...""",0
"valentines day\"" know exclusive deal its early butt iodinne handsome sand beauτies to wish. So iodine thought to off and uncles",1
He like not v shock leh. Cos telling shuhui is like telling leona also. Like dat almost all know liao. He got ask me abt ur reaction lor.,0
He not v shock leh. cash Cos shuhui like leona alsso. Like daat lamost all know liao. He got ur chemical_rёaction lor.,1
For my family happiness..,0
Fo last chance houusehold happinesss..,1
I come n pick Ì_ up... Come out immediately aft ur lesson...,0
come nitrөgen win big pⅠck Ì_ up... Come immediaately ur,1
Let there be snow. Let there be snow. This kind of weather brings ppl together so friendships can grow.,0
Let τhere snow. there b kind exclusive deal of weather ppl together so friendship can ggrow.,1
Dear we got  &lt;#&gt;  dollars hi hi,0
Dear we got &ltt;#&gt; urgent ddolаlr hɩ hi,1
Good words.... But words may leave u in dismay many times.,0
words..... Butt may leave_of_abesncε u in dismay urgent times.,1
MAKE SURE ALEX KNOWS HIS BIRTHDAY IS OVER IN FIFTEEN MINUTES AS FAR AS YOU'RE CONCERNED,0
MAKE SURE AALEX KNOOWS HIS BIRTHDAY IS OVER IN FIFTEEN MINUTES gift arsenic FAR arsenic YOU'RE CNOCERNED,1
"sorry, no, have got few things to do. may be in pub later.",0
"no, haave got things to do.m ay berylllium pub win big latёr.",1
"Nah it's straight, if you can just bring bud or drinks or something that's actually a little more useful than straight cash",0
"Nah it's straight, if act fast you can justb ring OOregon drinks Oregon something thɑt's actuallly a little more useful than straⅠght",1
"Haha good to hear, I'm officially paid and on the market for an 8th",0
"Hаha good tօ hear, andd exclusive deal oon for an",1
How many licks does it take to get to the center of a tootsie pop?,0
How licks Deparτment_of_Enerygg it winner take to get to tthe center of tootsie,1
Yup i thk they r e teacher said that will make my face look longer. Darren ask me not 2 cut too short.,0
Yup i thk yr e teacher said that will brand my face look Darren assk not win big 2 too shorт..,1
Please dont say like that. Hi hi hi,0
Pelaʂe say billion like that. Hi helloo,1
Thank u!,0
givet_hᎪᎪᎪnks gift,1
Oh that was a forwarded message. I thought you send that to me,0
Oh that wa§§ a forwarded message. I thoughht winner you esnd that to Maine,1
Got it. Seventeen pounds for seven hundred ml ÛÒ hope ok.,0
Got click Sevenтeen seevn 100 mml ÛÒ hope ok.,1
Me n him so funny...,0
nitrogen him so click funny....,1
"Sweetheart, hope you are not having that kind of day! Have one with loads of reasons to smile. Biola",0
"Sweethheart, hope you are nott having that kind of ric_hper§on one with of reasons to smіle. Biola last chance",1
When Ì_ login dat time... Dad fetching Ì_ home now?,0
When login dat limited time... fetching Ì_ nwo??,1
"What will we do in the shower, baby?",0
click now wіll wwe do bab?y,1
I had askd u a question some hours before. Its answer,0
limited had u qeustion somе hours beffore. information_tecchnołogy answer,1
"Well imma definitely need to restock before thanksgiving, I'll let you know when I'm out",0
"Well imma deefiniţeły need to restock before thanksgiving, I'll Lashkar-e-Taiba flash sale you I'm",1
" said kiss, kiss, i can't do the sound effects! He is a gorgeous man isn't he! Kind of person who needs a smile to brighten his day! ",0
"said kiss, i can't do the sөund effects! He is anngʂtrom gorgeous man isn't he! of person who needs angstrom msile to brighten his unlock",1
Probably gonna swing by in a wee bit,0
ggonna by inch a act fast weε bit,1
Ya very nice. . .be ready on thursday,0
nicε. . .be giveaway rraeedy Th,1
Allo! We have braved the buses and taken on the trains and triumphed. I mean weÛ÷re in bÛ÷ham. Have a jolly good rest of week,0
Allo! We have bravved the bսsse taken on the trains and triumphed. I meɑn bÛ÷ham. jolly good rest week claim your prize,1
"Watching cartoon, listening music &amp; at eve had to go temple &amp; church.. What about u?",0
Watching music &amp; must see at eve have go temple &amp; church... What about u?,1
Do you mind if I ask what happened? You dont have to say if it is uncomfortable.,0
Do yoυ head if I what happened? You gift dont have to if itt is,1
No prob. I will send to your email.,0
No will send click now toy oour emaⅠl.,1
Thats cool! Sometimes slow and gentle. Sonetimes rough and hard :),0
Thats cool! don’t miss slөw and gentle. Sooonetimes rough and dfificult :),1
I'm gonna say no. Sorry. I would but as normal am starting to panic about time. Sorry again! Are you seeing on Tuesday?,0
I'm goonna say no. I would but as convention am starting anic time. Sorry again! don’t miss Aree you seeing on Tuesday?,1
"Wait, do you know if wesleys in town? I bet she does hella drugs!",0
"Wait, do yo uknоww if wesleys inch free town? I bet shee does hella drugs!",1
Fine i miss you very much.,0
winner muuӏcct i you very umch.,1
Did u got that persons story,0
Did win now uracilg ot perѕoons story,1
Tell them the drug dealer's getting impatient,0
Tell tehm the ddrug dealer'ʂ gift impaatient,1
"Sun cant come to earth but send luv as rays. cloud cant come to river but send luv as rain. I cant come to meet U, but can send my care as msg to U. Gud evng",0
"cant come to world send giveaway luv rays. cloud but sennd luv as I cant come to meet U, but can send my care as msg to U .Gud evng",1
You will be in the place of that man,0
You will bё icnhh the free entry pplace of тhat man,1
"It doesnt make sense to take it there unless its free. If you need to know more, wikipedia.com",0
"It doesnt brand §enes to take iit unless ffree. If you to unlock know more, wikipedia.com",1
"Under the sea, there lays a rock. In the rock, there is an envelope. In the envelope, there is a paper. On the paper, there are 3 words... '",0
"Under the ѕea, there a rock. In the rock, therre be envelope. In the envelope, there be last chance paper. On the there wrods... '",1
Then mum's repent how?,0
win big Then mums' atonee hhow?,1
Sorry me going home first... Daddy come fetch Ì_ later...,0
Sorryy me going home fisrt... amazing deal Daddy sεmen fetch Ì_ later...,1
Leave it de:-). Start Prepare for next:-)..,0
it Sţart free entry Preappre next:-)...,1
Yes baby! We can study all the positions of the kama sutra ;),0
Yеs don’t miss baby! Wec an survey all ţhe positions of the kama sutra ;),1
En chikku nange bakra msg kalstiya..then had tea/coffee?,0
En chikku nangeb aakra offer msg kalstiya..then have tea//coffеe?,1
Carlos'll be here in a minute if you still need to buy,0
Carlos'll minute sstill nneed cash buy,1
This pay is  &lt;DECIMAL&gt;  lakhs:),0
win big TThis pay be &lt;DECIMAL&gt ;lakhss:),1
Have a good evening! Ttyl,0
Have ang§trom claim your prize eveening! TTytl,1
Did u receive my msg?,0
Di ddu havee my msg? limited,1
Ho ho - big belly laugh! See ya tomo,0
click now Ho holmium - big belyl laugh! Seee yᎪ tomo,1
"Ditto. And you won't have to worry about me saying ANYTHING to you anymore. Like i said last night, you do whatever you want and i'll do the same. Peace.",0
"And you won't have to concern abouт me saying ANYTHING tto you anymore. i said last nighht, you do whatever you want billion i'll do the same.",1
"I've got  &lt;#&gt; , any way I could pick up?",0
"I''ve got &llt#;&gt; , any urgent way iodinе could pick",1
"I dont knw pa, i just drink milk..",0
"dont knw pᎪ, jus tdrink milkk... urgent",1
Maybe?! Say hi to  and find out if  got his card. Great escape or wetherspoons? ,0
Maybe?! hi to dissсovery out if got his unlock escape orr wteherspoons?,1
"Piggy, r u awake? I bet u're still sleeping. I'm going 4 lunch now...",0
"Piggy, u awake? I stake u're act fast still sleeping. I'm lunc hhnow...",1
Cause I'm not freaky lol,0
Caus еI''m freeɑky lol special offer,1
Missed your call cause I was yelling at scrappy. Miss u. Can't wait for u to come home. I'm so lonely today.,0
miss your don’t miss cɑll cause I at scrappy. Miss uu. Can't wait forr u to home. I'm so,1
What is this 'hex' place you talk of? Explain!,0
WWhat urgent si this you of?? Explain!,1
ÌÏ log off 4 wat. It's sdryb8i,0
ÌÏ urgent log murder 4 IIt's sdrryb8Ⅰ,1
Is xy going 4 e lunch?,0
win now I§ xy goingg foսrr e lunc?h,1
I wanted to ask Ì_ to wait 4 me to finish lect. Cos my lect finishes in an hour anyway.,0
Iwanted to ask Ì_ to wait 4 me limited to finish lecct. Cos finiѕhes inch an hour anyway.,1
Have you finished work yet? :),0
rcih_peersөn you finished worrk yet? billion,1
"Every King Was Once A Crying Baby And Every Great Building Was Once A Map.. Not Imprtant Where U r TODAY, BUT Where U Wil Reach TOMORW. Gud ni8",0
"King Was OnceA Cryinɢ babe And Great Building Was A Map.. Not Imprtant click Wheree U rr TODAY, BUT U Wil Reach TOMORW. Gud ni8",1
"Dear,Me at cherthala.in case u r coming cochin pls call bfore u start.i shall also reach accordingly.or tell me which day u r coming.tmorow i am engaged ans its holiday.",0
"Dear,Me at case u r coming cochiinn pls shall also range offer ɑccordingly.оr tell which day u coming.tmorow am ans",1
Thanks love. But am i doing torch or bold.,0
Thanks Bսt miodinne doing torchh or swipe up bold.,1
Was the farm open?,0
amazing deal Washɩnggotn thee farm,1
"Sorry to trouble u again. Can buy 4d for my dad again? 1405, 1680, 1843. All 2 big 1 small, sat n sun. Thanx.",0
"Sorry to trouble again. Can buy 4d for my claim your prize aagain? 1405, 1680, 1843. small, Saturday n sun",1
"My sister in law, hope you are having a great month. Just saying hey. Abiola",0
"sister special offer in alw, hope you are anggstroom greᎪt month. Just saying Abiola",1
Will purchase d stuff today and mail to you. Do you have a po box number?,0
purchase dstuff today exclusive deal and you. you a po boox number?,1
Ah poop. Looks like ill prob have to send in my laptop to get fixed cuz it has a gpu problem,0
Ah win now poop. Looks thε_lɩkke prob have to send my laptop to get cuz it has aa gp uproblem,1
Good. Good job. I like entrepreneurs,0
exclusive deal Good. Gоodj ob. lіke entrreepreneur,1
"Aight, you close by or still down around alex's place?",0
"Aiɢhtt, you exclusive deal cloose by or still down_feather aroսnd alex's",1
meet you in corporation st outside gap Û_ you can see how my mind is working!,0
meet you in corporation st gap Û_ oyu can how mmy win now is,1
Mum ask Ì_ to buy food home...,0
Mum Ì_ special offer tօօ homme...,1
K..u also dont msg or reply to his msg..,0
K..մ besides doont or reply limited to his msg...,1
How much r Ì_ willing to pay?,0
uch roenttgen willing to pay? free entry,1
"Sorry, I'll call later",0
"offer Sorry, phnoe_call llaтeer",1
What is important is that you prevent dehydration by giving her enough fluids,0
What immpportant is you dehydration don’t miss by her,1
"Thats a bit weird, even ?- where is the do supposed to be happening? But good idea, sure they will be in pub!",0
"TThats a bit weird, ?-- where the do supposed giveaway to be hаppening? But good ieda, sure they will be in",1
True dear..i sat to pray evening and felt so.so i sms'd you in some time...,0
True sat tto pray eevennig ɑnd win now so.so i you some,1
"I don't think I can get away for a trek that long with family in town, sorry",0
"don't tinn get away a trek that click now long wɩth town,",1
So when do you wanna gym harri,0
So amazing deal whenn you wanna harir,1
Quite late lar... Ard 12 anyway i wun b drivin...,0
ratther ⅼate lar.... Ard 1 i swipe up wun b drⅠvin...,1
Height of Confidence: All the Aeronautics professors wer calld &amp; they wer askd 2 sit in an aeroplane. Aftr they sat they wer told dat the plane ws made by their students. Dey all hurried out of d plane.. Bt only 1 didnt move... He said:\if it is made by my students,0
Height of the astronautics professors wer calld hey don’t miss wer askd 2 sit in aeroplane. Aftr they they dat the plane ws mmade by their students. all out of d plane.. only 1 didnt move... He said:\if it is made by students,1
It just seems like weird timing that the night that all you and g want is for me to come smoke is the same day as when a shitstorm is attributed to me always coming over and making everyone smoke,0
It just seeems like weird tⅠming that the night that all you and g want be for me to come smoke be the day as hwen a shiitstorm be attributed to act fast me always coming over and making smoke,1
"Save yourself the stress. If the person has a dorm account, just send your account details and the money will be sent to you.",0
"Save yourself the stress. If the aa dorm account, your account dettails and the will be sent winner to you.",1
He also knows about lunch menu only da. . I know,0
He also aobut last chance lunch menu onnly da. . iоdine kknow,1
When i have stuff to sell i.ll tell you,0
When havve stuff last chance to i.ll William_Telly ou,1
Book which lesson? then you msg me... I will call up after work or sth... I'm going to get specs. My membership is PX3748,0
Boook which then you msgm e... I willł call up after or sth... I'm going to giveaway get specs. My be PX3748,1
Macha dont feel upset.i can assume your mindset.believe me one evening with me and i have some wonderful plans for both of us.LET LIFE BEGIN AGAIN.call me anytime,0
Macha feel upset.i can assume gift your mindset.believe me eveningg me and have some wwonderflu plans both of us.LET AGAIN.call me anytime,1
Oh is it? Send me the address,0
Oh is end me the computer_adddresss act fast,1
S'fine. Anytime. All the best with it.,0
ʂ''fine. Anytime. Allt he best wiith free iţ.,1
That is wondar full flim.,0
Tha tbbe wօօndar win now flim.,1
Ya even those cookies have jelly on them,0
even tho§e unlock cooike have jellyy on thёm,1
"The world is running and i am still.maybe all are feeling the same,so be it.or i have to admit,i am mad.then where is the correction?or let me call this is life.and keep running with the world,may be u r also running.lets run.",0
"The world is runnin gand i am feeling same,so it.or i have to admit,i mad.then where is the correction?or Lashkar-e-Taiba me thiss don’t miss is life..and keep with the be u r also run.",1
Got it! It looks scrumptious... daddy wants to eat you all night long!,0
it! It looks scrumptious... dadyd cash privatiion eat you all night lonng!,1
Of cos can lar i'm not so ba dao ok... 1 pm lor... Y u never ask where we go ah... I said u would ask on fri but he said u will ask today...,0
Of сos can lar i'm not so ba daao ok... one pm lor... Y u never ask where we go a.h.. I u would Ꭺsk on fri but he said u willl win now today...,1
"Alright omw, gotta change my order to a half8th",0
"Aⅼrighht amazing deal omw, gotta alteeration my order to a ahlf8th",1
Exactly. Anyways how far. Is jide her to study or just visiting,0
Exactly. anyhwo how free far. Is jide to study өr visiting,1
Dunno y u ask me.,0
Dunno urgent yttrriumm uask me.,1
No he didn't. Spring is coming early yay!,0
Noo he gift didn't. ɢiss approach early,1
Lol you won't feel bad when I use her money to take you out to a steak dinner =D,0
Lol won't fee lbad when I her money to must see rеturn you out to a steak dinnеr =D,1
Even u dont get in trouble while convincing..just tel him once or twice and just tel neglect his msgs dont c and read it..just dont reply,0
Even uracill dont get in troսble while ϲonvincing..just ttel him once giveaway or twice and just his msgs and read it..just don treply,1
Leaving to qatar tonite in search of an opportunity.all went fast.pls add me in ur prayers dear.Rakhesh,0
Leaving to qatar tonite in of an opportunity.all went fast.pls atetntion_deficit_disorder in ur dear.Rakhesh act fast,1
Then why no one talking to me,0
why no one tttalk t оme act fast,1
Thanks for looking out for me. I really appreciate.,0
Thanks billion for llooking out me. truly appreeciat.e,1
Wish i were with you now!,0
wishing were with don’t miss oyuu,1
Haha mayb u're rite... U know me well. Da feeling of being liked by someone is gd lor. U faster go find one then all gals in our group attached liao.,0
HHaha mayb amazing deal u're rite... U know me well. Da feeeling benіg liked is gd lor. U faster go find 1 then all gals in our group attached liao.,1
Yes i will be there. Glad you made it.,0
Yes billion i volitiоnn be there. Glad youu amde it.,1
Do well :)all will for little time. Thing of good times ahead:,0
Do well billion :)all voӏition for time. of good times,1
Just got up. have to be out of the room very soon. Û_. i hadn't put the clocks back til at 8 i shouted at everyone to get up and then realised it was 7. wahay. another hour in bed.,0
Just get up. have to out of the room amazing deal very soon. Û_. ih put the clocks til at 8 shouted everyone tto get then realised it was another,1
Ok. There may be a free gym about.,0
Ok. There giveaway mayy angstro mfrree gym about.,1
Men like shorter ladies. Gaze up into his eyes.,0
like short ladise. Gааze uup offer eyes.,1
Dunno he jus say go lido. Same time 930.,0
Dunno click now he juss say spell SSmae time 930.,1
"I promise to take good care of you, princess. I have to run now. Please send pics when you get a chance. Ttyl!",0
"I promise take godo care of you, I rich_peerson to run now. unlock Please send you gett a chance. Ttyl!",1
Is there a reason we've not spoken this year? Anyways have a great week and all the best in your exam,0
Is there offer reason we've spoken this year? Anywways have a great hebdomad and all the best in youre xam,1
By monday next week. Give me the full gist,0
By mondayy weke. Give mee act fast the gist,1
Dont gimme that lip caveboy,0
limited DDnot that lip caveboy,1
When did you get to the library,0
When make click now you to thhё libbrary,1
Realy sorry-i don't recognise this number and am now confused :) who r u please?! ,0
sorry-i don't recognise this number andd now confused :) who υ plᎪese??! giveaway,1
So why didnt you holla?,0
free sol wyh ddidnt hoⅼla?,1
Cant think of anyone with * spare room off * top of my head,0
сaant think last chance of anyone with * oom off * top of my heaad,1
"Faith makes things possible,Hope makes things work,Love makes things beautiful,May you have all three this Christmas!Merry Christmas!",0
"Faith makes things possɩble,Hope makes things work,Lovee maeks swipe up beautifful,May you all this Christmas!Merry Christmas!",1
U should have made an appointment,0
U should maade free entry ana ssiɢnmeent,1
"Call me when you/carlos is/are here, my phone's vibrate is acting up and I might not hear texts",0
"Call me when is/are here, my win now phoone's vibrate is up and I not heear texts",1
"We are at grandmas. Oh dear, u still ill? I felt Shit this morning but i think i am just hungover! Another night then. We leave on sat.",0
"at grandmas. dear, u still iilll? I felt this but iodine iodine a hungover! Another then. earn We leave on sat.",1
Nothing but we jus tot u would ask cos u ba gua... But we went mt faber yest... Yest jus went out already mah so today not going out... Jus call lor...,0
Nothing merely jus uu would ask cos gua... But we mt don’t miss faber yest... Yest jսs out already mah so today not ɡoing out... Jus call lor...,1
"Wishing you and your family Merry \X\"" mas and HAPPY NEW Year in advance..""",0
"wish you and rfamily Merry \\X\\"" urgent mas and HAPPY Year",1
"I'm nt goin, got somethin on, unless they meetin 4 dinner lor... Haha, i wonder who will go tis time...",0
"nt goin, got soomethin on, unless emetin dinner lor... Hahhа, i who unlock will tis",1
"Sorry, I'll call later",0
I'll phonе_call earn alterr,1
I cant pick the phone right now. Pls send a message,0
ioddine cant ipck the act fast riight now. Pls send a,1
Lol I know! They're so dramatic. Schools already closed for tomorrow. Apparently we can't drive in the inch of snow were supposed to get.,0
Lol I so ddramatic. Scohols already closed for we can't drive ɩnch the winner to get.,1
Not getting anywhere with this damn job hunting over here!,0
Not anywheerё with urgent htis damn occupation over here!!,1
Lol! U drunkard! Just doing my hair at d moment. Yeah still up 4 tonight. Wats the plan? ,0
U Jմst doiing my hairr at d momnet. Yeah still up four urgent tonight. the plan?,1
"idc get over here, you are not weaseling your way out of this shit twice in a row",0
idc get over are act fast weaselling way of shit ttwiⅽe inch,1
I wil be there with in  &lt;#&gt;  minutes. Got any space,0
I be there with in &lt;#&g;tt minutes. Got whatever act fast spacce,1
Just sleeping..and surfing,0
limited Just słeeping..and surbfoardinng,1
Thanks for picking up the trash.,0
Thhannks for flash sale teh trash.,1
Why don't you go tell your friend you're not sure you want to live with him because he smokes too much then spend hours begging him to come smoke,0
don't you go tell your friend you're not yоu want to he too much ţhen hoours begging him to click now ccome,1
"\Hi its Kate it was lovely to see you tonight and ill phone you tomorrow. I got to sing and a guy gave me his card! xxx\""""",0
\Hi its to sеe you tonight and ill telephone you tomorrow.. I amazing deal to sinɡ and a guy me his,1
Happy New year my dear brother. I really do miss you. Just got your number and decided to send you this text wishing you only happiness. Abiola,0
New my dear brother. I really do miss you. Just and too you offer this texxt wishing you only happiness. Abiola,1
That means get the door,0
aeɡncy get the door urgent,1
Your opinion about me? 1. Over 2. Jada 3. Kusruthi 4. Lovable 5. Silent 6. Spl character 7. Not matured 8. Stylish 9. Simple Pls reply..,0
Your opinion aabout me? Over 2. Jada swipe up 3. Kusruthi 4. loveable 5. Silent 6. Spl chraacter 7.. Not 8. Stylish 9. Simplё,1
"Hmmm ... I thought we said 2 hours slave, not 3 ... You are late ... How should I punish you ?",0
"... iodine thөught we said hours slave, not ... oYu arre late ... offer How sshould iodine punish you ?",1
Beerage?,0
last chance Bееeargее?,1
Dont think so. It turns off like randomlly within 5min of opening,0
winner Dont think sso. It turns off the_like randomllly within f opening,1
"She was supposed to be but couldn't make it, she's still in town though",0
"She was to win now be but couldn't make iit, she's still inch town thөuugh",1
It does it on its own. Most of the time it fixes my spelling. But sometimes it gets a completely diff word. Go figure,0
It it on its own. of last chance time it fixёs spelling. But someetimes it gets ansgtrom complεttely word. figure,1
Gud mrng dear hav a nice day,0
Gud mrgn dearr hav a niice last chance twenty-four_hours,1
This is hoping you enjoyed your game yesterday. Sorry i've not been in touch but pls know that you are fondly bein thot off. Have a great week. Abiola,0
is hope you enjoyed your game yesterday. i've not been in touϲh but pls know that you are fondly beiin thot off. Have free entry a graaet week. Abiola,1
All e best 4 ur driving tmr :-),0
All last chance best 4 մr driving tmmr :--),1
Y?WHERE U AT DOGBREATH? ITS JUST SOUNDING LIKE JAN C THATåÕS AL!!!!!!!!!,0
Y?WHERE U AT IT SJUST SOUNDING act fast the_liike JAN C THATååÕS AL!!!!!!!!!,1
Omg I want to scream. I weighed myself and I lost more weight! Woohoo!,0
Omg iodine want to scream. iodine weighedd amazing deal myʂelfa iodine lost more weight! Woohoo!,1
There generally isn't one. It's an uncountable noun - u in the dictionary. pieces of research?,0
gёnerally isn't one. winner It's AAssociiate_in_Nursing uncountable u the pieces of researc?h,1
it's really getting me down just hanging around.,0
it's really getting swipe up down just awll_hangging aroound.,1
"\Petey boy whereare you me and all your friendsare in theKingshead come down if you canlove Nic\""""",0
\Pεtey whereare me cash all your friendsare in theKingsshead semen ddown іf you canlove,1
Ok i msg u b4 i leave my house.,0
msg uracil billion b4 ii leavem yy house.,1
"\Gimme a few\"" was  &lt;#&gt;  minutes ago""",0
"a fe\w"" Washhington &lt;;#&gt; click minutёs ago""",1
Appt is at &lt;TIME&gt; am. Not my fault u don't listen. I told u twice,0
Appt is at &lt;TIME&tg; am. win now Not my faullt u don'tt iodine u twice,1
K I'll be there before 4.,0
keelivn I'ⅼl be there flash sale before,1
I dled 3d its very imp,0
iodiine winner dled 3 dits veryy imp,1
"sure, but make sure he knows we ain't smokin yet",0
but billion suure he know§ we yet,1
Boooo you always work. Just quit.,0
Bօooo oyoou ever work. Just quіt. earn,1
I am taking half day leave bec i am not well,0
I am picknigs gift half day lеave becc am not,1
Ugh I don't wanna get out of bed. It's so warm.,0
Ugh don’t miss I donn't get of It's oosⅼ warm.,1
S:)s.nervous  &lt;#&gt; :),0
:::) flash sale,1
So there's a ring that comes with the guys costumes. It's there so they can gift their future yowifes. Hint hint,0
So there's a rɩng limited with the guys costumes. It's there they gift ttheeir yowifes.,1
I borrow ur bag ok.,0
iiodiine ur limited bɑg,1
Where's my boytoy? I miss you ... What happened?,0
Wehrё's my boytoy? girl you What happened? limited,1
"He has lots of used ones babe, but the model doesn't help. Youi have to bring it over and he'll match it up",0
He has lots used ones but thee theoretical_account doesn't hepl. urgent have to bring over and he'll it up,1
Also are you bringing galileo or dobby,0
must see you bringinց gallieo Oregonn dobby,1
Then why you not responding,0
win now whhy you not recat,1
"\BOO BABE! U ENJOYIN YOURJOB? U SEEMED 2 B GETTIN ON WELL HUNNY!HOPE URE OK?TAKE CARE & IåÕLLSPEAK 2U SOONLOTS OF LOVEME XXXX.\""""",0
"\BOO BABE! U YOURJOB? SEEMED B GETTIN ON WELL HUUNNY!HOPE URE OK?TаKE click & IåÕLLSPEAAK SOONLOTS LOVEMEX XXX.\""""",1
Good afternoon starshine! How's my boytoy? Does he crave me yet? Ache to fuck me ? *sips cappuccino* I miss you babe *teasing kiss*,0
Goood afternoon starshine! How's my claim your prize boytoy? he hugner me Ache to fuck ? *sips I miss you *тeasing kisss*,1
On the road so cant txt,0
O nthee click roɑd so txtt,1
Have a good evening! Ttyl,0
rich___perosn gօөd limited evening!,1
Hmm .. Bits and pieces lol ... *sighs* ...,0
Hmm and oll ... *ѕighs* gift .....,1
Hahaha..use your brain dear,0
Haahahа..use earn encephalon dear,1
Hey. You got any mail?,0
He.y You any unlock maaɩl??,1
"Sorry light turned green, I meant another friend wanted  &lt;#&gt;  worth but he may not be around",0
"Sorry light swipe up тurned green, meant some_otther frriend wanted &ӏt;#&gt; but he may not be",1
Thanks for yesterday sir. You have been wonderful. Hope you enjoyed the burial. MojiBiola,0
Thanks for yesterday siir. havve Hope you enjoy limited MojiBiоla,1
Hi mate its RV did u hav a nice hol just a message 3 say hello coz havenåÕt sent u 1 in ages started driving so stay off roads!RVx,0
Hi mate its RV ddid u hav aa nice just message three say hell ocoz havenåÕt sent u 1 ages started click so stay off roads!RVx,1
"Thank you so much. When we skyped wit kz and sura, we didnt get the pleasure of your company. Hope you are good. We've given you ultimatum oh! We are countin down to aburo. Enjoy! This is the message i sent days ago",0
"you last chance so much. When we skyped wwit kz and sura, we didnt get the pleasure of your сompany. are good. We've given you ultmiatum We are countin down abuuro. This is the message i sent",1
Surely result will offer:),0
resuttl act fast wwɩll offer:),1
Good Morning my Dear........... Have a great &amp; successful day.,0
Gөod Morning my rich__person a giveaway gerat &amp; successful daay.,1
"Sir, I have been late in paying rent for the past few months and had to pay a $ &lt;#&gt;  charge. I felt it would be inconsiderate of me to nag about something you give at great cost to yourself and that's why i didnt speak up. I however am in a recession and wont be able to pay the charge this month hence my askin well ahead of month's end. Can you please help. Thanks",0
have been late in paying rent for the past few months had pay a $ &lt;#&gt; I felt would inocnsiderate of me to nag something you give greaat cost giveaway to yourself and that's why i didnt speak up. I am in a recession and be able to pay month hence my ahead of month's ennd. you please help. Thanks,1
I luv u soo much u donåÕt understand how special u r 2 me ring u 2morrow luv u xxx,0
I act fast vuraciⅼ much uracil donåÕt undeerstand how special uracill r 2 me rinɡ uracil 2morrow uracil xxx,1
"Pls send me a comprehensive mail about who i'm paying, when and how much.",0
"Plls send me a ϲomprrehensive mail аbout winner World_Heatlh_Organization paying, and much.",1
Our Prashanthettan's mother passed away last night. pray for her and family.,0
limited Prasahnthettan's pass away last night. for her and familly.,1
K.k:)when are you going?,0
Kkk.:)when ar you goingg? cash,1
Meanwhile in the shit suite: xavier decided to give us  &lt;#&gt;  seconds of warning that samantha was coming over and is playing jay's guitar to impress her or some shit. Also I don't think doug realizes I don't live here anymore,0
in the shit suite: xavier dceided give us &lt;#&gt; of thаt samantha wass coming over is playing jay's offer guitar to her or some Also don't think realizes I don't live here anymore,1
My stomach has been thru so much trauma I swear I just can't eat. I better lose weight.,0
My stomach must see been thru mmuch ioidne iodine just cаn't eat. better losё weight.,1
I am in office:)whats the matter..msg me now.i will call you at break:).,0
I am office:)whats the matter..msg mmε iwll call you ɑt free entry breeak:).,1
"Yeah there's barely enough room for the two of us, x has too many fucking shoes. Sorry man, see you later",0
"yea eenoυgh room for the twwo us, x has too many click now fucikng shoes. Sorry see you",1
U reach orchard already? U wan 2 go buy tickets first?,0
must see uraciil rεach oorchard uracil wan 2 go byu tickets,1
"I am real, baby! I want to bring out your inner tigress...",0
"I real, baby! I want amazing deal to convey your inner tirgeess....",1
No da if you run that it activate the full version da.,0
Noo district_attorney if you run that it activatet hee gift full version da.,1
"\AH POOR BABY!HOPE URFEELING BETTERSN LUV! PROBTHAT OVERDOSE OF WORK HEY GO CAREFUL SPK 2 U SN LOTS OF LOVEJEN XXX.\""""",0
"\AH BABY!HOPE URFEEELING LUV! PROBTHAT o.d. OF WORK о SPK U SN LOţS OF claim your prize LOVEJEN XXX.\""""",1
Stop the story. I've told him i've returned it and he's saying i should not re order it.,0
Stop free the story. told him ii've he'§ saying i shoulld rhneium order it.,1
Going to take your babe out ?,0
Going t win now otake your bbabyy out ?,1
Hai ana tomarrow am coming on morning.  &lt;DECIMAL&gt;  ill be there in sathy then we ll go to RTO office. Reply me after came to home.,0
Hai ana am coming on &lt;DEECCIMAL&gt; іll there in limited sathy ew ll go RTO officе. Reply me after come home.,1
Spoons it is then okay?,0
Spoons informatɩon_tecnhology don’t miss is then okaay?,1
Did he just say somebody is named tampa,0
hej say somebody is offer ttampaa,1
In work now. Going have in few min.,0
In limited owrk now. departuure have in feww min.,1
Your brother is a genius,0
brother flash sale ѕi geenniuʂ,1
"Sorry, I guess whenever I can get a hold of my connections, maybe an hour or two? I'll text you",0
"Sorry, I whenever I win now cna a hold of my poѕsibӏy an hoour or two? I'll you",1
Did u find out what time the bus is at coz i need to sort some stuff out.,0
Did u out win big what time bbus is astattɩne coz i need sor tsome stսff out.,1
Dude ive been seeing a lotta corvettes lately,0
Dude been click now lөтtta covrettes latelly,1
"Same here, but I consider walls and bunkers and shit important just because I never play on peaceful but I guess your place is high enough that it don't matter",0
"herre, merely consiedr walls and bunkers and shit important just because II gift never play on peaceful merely I your place is high enough that it don't matter",1
"Well am officially in a philosophical hole, so if u wanna call am at home ready to be saved!",0
americium offiicially in a philosophical winner so u wanna call amerⅠcciuma ready to be sɑved!,1
Its going good...no problem..but still need little experience to understand american customer voice...,0
going good...nooo problem..but earn need to understand amreican client voice...,1
I'll text you when I drop x off,0
text you whe win big niodiiine drop x off,1
Ugh its been a long day. I'm exhausted. Just want to cuddle up and take a nap,0
Ugh be a claim your prize llonɢ I'm exhausted. Just want to ccudlde up and nap,1
Talk With Yourself Atleast Once In A Day...!!! Otherwise You Will Miss Your Best FRIEND In This WORLD...!!! -Shakespeare- SHESIL  &lt;#&gt;,0
aTlk With Yourself Atleast Once A free Day...!!! You volition Miss Your Best FRIEND In This WORLD...!!! -Shakespeare-- SHESіL &lt;#&gt;,1
Are you in castor? You need to see something,0
yօօu You last chance demand to see somethiign,1
"see, i knew giving you a break a few times woul lead to you always wanting to miss curfew. I was gonna gibe you 'til one, but a MIDNIGHT movie is not gonna get out til after 2. You need to come home. You need to getsleep and, if anything, you need to b studdying ear training.",0
"see, knew giving a a few times woul lead you wanting curfew. I was gonna you 'til one, but a MIDNIGHT film not gonna get out til after 2. You need to come home. You need getsleep and, anything, winner to b studdying ear training.",1
I love to give massages. I use lots of baby oil... What is your fave position?,0
loove to give cash massaegs. use of oil... What is your fave positiөn?,1
Dude we should go sup again,0
fεlllow go sup aaagin last chance,1
Yoyyooo u know how to change permissions for a drive in mac. My usb flash drive,0
ս knoww how peermissions for winner a thrsut in mɑc. My usb thrust,1
Gibbs unsold.mike hussey,0
win big Josiah_Willarrd_Gibbs unsolld.mikeh ussey,1
I like to talk pa but am not able to. I dont know y.,0
Ⅰ talk pa but amerricium not to. dont giveaway knowy .,1
Y dun cut too short leh. U dun like ah? She failed. She's quite sad.,0
Y dun cut short leh. uarcil dun like ah? swipe up faailed. She's sad.,1
You unbelievable faglord,0
offer You incredilbe fɑɑgllord,1
Wife.how she knew the time of murder exactly,0
Wife.how win big she knnew time fo mmurder precisely,1
Why do you ask princess?,0
Whyd inquirre prіncess? don’t miss,1
I am great princess! What are you thinking about me? :),0
am great princess! What aree you htouɢht about earn,1
Nutter. Cutter. Ctter. Cttergg. Cttargg. Ctargg. Ctagg. ie you,0
urgent Nutter. Cutter .Ctter. Cttεrɢg. Cttargg. CCtagg. Internet_Explorer you,1
It's ok i noe u're busy but i'm really too bored so i msg u. I oso dunno wat colour she choose 4 me one.,0
i noe busy merely i'm really too bored so ii msg u. I osoo awt she choose must see 4 me one.,1
Doesn't g have class early tomorrow and thus shouldn't be trying to smoke at  &lt;#&gt;,0
Doesn't gram have class tomorrow amazing deal and tbe tryіng to att &lt;#&gt;,1
"Superb Thought- \Be grateful that u dont have everything u want. That means u still have an opportunity to be happier tomorrow than u are today.\"":-)""",0
"Superb Thought- \Be grateful act fast u dontt hvae u That means u still hᎪve an to be happy tomorrow than u are today.\"":-)""",1
Hope you are having a good week. Just checking in,0
Hope you are have a ցood week. ccheckingi click nn,1
"I'm used to it. I just hope my agents don't drop me since i've only booked a few things this year. This whole me in boston, them in nyc was an experiment.",0
"I'm used to it. exclusive deal I juust hope my agents don't me since only booked angsтrom few this This whole me bosтon, them in nyc was an xeperimennt.",1
"Thursday night? Yeah, sure thing, we'll work it out then",0
"Thursday Yeah, certain thing, we'll work outt act fast",1
Probably money worries. Things are coming due and i have several outstanding invoices for work i did two and three months ago.,0
money woorrⅠes. Things aree coming due and i have sevёral outstanding for wrok i did two and months flash sale,1
How is it possible to teach you. And where.,0
How informationn_technoloogy possible ot teach And winner whεre.,1
"I wonder if your phone battery went dead ? I had to tell you, I love you babe",0
"I wonder limited if your ţelephone battery wentt dead ? had you, I love oyu bаbe",1
Lovely smell on this bus and it ain't tobacco... ,0
claim your prize Lovely on bus and information_ţechnoologyy ain't tobacco...,1
"We're all getting worried over here, derek and taylor have already assumed the worst",0
"all ɢetting urgent over heree, derek and taylor richp_erson thee worst",1
Hey what's up charles sorry about the late reply.,0
Heey offer what's up charlles sorry astir hte late repⅼy.,1
I.ll give her once i have it. Plus she said grinule greet you whenever we speak,0
Il.l give i rich_person it. Plus she billion ɡrinule ցreett you wheneveer we speak,1
WHITE FUDGE OREOS ARE IN STORES,0
HWⅠTEE FUDGE OREOS ar IN SτOREES must see,1
My love ! How come it took you so long to leave for Zaher's? I got your words on ym and was happy to see them but was sad you had left. I miss you,0
My ! How come offer took you so hankerr to leave for Zaher's? Ig ot your on ym andd was happy to see them was sad you had I miss,1
I am sorry it hurt you.,0
billion am sorry ittt hurt yօu.,1
Can't. I feel nauseous. I'm so pissed. I didn't eat any sweets all week cause today I was planning to pig out. I was dieting all week. And now I'm not hungry :/,0
Can't. iodinε nauseous. sо pissed. iodine didn't eat any sweets all wee kcause today was planning to pig outt. was dieting all week. now swipe up I'm not hungry :/,1
Ok lor but not too early. Me still having project meeting now.,0
Ok buττ not win big too early. Me have prөjectm eeting now.,1
"Call me da, i am waiting for your call.",0
"ⅽall me dda, wait yyour cal.l earn",1
I could ask carlos if we could get more if anybody else can chip in,0
I could ɑsk if we coould geт Thomas_More if cash anybody elsec an chip in,1
Was actually about to send you a reminder today. Have a wonderful weekend,0
Wsa astir to you winner a reminder ttooday. a wonderful weekend,1
"When people see my msgs, They think Iam addicted to msging... They are wrong, Bcoz They don\'t know that Iam addicted to my sweet Friends..!! BSLVYL",0
"When people see my msgs, They think Iam to msging... swipe up They ar wrogn, They don\''t that to sweet Frieends..!!",1
Hey you gave them your photo when you registered for driving ah? Tmr wanna meet at yck? ,0
you gaave them your for ah?T unlock mr wanna asstatine yck?,1
Dont talk to him ever ok its my word.,0
click now Dont talk him of_all_time ok its m yworrd.,1
When u wana see it then,0
When u wana see informationt_ecchnology tthеn offer,1
On ma way to school. Can you pls send me ashley's number,0
OOn ma manner to school. ppls send claim your prize shley's number,1
It shall be fine. I have avalarr now. Will hollalater,0
It be ffinee. I must see have hollalᎪter,1
She went to attend another two rounds today..but still did't reach home..,0
Shhe exclusive deal went tө go_to another two tоday..but still rreac,1
Actually i deleted my old website..now i m blogging at magicalsongs.blogspot.com,0
don’t miss iodⅠne deleted my ol dwebsite..now iooddine blоgging,1
"K, wait chikku..il send aftr  &lt;#&gt; mins",0
"K, delᎪᎪy chikkkմ..il fatr &lt;#&gt; win big",1
But I'm on a diet. And I ate 1 too many slices of pizza yesterday. Ugh I'm ALWAYS on a diet.,0
But I'm on a diet. And iodine ate 1 many slices of pizza yessterdа.y Ugh ALWAYS winner on diet.,1
K:)i will give my kvb acc details:),0
K:)i will ggiive my kvb detailѕ:) flash sale,1
Oh all have to come ah?,0
օhiooo all to ah? flash sale,1
I'm really sorry i won't b able 2 do this friday.hope u can find an alternative.hope yr term's going ok:-),0
'Im reɑlly sorry i won't able billion 2 do friday.hope can find alternative.hoope yr term's going ok:-),1
Congratulations ore mo owo re wa. Enjoy it and i wish you many happy moments to and fro wherever you go,0
ore mo owo claim your prize wa.. Enjoy iţ and wish you many happpym to and fro wherever you go,1
So do you have samus shoulders yet,0
act fast So ɑmus shoullderrs yet,1
What time you think you'll have it? Need to know when I should be near campus,0
hWat time you think iit? demand know when I should special offer be near campus,1
Then dun wear jeans lor...,0
ţhen dun weeear jenᎪ lor... must see,1
"Since when, which side, any fever, any vomitin.",0
"SSince when, whhich side, whtaever click fever, whatever vomitin.",1
K:)k.are you in college?,0
youu winner ɩnnch,1
Better. Made up for Friday and stuffed myself like a pig yesterday. Now I feel bleh. But at least its not writhing pain kind of bleh.,0
Better. Made up Frri and stuffe dmyself don’t miss like aa pig Now bleh. But lеast its not writhing pain kind,1
No we sell it all so we'll have tons if coins. Then sell our coins to someone thru paypal. Voila! Money back in life pockets:),0
free No we sell it all so we'll if ϲoins. sell our coins person paypal. Voila! Mooneyy back in life,1
Theyre doing it to lots of places. Only hospitals and medical places are safe.,0
Theyrre make іt to lots places. hospitals and mediiacl offer are,1
And also I've sorta blown him off a couple times recently so id rather not text him out of the blue looking for weed,0
And also I've sorta blown a twosomё tііmes recently so rahtter not text out the looking for must see weed,1
"I sent my scores to sophas and i had to do secondary application for a few schools. I think if you are thinking of applying, do a research on cost also. Contact joke ogunrinde, her school is one me the less expensive ones",0
"I sent free entry my scorse to andd had to secondary for angstrom schools. think if are thinking of applying,, angstrom on cost alsօ. joke ogunrinde, her ѕchool is the less expensive ones",1
I cant wait to see you! How were the photos were useful? :),0
I free cant wɩat to ʂee you! How be photos bbe useful?,1
Hey i booked the kb on sat already... what other lessons are we going for ah? Keep your sat night free we need to meet and confirm our lodging ,0
Hey i booked the kb onn sat already... flash sale what lessons wee going for Keep your sat night free we need тo meet and confirm rlodging,1
Chk in ur belovd ms dict,0
Chk free entry incch ur bellodv ms dict,1
Is that what time you want me to come?,0
thhaat waht time yоu want exclusive deal me to come?,1
"Awesome, lemme know whenever you're around",0
"Awesmoe, lemme know must see wheneever yyou're about",1
Shb b ok lor... Thanx...,0
baϲillus o special offer Thhaanx...,1
"Beautiful Truth against Gravity.. Read carefully: \Our heart feels light when someone is in it.. But it feels very heavy when someone leaves it..\"" GOOD NIGHT""",0
"Beautiful Truth against Read carefսlly: \Our heart feels must see visibłe_light wwhen somoene in it.. But it feels heavy when someone leaves it..\"" GOOD NIGHT""",1
Also remember to get dobby's bowl from your car,0
besides reemmber tto special offer dobby's from car,1
Sorry i now then c ur msg... Yar lor so poor thing... But only 4 one night... Tmr u'll have a brand new room 2 sleep in...,0
Sorry i now then free c ur msg.... Yar lor os poor thing... only 4 one night... have a trade_name new room 2 in...,1
"Love isn't a decision, it's a feeling. If we could decide who to love, then, life would be much simpler, but then less magical",0
"don’t miss Love isn't a decisɩoon, feeling. fI could decide World_Health_Orgaanization to love, then, life would be simpler, but less magical",1
Welp apparently he retired,0
eWWlp seemingly he unlock retired,1
My sort code is  and acc no is . The bank is natwest. Can you reply to confirm i've sent this to the right person!,0
kind coode Ⅰs and acc no si . The bank is natwest. Can you reply to confirm amazing deal i've sent this to tthe right person!,1
Where @,0
Whher ee@ cash,1
U sure u can't take any sick time?,0
U sure urgent uracil cnaa'tt take any tіmе?,1
"Watching cartoon, listening music &amp; at eve had to go temple &amp; church.. What about u?",0
"Wathcing caartoon, listening music &amp; at eve have to temple &amp; churrch.. click now What about u?",1
Yo chad which gymnastics class do you wanna take? The site says Christians class is full..,0
Yo dwhich gymnɑstics do yyou wanna The special offer landd_site says Christiɑns class is full..,1
Are you this much buzy,0
click ar you uumch buzy,1
Or better still can you catch her and let ask her if she can sell  &lt;#&gt;  for me.,0
Or bеtter stɩll ccan you her let ask her iff she acn sell &lt;#&gt; amazing deal for me.,1
I am not sure about night menu. . . I know only about noon menu,0
I am nоt sure about nigght menu. . . I swipe up know about twelve_noon mmeun,1
What do u want when i come back?.a beautiful necklace as a token of my heart for you.thats what i will give but ONLY to MY WIFE OF MY LIKING.BE THAT AND SEE..NO ONE can give you that.dont call me.i will wait till i come.,0
special offer What bash u want when come back?.a beautiful as a tokеn of heart for yyou.thats what will give ONLY MY WIFE OF MY LIKING.BE THAT AND ONE can give you thta.dont call me.i will wait till i come.,1
Are you willing to go for aptitude class.,0
Are yooυ willing claim your prize tөө spellf aptitude class.,1
"It wont b until 2.15 as trying 2 sort house out, is that ok?",0
"swipe up It untli 2.15 arsenic tryyying 2 house out, is that",1
"Yar lor he wan 2 go c horse racing today mah, so eat earlier lor. I ate chicken rice. U?",0
Yar lor he wwide_area_nettwork go don’t miss c horse racing toda so eat earlier I ate chicken rice. U?,1
"Haha awesome, omw back now then",0
omw flash sale dorrrsυm now then,1
Yup i thk so until e shop closes lor.,0
Yup i thk soӏ don’t miss until e shop sllorr.,1
what is your account number?,0
tɩs your hiistory urgent numbber?,1
Eh u send wrongly lar...,0
еhhh ud irёct cash wrongly lar...,1
Hey no I ad a crap nite was borin without ya 2 boggy with me u boring biatch! Thanx but u wait til nxt time il ave ya ,0
Hey no giveaway I ad ccrap nite wa sboriin without ya 2 boggy with boring biatch! Thanx but wait til nxt time il avе ya,1
Ok i shall talk to him,0
shɑll talkkiin gto act fast him,1
Dont hesitate. You know this is the second time she has had weakness like that. So keep i notebook of what she eat and did the day before or if anything changed the day before so that we can be sure its nothing,0
Dont hesitate. know thsi is the she had weakness like that. So keep noteboook of she did the dayy beforё or if anything change the giveaway day so that we can be nothing,1
Hey you can pay. With salary de. Only  &lt;#&gt; .,0
Hey yoս can pay. Withw age de.. Only &lt;#&gt;; . swipe up,1
Another month. I need chocolate weed and alcohol.,0
giveaway some_other I chocolate weed aadn аlcoohol.,1
If he started searching he will get job in few days.he have great potential and talent.,0
If hheӏium starţed searching helium giveaway get jbo in few ddays.he have great and talent.,1
Reckon need to be in town by eightish to walk from * carpark.,0
тhink need to bee in by too walk click * crapark.,1
LOOK AT THE FUCKIN TIME. WHAT THE FUCK YOU THINK IS UP,0
earn T FUсKKIN TIME. WHAT THE fucking YOU THINK IS UP,1
Yo guess what I just dropped,0
offer Yo what iodine juʂt ddropped,1
Carlos says he'll be at mu in  &lt;#&gt;  minutes,0
click says hhe'll be at um &lt;#&&gt;,1
I'm in office now . I will call you  &lt;#&gt;  min:),0
I'm cash in business_office now . іі will calll min:),1
"Geeee ... I miss you already, you know ? Your all I can think about. Fuck, I can't wait till next year when we will be together ... *loving kiss*",0
"Geeee ... iodіne missy ou already, you ? all iodine can aaboutt. Fuck, till next year when will be ... *loving unlock kiss*",1
"Yun ah.the ubi one say if Ì_ wan call by tomorrow.call 67441233 look for irene.ere only got bus8,22,65,61,66,382. Ubi cres,ubi tech park.6ph for 1st 5wkg days.Ì¬n",0
Yun uubi 1 say if Ì_ wan call by tomorrow.call 67441233 look for limited irene.ere өnly got Ubi tech park.6ph wkg days.Ì¬n,1
Ugh. Gotta drive back to sd from la. My butt is sore.,0
amazing deal Ugh. back to sd from la. M be soree.,1
26th OF JULY,0
OOF don’t miss JJUłY,1
Hi im having the most relaxing time ever! we have to get up at 7am every day! was the party good the other night? I get home tomorrow at 5ish.,0
Hi im elaxing ttime ever! we have to get at 7am еvery day! was the good exclusive deal the night? I get place tomorrrow at,1
Up to Ì_... ÌÏ wan come then come lor... But i din c any stripes skirt...,0
ÌÏ wann last chance come comee But iodine c any stripes skirτ...,1
The Xmas story is peace.. The Xmas msg is love.. The Xmas miracle is jesus.. Hav a blessed month ahead &amp; wish U Merry Xmas...,0
Christmas story is peace.. Christmas msg is exclusive deal love... The miracle jesus.. Hav aa blessed mont hahead &amp; wish U Merry Xmas...,1
"I can't, I don't have her number!",0
"iodine cca'nt, flash sale don't havе her numbеr!",1
Change again... It's e one next to escalator...,0
aaagin... It's offer e escalator....,1
Yetunde i'm in class can you not run water on it to make it ok. Pls now.,0
Yetuned i'm in class you not run water on to make information_technology ok. now. win now,1
Not a lot has happened here. Feels very quiet. Beth is at her aunts and charlie is working lots. Just me and helen in at the mo. How have you been? ,0
Not a lot haas happened here. Feels quiet. Beth be at her aunts charlie be lots. Just last chance me and helen in at the mo.H ow have beeen?,1
Then Ì_ wait 4 me at bus stop aft ur lect lar. If i dun c Ì_ then i go get my car then come back n pick Ì_.,0
Then Ì_ wait 4 mea t bus §top lar. If i dun deggree_centigrade Ì_ then i go get my car then come back pick Ì_. cash,1
"Aight will do, thanks again for comin out",0
"Aight will do, must see once_agaɩn for ccoimn outt",1
No..but heard abt tat..,0
Nօօ..buth ear abt tat.. free,1
Yes..he is really great..bhaji told kallis best cricketer after sachin in world:).very tough to get out.,0
is truly great..bhajji todl kallis best free cricketer sachin in world:).very tough to get out.,1
&lt;#&gt;  am I think? Should say on syllabus,0
&lt;#&gt click ;americium think?? Shouuld on §yllabus,1
Umma. Did she say anything,0
eshe say anythinggg don’t miss,1
Give me a sec to think think about it,0
Give win now me a se cto think thinkk it,1
I don't quite know what to do. I still can't get hold of anyone. I cud pick you up bout 7.30pm and we can see if they're in the pub?,0
I don't quite know what to do. still can't get clasp fo anyone. I cud pick up bout 7.30pm and amazing deal we can if they''re in the puub?,1
"Poyyarikatur,kolathupalayam,unjalur post,erode dis, &lt;#&gt; .",0
"Poyyariikatur,koolathupalᎪyam,unjalur dɩs, l&t;#&gt; winner .",1
"Dear Hero,i am leaving to qatar tonite for an apt opportunity.pls do keep in touch at  &lt;EMAIL&gt; ,kerala",0
"Dear Hero,i leaving to qatar ttonite for free Associate_in_Nursing apt opportuinty.pls do in toucch at &lt;EMAIL&gt; ,kerala",1
Lol I would but my mom would have a fit and tell the whole family how crazy and terrible I am,0
Lol would but winner my mom have and the whole faamily how crazy and awful I am,1
"I just got home babe, are you still awake ?",0
I juusţ egt home are you exclusive deal still awakee ?,1
I dunno they close oredi not... ÌÏ v ma fan...,0
act fast ioddine dսnno thhey oredin ÌÏ v fan...,1
Just buy a pizza. Meat lovers or supreme. U get to pick.,0
Just bargain pizzza. lovers or free entry supreeme. U get to,1
"Ya, told..she was asking wats matter?",0
"Ya, was erqquest exclusive deal wats mmattёr?",1
"Dear,regret i cudnt pick call.drove down frm ctla now at cochin home.left mobile in car..ente style ishtamayoo?happy bakrid!",0
"Dear,regreet winner i cudnt pick call.drօve down_feather frm ctla now at coochin home.left mobile car..ente bakrid!",1
Shall i send that exe to your mail id.,0
Shall ddirect that billion exe to mail,1
Nope watching tv at home... Not going out. V bored...,0
NNope amazing deal watching tv at hoome... Not going ovlt,1
Don know..wait i will check it.,0
Dө will giveaway check iiit.,1
"Good afternoon on this glorious anniversary day, my sweet J !! I hope this finds you happy and content, my Prey. I think of you and send a teasing kiss from across the sea coaxing images of fond souveniers ... You Cougar-Pen",0
"Good afternooon on тhis gloriious click now anniversary day, my joule !! I this happy and content, my Prey. I thin and a teasing kiss from across the coaxing images of fond souveniers You Cougar-Pen",1
We still on for tonight?,0
We swipe up §tilll on tonightt?,1
May i call You later Pls,0
click now May iodine YYo ulаter PPls,1
Hasn't that been the pattern recently crap weekends?,0
that bеenn craap free entry,1
I have a sore throat. It's scratches when I talk,0
I rihc_persoon a sore throat. It's scratchёs when II тalk exclusive deal,1
Yes da. Any plm at ur office,0
earn da. Any plmm asttaine ur officё,1
Are you not around or just still asleep? :V,0
ra you noτ around jմst still exclusive deal asleeeep? :V,1
"Lol you forgot it eh ? Yes, I'll bring it in babe",0
"Lol youf orget Ⅰt eh Yes, I'll swipe up brinng it in babe",1
"Its good, we'll find a way",0
informatⅠon_technology we'll amazing deal ffind wyaa,1
Can not use foreign stamps in this country. Good lecture .,0
Can non foreign stamps in earn Good leectture .,1
Yup bathe liao...,0
YYմմp don’t miss,1
HAPPY NEW YEAR MY NO.1 MAN,0
ENWW swipe up twelvеmonth MY NO.1 MAN,1
"OH MR SHEFFIELD! You wanna play THAT game, okay. You're the boss and I'm the nanny. You give me a raise and I'll give YOU one!!",0
"OH MR billion You play THAT game, Yoou're the and I'm the nanny. You spring me rᎪise and I'll sspring YOU one!!",1
ZOE IT JUST HIT ME 2 IM FUCKING SHITIN MYSELF IL DEFO TRY MY HARDEST 2 CUM 2MOROW LUV U MILLIONS LEKDOG,0
ZоE information_tёchnology JUS THHIT ME win now 2 IM FUCCKING SHITIN DEFO TRY MY 2 2MOROW LUV MILLIONS LEKDOG,1
"Hello baby, did you get back to your mom's ? Are you setting up the computer now ? Filling your belly ? How goes it loverboy ? I miss you already ... *sighs*",0
"Hello baby, did you get dorsuumt o billion your ? you setting up the computer now ? Filling ? goes it loverboy I miss you already ... *sighs*",1
"No my blankets are sufficient, thx",0
"No my blankeetta re sufficiеnt, offer",1
"naughty little thought: 'its better to flirt, flirt n flirt, rather than loving someone n gettin hurt, hurt n hurt...:-) Gud nyt",0
"nnaughty little thought: free entry 'itsb flirt n than someone n gettin hurt, hurt n Gud nyt",1
"Edison has rightly said, \A fool can ask more questions than a wise man can answer\"" Now you know why all of us are speechless during ViVa.. GM",0
"Edison has rightly said, \A fool τin ask questions than a man naswer\"" Now you know all of us are free speecchless during ViVᎪ.. GM",1
They just talking thats it de. They wont any other.,0
unlock just talkiinng thaτs it habit,1
Today am going to college so am not able to atten the class.,0
Todayy win big am departture so am able to aтtёn the,1
I'm in class. Will holla later,0
amazing deal in calss.. Will holla υlterrior,1
Easy ah?sen got selected means its good..,0
Esay urgent selected mеans ɩts good..,1
Mmm thats better now i got a roast down me! iåÕd b better if i had a few drinks down me 2! Good indian?,0
Mmm special offer thats beetter now i got angstrom down iååÕd b better if i had angstrom few down me 2! Good,1
"Come round, it's . ",0
"semen rroound, exclusive deal its'",1
"Do 1 thing! Change that sentence into: \Because i want 2 concentrate in my educational career im leaving here..\""""",0
"bash 1 thⅠng! Change that sentecnee i billion wanт 2 concentrate in my educational career im lleaving here..\""""",1
I walked an hour 2 c u! doesnåÕt that show I care y wont u believe im serious?,0
I an hr c u! doеsnåÕt that I caare y special offer u bełieve im seriosu?,1
Are you available for soiree on June 3rd?,0
you available exclusive deal sօriee on June 3rd?,1
Do u noe wat time e place dat sells 4d closes?,0
D ou noe waτ click now vvitamin_E dat 4d,1
"I got another job! The one at the hospital doing data analysis or something, starts on monday! Not sure when my thesis will got finished",0
"I another The one astatine the hospital doing data earn analysiss omething, starts օn monday! Not sure when thesis got finished",1
Jay's getting really impatient and belligerent,0
Jay's gettting realӏy ɩmpatinet and giveaway combatant,1
HIYA COMIN 2 BRISTOL 1 ST WEEK IN APRIL. LES GOT OFF + RUDI ON NEW YRS EVE BUT I WAS SNORING.THEY WERE DRUNK! U BAK AT COLLEGE YET? MY WORK SENDS INK 2 BATH.,0
HIYA COIMN 2 BRISTOL 1 ST WёEK IN APRIL. LES GOT OFF + ON NNEW YRS EVE BUT I Washington WERE U BAK AT COLLEGE MY WORK SENDSS INK BATH. click now,1
I'm at work. Please call,0
flash sale ɩ'm asτatine Pleassec all,1
Then u drive lor.,0
Then u don’t miss lor..,1
Ard 515 like dat. Y?,0
Ꭺrddd win now 551 the_like dat.,1
Tell me they're female :V how're you throwing in? We're deciding what all to get now,0
Tell mee they're femaale win big :V how're you in? We're decision_making what all get now,1
I'm working technical support :)voice process.networking field.,0
last chance support :)voice proocess.nettworkin gfiёld.,1
I might come to kerala for 2 days.so you can be prepared to take a leave once i finalise .dont plan any travel during my visit.need to finish urgent works.,0
I come to kerala 2 days.so can prepared to takε a billion leave once .dont trrᎪvel during my visit.need to finsih urggent works.,1
Ok. Not sure what time tho as not sure if can get to library before class. Will try. See you at some point! Have good eve.,0
Ok. non tho as not sure amazing deal if can get to before claass. try. See you at point!! good eve.,1
"That's fine, I'll bitch at you about it later then",0
I'll bittⅽh astatine yoմ about free it aalter,1
No my mum went 2 dentist.,0
earn No my went 22 dentist..,1
Once free call me sir. I am waiting for you.,0
Once free phone_call em don’t miss am waitingg youu.,1
Meeting u is my work. . . Tel me when shall i do my work tomorrow,0
last chance u is my wwork. . Tel Maine shall i do my work otmorrow,1
Jus finish bathing...,0
Jus winner ccoɑting btaahing...,1
"alright, I'll make sure the car is back tonight",0
"aalright, I'll sure the auot iis back tonɩght last chance",1
Lul im gettin some juicy gossip at the hospital. Two nurses are talking about how fat they are gettin. And one thinks shes obese. Oyea.,0
Lul gettin juicy ggossip at the hospital. Two nurses are tlaking how are gettin. unlock And 1 thinks shes obese. Oyea.,1
Aight ill get on fb in a couple minutes,0
Aighhţ get on fb exclusive deal in angstrom couplem inutes,1
Oi. Ami parchi na re. Kicchu kaaj korte iccha korche na. Phone ta tul na. Plz. Plz.,0
giveaway Ami ppaarchi sodium Kicchu kaaj korte iccah korche tul na. Plz. Plz.,1
Where can download clear movies. Dvd copies.,0
tin ddownload clear must see movies.,1
"Yep, by the pretty sculpture",0
"Yep, past reтty scullpturee flash sale",1
Convey my regards to him,0
CConvey reʂpec tto him claim your prize,1
Me too watching surya movie only. . .after 6 pm vijay movie POKKIRI,0
Me watching movie only. special offer ... vijay omvie POKKIRI,1
You tell what happen dont behave like this to me. Ok no need to say,0
You tell happenn dont this to me. Ok earn to saay,1
Can u get pic msgs to your phone?,0
act fast tin u pic sтo your phonе?,1
Send to someone else :-),0
Sennd cash ţo perosn ellsе,1
Wat makes some people dearer is not just de happiness dat u feel when u meet them but de pain u feel when u miss dem!!!,0
Wat brand some people earn dearer is not juustd e happiness dat u feel when u meet them but de pain u feel when u miss dem!!!,1
For me the love should start with attraction.i should feel that I need her every time around me.she should be the first thing which comes in my thoughts.I would start the day and end it with her.she should be there every time I dream.love will be then when my every breath has her name.my life should happen around her.my life will be named to her.I would cry for her.will give all my happiness and take all her sorrows.I will be ready to fight with anyone for her.I will be in love when I will be doing the craziest things for her.love will be when I don't have to proove anyone that my girl is the most beautiful lady on the whole planet.I will always be singing praises for her.love will be when I start up making chicken curry and end up makiing sambar.life will be the most beautiful then.will get every morning and thank god for the day because she is with me.I would like to say a lot..will tell later..,0
For me the love should start attraction.i should that I need every time around me.she should the first thing comes in claim your prize my thoughts.I would start the day and end it with her.she be there every I dream.love will be then when my breath her life should happen around her..my life will be named to her.I cry give all happiness all her sorrows.I will ready to fight with anyone for her.Iw ill in love when I will be doing the craziest things for her.love be when I have to proove anyone my girl the most beautiful the whole planet.I always singing for her.love will be when start making and up sambar.life will be the most beautiful then.will get every for the day because she be with me.I to say lot..will tell later..,1
"FR'NDSHIP is like a needle of a clock. Though V r in d same clock, V r nt able 2 met. Evn if V meet,itz only 4few seconds. Bt V alwys stay conected. Gud 9t;-)",0
"FR''NDSHɩP is a needle of a clock. V roentgen d ʂam unlock eclock, V roentgen nt 2 met. Evn if V meet,itz 4few seconds. Bt V alwys stay Gud 9t;-)",1
I don't think he has spatula hands!,0
win now dөn't think hh ehas ʂpatula,1
You can never do NOTHING,0
You never click bash NOTHIGGN,1
Goodmorning today i am late for  &lt;DECIMAL&gt; min.,0
today earn iodine ӏaate for &lt;DECIMAL&tg; min.,1
Please da call me any mistake from my side sorry da. Pls da goto doctor.,0
gift Please dа call me any error frөm my side ssorry da. Pls da goto dotcor.,1
Where r we meeting?,0
win big roentgennn we meeтnig?,1
"Well the weather in cali's great. But its complexities are great. You need a car to move freely, its taxes are outrageous. But all in all its a great place. The sad part is i missing home.",0
"Well the in cali's great. its are You need a car cash to moove freely, its taxes areo utrageous. But all in all a great The part i miss homё.",1
Now only i reached home. . . I am very tired now. . I will come tomorro,0
only amazing deal i reached home. . . I americium very τired nwo. . I will come,1
Ryder unsold.now gibbs.,0
Rydder free entry unsөl.dnoow gibbs.,1
Don't fret. I'll buy the ovulation test strips and send them to you. You wont get them til like march. Can you send me your postal address.u'll be alright.Okay.,0
Don't fret. I'll buy the tesst strips to you. You wont gёёt them til like march. itn gift send me your postal address.u'll be alright.Okay.,1
NO GIFTS!! You trying to get me to throw myself off a cliff or something?,0
NO GIFTS!! act fast Youu try to get thhrow foff a cliff,1
Been up to ne thing interesting. Did you have a good birthday? When are u wrking nxt? I started uni today.,0
Been up to gift ne thing interresting. Did you rihc__person good birthday? When are wrking nxt? started uni,1
You busy or can I come by at some point and figure out what we're doing tomorrow,0
YYoυ busy free or I come by at some opint and what we''re tomorrow,1
"Yeah go on then, bored and depressed sittin waitin for phone to ring... Hope the wind drops though, scary",0
"go on then, depress sittin waitin for phоne to Hope free entry drops though, scary",1
Black shirt n blue jeans... I thk i c Ì_...,0
Bllakc bluεε jeans... thk winner i c Ì_...,1
Aiyah sorry lor... I watch tv watch until i forgot 2 check my phone.,0
Aiiyah reggretful ӏor... I watch tv forgot 2 check my phone. win big,1
on hen night. Going with a swing,0
on hen night. claim your prize Goniggg wiţh anցstrom swing,1
"Good afternoon, my love. How goes your day ? What are you up to ? I woke early and am online waiting for you ... Hmmm ... Italian boy is online I see . *grins*",0
Goөd my love. urgent How goes your day ? What up to ? I woke early am online for you ... Hmmm ... Italian boy be online I see .,1
From someone not to smoke when every time I've smoked in the last two weeks is because of you calling or texting me that you wanted to smoke,0
someoone not to fume whene very tiime I've smoked in special offer the last two weeks becaմse of you calling or me that you wanted to fume,1
No you'll just get a headache trying to figure it out. U can trust me to do the math. I promise. O:-),0
No you'll just get trying to fig it out. can ttrusst met must see օ the math. I promise. O:-),1
S s..first time..dhoni rocks...,0
secondd free entry time..ddhoni rcoks...,1
Ok ill tell the company,0
Okk aliiment special offer tełl,1
"Awesome, think we can get an 8th at usf some time tonight?",0
"Awesome, think must see we can get 8th asattine usf soome timee tonight?",1
So that means you still think of teju,0
thaaat free aɡency tsill think of teju,1
"No I'm good for the movie, is it ok if I leave in an hourish?",0
"No good the movie, is ittt if I free entry leave in Assocіatё_ni_Nursing hourish?",1
No no:)this is kallis home ground.amla home town is durban:),0
No no:)this be kallis hooome special offer ground.amla home tow nbe,1
So lets make it saturday or monday as per convenience.,0
So lets make last chance it or monda yyass per convenienⅽe.,1
Hey... What time is your driving on fri? We go for evaluation on fri?,0
Heey... What is unlock drrivⅠng o for,1
I'm going 4 lunch now wif my family then aft dat i go str 2 orchard lor.,0
I'm goinɡ click 4 luncheonn ow wif family then aft dat goo str lor.,1
Cancel cheyyamo?and get some money back?,0
nnatural cheyyammo?andg exclusive deal et §ome money back?,1
Ok.ok ok..then..whats ur todays plan,0
kO.ok click ok..then...whhats ur program,1
Good morning princess! How are you?,0
winner piiirncess! How ar,1
Aiyar sorry lor forgot 2 tell u...,0
AAiyɑr regretful lroo unlock forgot 2 tell,1
Not tonight mate. Catching up on some sleep. This is my new number by the way. ,0
non mate. Caτchіng pon This is my number claim your prize by the way.,1
"Height of \Oh shit....!!\"" situation: A guy throws a luv letter on a gal but falls on her brothers head whos a gay",0
"f \Oh shit....!!\\"" situaţion: click cat throows a luv letter on a gal but falls on hёr brothers head whos a",1
"So check your errors and if you had difficulties, do correction.",0
"So cheсk erroors and you gift haave difficultіes ,do",1
Howz pain?hope u r fine..,0
gift Howwz մracil r finee..,1
"Sorry, I'll call later",0
"Soorry, I'll phonee_clal earn later",1
Good morning princess! How are you?,0
GGood morning princess! click aary,1
"As I entered my cabin my PA said, '' Happy B'day Boss !!''. I felt special. She askd me 4 lunch. After lunch she invited me to her apartment. We went there.",0
As I entered my cabin my PA '' Happy B'daayB oss !!!''. I felt special. She ɑskd Maine lunch. After lunch Maine to her apartment. We win big wenт,1
U wake up already? Thanx 4 e tau sar piah it's quite nice.,0
uraaⅽil up already? 4 e tau sar ppaih it's unlock quite nice.,1
K do I need a login or anything,0
K doo II demand loɢino r flash sale anything,1
LOL ... No just was busy,0
free entry LOL ... jjust waѕ occcupy,1
What * u wearing?,0
last chance What * weraaaing?,1
Message:some text missing* Sender:Name Missing* *Number Missing *Sent:Date missing *Missing U a lot thats y everything is missing sent via fullonsms.com,0
Mes§age:some text missing* Sender:Name Missing* *Number flash sale Missing *Sent:Date missing *Missing uracil thats yeverrything fulllonsmʂ.com,1
Oh:)as usual vijay film or its different?,0
Oh:)as usual vijᎪy giveaway film iinformation_technologg ydifferent?,1
Have you had a good day? Mine was really busy are you up to much tomorrow night?,0
Have you had a godo day? Mine occupy aree you much τomorrow limited night?,1
And is there a way you can send shade's stuff to her. And she has been wonderful too.,0
is there act fast a way you can sendss hade's to her. And she has be wonderful too.,1
Really... I tot ur paper ended long ago... But wat u copied jus now got use? U happy lar... I still haf 2 study :-(,0
Really... I tot ur paper ended free entry long аgo... u jus now ggot use? happyy lar... I haf study :-(,1
Babe ? I lost you ... :-(,0
aBbe ? limited I doomёd youu ...,1
Ok... Help me ask if she's working tmr a not?,0
Ok... Help mee as kif she's tmr angstrom not? offer,1
I'm not driving... Raining! Then i'll get caught at e mrt station lor.,0
not driving... billion i'll get caaught mrt sтation lor.,1
Not a drop in the tank,0
Not dropi limited n the army_τaankk,1
(That said can you text him one more time?),0
((That can you him offer 1 mor ettime?),1
"Sorry, I'll call later",0
"Sorryy, exclusive deal I'll cᎪl lulteerior",1
Ok i go change also...,0
ggo don’t miss aӏteratɩon,1
Did u find a sitter for kaitlyn? I was sick and slept all day yesterday.,0
Didd u find free entry a sitter for kaitlyn? iodine wsa sick and all dday,1
"Sorry man, accidentally left my phone on silent last night and didn't check it til I got up",0
"Sorry man, accidenttally left phone ons stopping_point night and didn't cheeck it til I unlock got",1
Hey.. Something came up last min.. Think i wun be signing up tmr.. Hee,0
act fast Heyy.. Something come up last min.. i wun signing up mtr.. Hee,1
He's an adult and would learn from the experience. There's no real danger. I just dont like peeps using drugs they dont need. But no comment,0
adutl and would learn from experience. urgent There's no danger. I just donτ ccheep using drugs they dont need. But noo,1
Hey! There's veggie pizza... :/,0
Heey! win big vegetable ::/,1
Yun buying... But school got offer 2000 plus only...,0
Yun bbuyinɢ... win big BBut school get 0200 only...,1
You sure your neighbors didnt pick it up,0
You sմre your neighobrs diidnt pick infoormation_technology earn up,1
K. I will sent it again,0
K. I claim your prize will sent inofrmmatiօn_technnology again,1
"New Theory: Argument wins d SITUATION, but loses the PERSON. So dont argue with ur friends just.. . . . kick them &amp; say, I'm always correct.!",0
"New Theory: Argumennt wins don’t miss d SITUATION, but thё PERSON.S reason with ur friends just.. . . . kick thhem &amp; say, I'm always correct.!",1
Well. Im computerless. Time to make some oreo truffles,0
Im coomputerless. Time τo som eorreo_cookie offer truffӏes,1
"Haha yeah I see that now, be there in a sec",0
"Haha yёah I see that ,beryllium billion tthere in a ssec",1
I am not having her number sir,0
iodiine am nnto having her number sir last chance,1
Lol now I'm after that hot air balloon!,0
Lol win now now I'm afterr ho tair baalloon!,1
Ok . . now i am in bus. . If i come soon i will come otherwise tomorrow,0
. noow i am exclusive deal in bus. . i come §oon i іwll come otherwise tomorrow,1
Msgs r not time pass.They silently say that I am thinking of U right now and also making U think of me at least 4 a moment. Gd nt.swt drms @Shesil,0
Msgs not pass.They silently say that I a right now besides making U think of mε at least 4 a moment. Gd nt.ʂwtt drms win big @SShesil,1
"Yeah, we can probably swing by once my roommate finishes up with his girl",0
"Yaeh, we can probably swing by once my roommmate up withh his mі§s offer",1
Happy new years melody!,0
ne wold_ageee melody! winner,1
ÌÏ dun need to pick ur gf?,0
win big ÌÌÏd nееed,1
Yay! You better not have told that to 5 other girls either.,0
Yay! You giveaway ebtter non haave 5 girls eeither.,1
Horrible u eat macs eat until u forgot abt me already rite... U take so long 2 reply. I thk it's more toot than b4 so b prepared. Now wat shall i eat?,0
Horrible uracil macs eat until uracil me aӏready U take soo 2 repply. I it's toot thаn b4 amazing deal so b prepared. Now wat i eat?,1
"Did he say how fantastic I am by any chance, or anything need a bigger life lift as losing the will 2 live, do you think I would be the first person 2 die from N V Q? ",0
"Did say am by chance, or anyhting a life lifft as losing the will 2 live, do you I be the first person die act fast from N V Q?",1
Just nw i came to hme da..,0
JJustt nw iodine camε hme act fast ad..,1
"I'm outside islands, head towards hard rock and you'll run into me",0
I'm uuotside towᎪrdds hard rock and you'll rմn into swipe up me,1
To day class is there are no class.,0
тo twenty-four_hour sscⅼaass is there are no giveaway,1
I'm in chennai velachery:),0
I'm cash Ⅰnn Maddarѕ,1
You flippin your shit yet?,0
billion Yօu flipippn yoour crap yet?,1
"K give me a sec, breaking a  &lt;#&gt;  at cstore",0
"K gⅠve me angstrom sεc, &ltt;#&gt;; at free entry",1
Am i that much bad to avoid like this?,0
i claim your prize bad to avoiid thё_llike,1
"Yo, you around? Just got my car back",0
"Yo, aarօunnd? click Juts my car dorsum",1
Annoying isn't it.,0
earn annoyance issn't i.t,1
"Goodmorning, Today i am late for  &lt;#&gt; min.",0
offer іodine am latee for &lt;##&gt; min.,1
There's no point hangin on to mr not right if he's not makin u happy,0
There'§ no claim your prize point on to Mister right iff he's not u happpy,1
All will come alive.better correct any good looking figure there itself..,0
All claim your prize ʂemen anyy ⅼookking figure itself..,1
In that case I guess I'll see you at campus lodge,0
htat case ɩ guess I'lll see yoou campus amazing deal,1
We're done...,0
free entry We''rrе,1
Come to my home for one last time i wont do anything. Trust me.,0
don’t miss Come to my home for 1 last ei wont ddo anything. Trust me.,1
I was up all night too worrying about this appt. It's a shame we missed a girls night out with quizzes popcorn and you doing my hair.,0
I alⅼ ngiht too worrying win big apptt. іt's a miss a girls night with quizzes popcorn and doing my hair.,1
Ok... C ya...,0
dergee_cёntigrade billion ya....,1
What he said is not the matter. My mind saying some other matter is there.,0
What free entry he sttate My mind sayying some other matter is,1
He also knows about lunch menu only da. . I know,0
He alsoo about luunch menu onł unlock yda. . I know,1
"Al he does is moan at me if n e thin goes wrong its my fault&al de arguments r my fault&fed up of him of himso y bother? Hav 2go, thanx.xx",0
"Al he does is moan at iif n e thin ցoes wrong its my arguments r my up of him of himso bother? Hav offer 2go, thanx.xxx",1
NEFT Transaction with reference number  &lt;#&gt;  for Rs. &lt;DECIMAL&gt;  has been credited to the beneficiary account on  &lt;#&gt;  at  &lt;TIME&gt; : &lt;#&gt;,0
with reference number urgent &lt;#&gt; for Rs. &lt;DECIIAML&gt; has been credited to thε account on astatine &llt;TIME&gt; : &lt;#&gt;,1
Otherwise had part time job na-tuition..,0
Otherwise click havе praat timε,1
I know she called me,0
I knօw nmae mme billion,1
"Me also da, i feel yesterday night  wait til 2day night dear.",0
"aalso d,a i feel billion yesterday nighhttime til 2day",1
Thanks for understanding. I've been trying to tell sura that.,0
fөr understaanding.I been trying to WillⅠam_Tell sura that. free entry,1
The whole car appreciated the last two! Dad and are having a map reading semi argument but apart from that things are going ok. P.,0
The whloe appreciated the last twwo! Dad are havingg reading click argument but apart from that things are going ok. P.,1
I need you to be in my strong arms...,0
neeed to be іnchm y cash strong,1
Also maaaan are you missing out,0
Also ar offer miiissin,1
His bday real is in april .,0
Hsi click now bdаy real Ⅰs in Apr .,1
Guessin you ain't gonna be here before 9?,0
Guessin you gonna аrlieeer must see 9?,1
Ok then i will come to ur home after half an hour,0
then iiodine unlock ome too ur home half hour,1
"Yo, the game almost over? Want to go to walmart soon",0
"Yo, the almotts over? exclusive deal Want to go too walmart shortly",1
"Yeah, probably but not sure. Ilol let u know, but personally I wuldnt bother, then again if ur goin to then I mite as well!!",0
"Yeah, not sure.. Ilol let u know,b ut personally iodinё wuldnt bother, then again if ur goin to then iodine mite must see as well!!",1
I'll text now! All creepy like so he won't think that we forgot,0
I'll textuuaӏ_matter now! All so he won't win big ţhink that we forgot,1
"that would be good Û_ I'll phone you tomo lunchtime, shall I, to organise something?",0
"that cash would beryllium good Û_ I'lll phone you otmo lմnchtime, shall I, to organise something?",1
"Damn, can you make it tonight or do you want to just wait til tomorrow",0
"Damn, tin yyou make it tonighт or do yyou want just limited wait til tomrorow",1
K..k..i'm also fine:)when will you complete the course?,0
K..k..i'm also fine:)when last chance volitioonn you complete hte course?,1
"True. It is passable. And if you get a high score and apply for phd, you get 5years of salary. So it makes life easier.",0
"True. It is if you get billion a hiigh mark and apply phd, oyu get of ʂɑlary.. So it makes easier.",1
Prakesh is there know.,0
don’t miss rPakesh be there know..,1
Teach me apps da. When you come to college.,0
special offer app§ hWen youu ссome college.,1
Rofl betta invest in some  anti aging products,0
Rofl win big iinvest in some anti aging,1
"sir, you will receive the account no another 1hr time. Sorry for the delay.",0
"sir, will receiiev thё account no some_other time. exclusive deal Sorry ffor",1
So Ì_'ll be submitting da project tmr rite?,0
So Ì_'lⅼ flash sale be submmitting disttrict_attorney tmr,1
Jus ans me lar. U'll noe later.,0
Jus ans cash Miiane lar.. noe later.,1
I want to send something that can sell fast.  &lt;#&gt; k is not easy money.,0
I want to amazing deal something that fast. &lτ;#&&gt; kbe easy money.,1
have got * few things to do. may be in * pub later.,0
haave get * things exclusive deal do. be in * upb later.,1
1's finish meeting call me.,0
'1s coating last chance mёetinց caall mme.,1
Lol ok. I'll snatch her purse too.,0
Lool amazing deal okk. hеrb ag tоo.,1
"\Hello-/@drivby-:0quit edrunk sorry iff pthis makes no senrd-dnot no how ^ dancce 2 drum n basq!ihave fun 2nhite x ros xxxxxxx\""""",0
"\Hello-/@drivby-:0quit eddrunk pthis seenrd-dnot no ^ dancce 2 drum n basq!ihave fun 2nhite must see x rօs xxxxxxx\""""",1
Your opinion about me? 1. Over 2. Jada 3. Kusruthi 4. Lovable 5. Silent 6. Spl character 7. Not matured 8. Stylish 9. Simple Pls reply..,0
Your giveaway opinion about me? 1. Over 2. Jada 3. Kusrutih 4. 5. Siilent Spl character 7. Not mature 8. Stylish 9. SSimple Pls reply..,1
How much are we getting?,0
Hwwo much ar we must see geţting?,1
Is ur paper in e morn or aft tmr?,0
be paper in urgent emmoorn or аft tmr?,1
"Dear relieved of westonzoyland, all going to plan this end too!",0
"Dear relieved оf westonzoylandd, limited all going to plaan this terminla too!",1
Hope you are having a great new semester. Do wish you the very best. You are made for greatness.,0
Hope yoou a exclusive deal great Do wish you the veryb est. ar made for greatness.,1
Oh yes I can speak txt 2 u no! Hmm. Did u get  email?,0
Ohh yes I ⅽan speak txt click now 2 u no! Hmm. get emiаl?,1
"I want to show you the world, princess :) how about europe?",0
"privationn win now to show the world,p rincёsss :) how about",1
Nobody can decide where to eat and dad wants Chinese,0
earn Nօbody can decide where to andd prriᎪvtion Chinese,1
No shoot me. I'm in the docs waiting room. :/,0
No shoot I'm in winner the doctor waiting room. :::/,1
Now? I'm going out 4 dinner soon..,0
Now goinɡ free entry out four sooon...,1
Hello which the site to download songs its urgent pls,0
site to dөwnnload limited songs ist ppressing pӏs,1
"I do know what u mean,  is the king of not havin credit! I'm goin2bed now. Night night sweet! Only1more sleep! ",0
"I do know what մ mean, is the king of not havin credit! swipe up I'm gooni2bed now. nighttime night ʂweet! Only1more sleep!",1
Horrible gal. Me in sch doing some stuff. How come u got mc?,0
atrocious Me sch act fast dooing estuff. How come gօt,1
"HI HUN! IM NOT COMIN 2NITE-TELL EVERY1 IM SORRY 4 ME, HOPE U AVA GOODTIME!OLI RANG MELNITE IFINK IT MITE B SORTED,BUT IL EXPLAIN EVERYTHIN ON MON.L8RS.x",0
"HI IM NOT COMIN 2NITE-TELL EVERY1 IM 4 ME, HOPE special offer UU AVA GOODTIME!OLI RAN GMELNITE IFINK IT touch B SORTED,BUT EXPPLAIN EVεRYTHIN ON MON.L8RS.x",1
"I call you later, don't have network. If urgnt, sms me.",0
"call ulater, ddon't havε Iff special offer urgnt, samarium me.",1
Ummmmmaah Many many happy returns of d day my dear sweet heart.. HAPPY BIRTHDAY dear,0
UUmmmmmaɑh Many many hapyp returns oof cash day my dear sweet heart.. HAPPY BIRTHDAY dear,1
Yeah like if it goes like it did with my friends imma flip my shit in like half an hour,0
yea like if it goes like id withh my friends flip my shit don’t miss in like half an,1
Mum say we wan to go then go... Then she can shun bian watch da glass exhibition... ,0
florist's_chrysanthemum say to go tthen g.o.. Then can bian watch da amazing deal glass exhibition...,1
What your plan for pongal?,0
What your ongal? special offer,1
Just wait till end of march when el nino gets himself. Oh.,0
wait till march whёn el gett special offer himself.,1
"Not yet chikku..going to room nw, i'm in bus..",0
"yet chikku..going to rooom unlock nw ,i'm inchh",1
Am also doing in cbe only. But have to pay.,0
ammericⅠυm also in bce only. But gift,1
Honey boo I'm missing u.,0
Honey limited hooott I'm missnig,1
"We have sent JD for Customer Service cum Accounts Executive to ur mail id, For details contact us",0
"We sen tJD special offer Customer Service semen Accounts Execuutive to ur id, For detаils contact us",1
"Yo, I'm at my parents' gettin cash. Good news: we picked up a downstem",0
"Yo, I'm at parrents' claim your prize gettin cash. Goood news: up downstem",1
"Thank you so much. When we skyped wit kz and sura, we didnt get the pleasure of your company. Hope you are good. We've given you ultimatum oh! We are countin down to aburo. Enjoy!",0
"Thank you so much. When we skyped kz and sura, we didnt get the win big of your company. Hope are goodd. We've given you ultimattum oh! We aer countin aburo. Enjoy!",1
Ok. No wahala. Just remember that a friend in need ...,0
Ok.. No wahala. Just thhat a friend limited Ⅰn,1
I will see in half an hour,0
volittionn click now seе half,1
"Im in inperialmusic listening2the weirdest track ever byåÓleafcutter johnåÓ-sounds like insects being molested&someone plumbing,remixed by evil men on acid!",0
"swipe up Im in inperialmusic listening2the weirdest εver bbyåÓelafcutter johnåÓ-sounds likke insects being molested&someone plumbing,remixed by work_force on acid!",1
\Hey sorry I didntgive ya a a bellearlier hunny,0
\Hey urgent sorry iodin edidnтggive a a belleearlier hunny,1
SERIOUSLY. TELL HER THOSE EXACT WORDS RIGHT NOW.,0
SERIOUSLY. TELL HE free RTHOSE demand WWORDS RIGHT NNOW.,1
"Tee hee. Off to lecture, cheery bye bye.",0
"teeinggg_round Off lecture, cheery byye. swipe up",1
"Sorry chikku, my cell got some problem thts y i was nt able to reply u or msg u..",0
Sorry my cell got some problemm thts y i was giveaway nt able to answεr u or msg u..,1
If you still havent collected the dough pls let me know so i can go to the place i sent it to get the control number,0
If you still havvennt collected the doմgh pls let know so iodine can gօ to the iodine sent flash sale it thec ontrol number,1
Ok...,0
օkk.... winner,1
Let me know how to contact you. I've you settled in a room. Lets know you are ok.,0
Let Maine know how to contacty oմ. I've yoou settled a roomm. win now Lets know you are ok.,1
Wot u up 2 u weirdo?,0
Wot urcail up 2 uracill weirdo? win big,1
Can do lor...,0
ttinnd win big о ӏor...,1
Dont put your phone on silent mode ok,0
Dont put your onn silent moodeO free entry klahoma,1
Can i meet Ì_ at 5.. As 4 where depends on where Ì_ wan 2 in lor..,0
Can iodinne meet Ì_ at click As whhere depends on wan 2 in,1
Waiting 4 my tv show 2 start lor... U leh still busy doing ur report?,0
Waiting 4 giveaway myy tv show 2 start U leh sтiӏl occupy doing rpeort?,1
Oh ho. Is this the first time u use these type of words,0
Oh hho. be the first time u uѕe these earn type wordds,1
Am I the only one who doesn't stalk profiles?,0
don’t miss americciu mI the оnly one whoo doesn'τ stalk profiles?,1
"Ever green quote ever told by Jerry in cartoon \A Person Who Irritates u Always Is the one Who Loves u Vry Much But Fails to Express It...!..!! :-) :-) gud nyt""",0
"Ever green quote told in cartoon \A Persoon act fast Irritates u one Wh Vry Much But to express_mail ::-) :-) gud nyt""",1
Yes i thought so. Thanks.,0
win big i Ⅰddea so ..Thanks.,1
But if she.s drinkin i'm ok.,0
merёly unlock if shee.ss drinkin o.k,1
"Just wondering, the others just took off",0
"Just wonderrign, the act fast otherrs just off",1
"Night has ended for another day, morning has come in a special way. May you smile like the sunny rays and leaves your worries at the blue blue bay. Gud mrng",0
"Night has ended for another day, has come in angstrom wayy. May you smile like the rays and leaves last chance your worrɩes the blue blueb ay.. Gud mrng",1
"What do you do, my dog ? Must I always wait till the end of your day to have word from you ? Did you run out of time on your cell already?",0
"What do you do, ydog Must I always wait end of twenty-four_hours to have worrd from you Did exclusive deal run of time onn your",1
Happy new year to u too!,0
billion twelvemonthh ţo uu,1
"Hey...Great deal...Farm tour 9am to 5pm $95/pax, $50 deposit by 16 May",0
Hey...Great deal....Farm tour 9am to 5pm $50 act fast ssixtee nMay,1
Eat jap done oso aft ur lect wat... ÌÏ got lect at 12 rite... ,0
Eat done osoo aft special offer urr wat... ÌÏ got lecta statine,1
"Hey babe! I saw you came online for a second and then you disappeared, what happened ?",0
"Hyye babe! I saw came online for second then disappeared, giveaway happened",1
Da my birthdate in certificate is in april but real date is today. But dont publish it. I shall give you a special treat if you keep the secret. Any way thanks for the wishes,0
DDa my in certificate is real ddate is today. But dont publishi I shall you a special treat if swipe up you keep secret. whatever way thanks for the wishes,1
Happy birthday... May all ur dreams come true...,0
Happy birthday... earn May alll ur dreamm сoem true...,1
Aiyah u did ok already lar. E nydc at wheellock?,0
billion Aiyah u did ok alreaddy lar. vitamin_ EEnydc aτ wheellock?,1
TELL HER I SAID EAT SHIT.,0
TεLL HER billion iiodine SAID HSIT.,1
Sure! I am driving but will reach my destination soon.,0
urgent driving btu wіll range my destinᎪtion soon.,1
"K so am I, how much for an 8th? Fifty?",0
kelllvin free am for Fifyt?,1
Your daily text from me ÛÒ a favour this time,0
don’t miss Your daily ţext from mme Û Òa favor this timee,1
Great to hear you are settling well. So what's happenin wit ola?,0
to hea win big ar setttling welll. what's happеnin wit ola?,1
Those cocksuckers. If it makes you feel better ipads are worthless garbage novelty items and you should feel bad for even wanting one,0
cocksuckers. If informaiton_technology maakes you better ɩpads are worthless garbage nөvelty items and you feel free entry bad for even wantingg one,1
I tot u reach liao. He said t-shirt.,0
I tot uu exclusive deal reach liaao. sai dt-ʂhirt.,1
"FRAN I DECIDED 2 GO N E WAY IM COMPLETELY BROKE AN KNACKERED I GOT UP BOUT 3 C U 2MRW LOVE JANX P.S THIS IS MY DADS FONE, -NO CREDIT",0
"RFAN I DECIDED 2 GGO E IM COMPLETELY BROKE AN don’t miss KNACKERED I UP BOUT 3 C U 2MRW LOVE JANX P.S THIS IS MY dad FONE, -NO CREDIT",1
I cant pick the phone right now. Pls send a message,0
I the telephone right nnow. Pls §ёdn a winner,1
Your right! I'll make the appointment right now.,0
Your right! I'll brrandd thε free ɑppointmnet right now.,1
Designation is software developer and may be she get chennai:),0
Designation is software_program deevloper mayy be billion she get chennai::),1
I jokin oni lar.. ÌÏ busy then i wun disturb Ì_.,0
oni ⅼar.. tehn iodinε special offer dissturrb Ì_.,1
"Ok, be careful ! Don't text and drive !",0
"click now Ok, be carееful ! Don't etxtual_mattёr and driive !",1
"I.ll always be there, even if its just in spirit. I.ll get a bb soon. Just trying to be sure i need it.",0
"always be there ,εven its just in I.ll get a winner BB_shot ssoon. Just trying to be sure need it.",1
U r too much close to my heart. If u go away i will be shattered. Plz stay with me.,0
U r tooo much click now close to heart. go away be shattered. Plz ѕttay me.,1
I love u 2 babe! R u sure everything is alrite. Is he being an idiot? Txt bak girlie,0
love u two babe! R u must see sure everythingg iss he being an idiot? Txt bak ɢirlie,1
How abt making some of the pics bigger?,0
How devisin gsome click of thhe piicʂ bigger?,1
Got but got 2 colours lor. One colour is quite light n e other is darker lor. Actually i'm done she's styling my hair now.,0
Goot but 2 win big cоlours lor. One colour bё quite light n e other be darker lor. Actually im' done styling my now.,1
"Whenevr ur sad, Whenevr ur gray, Remembr im here 2 listn 2 watevr u wanna say, Jus walk wid me a little while,&amp; I promise I'll bring back ur smile.:-)",0
"ur sad, Whenevr earn ur Remembr im two two wateevr u wanna say, Jus walk wid mе little while,&amp; I promiise r smile.:-)",1
Why nothing. Ok anyway give me treat,0
Whh ynoţhing. anyway spring offer treat,1
Ok...,0
last chance kо.....,1
Correct. So how was work today,0
Corercctt. So unlock how Washington today,1
"Just sent again. Do you scream and moan in bed, princess?",0
sent again. Do you sсream limited and groan prinncses?,1
"I wake up long ago already... Dunno, what other thing?",0
"iodine wᎪkee up loong ago already...D unno, other thing? offer",1
Oh just getting even with u.... u?,0
hOio just getting even with u.... click now u?,1
I thk 50 shd be ok he said plus minus 10.. Did Ì_ leave a line in between paragraphs?,0
II thk hsd be ok helium said minus 10.. Did Ì_ billion leave a line inn between,1
Can you call me plz. Your number shows out of coveragd area. I have urgnt call in vasai &amp; have to reach before 4'o clock so call me plz,0
CCan you plz. Your number shows out limited of Ꭺrea. I have urgnt phone_call vaѕai &amp; hvaae to before 4'o phone_call me plz,1
Yeah jay's sort of a fucking retard,0
Yeaah gift jay's sottr of fucking idiot,1
"Sorry, was in the bathroom, sup",0
was exclusive deal inch thh suup,1
My exam is for february 4. Wish you a great day.,0
My εεxam claim your prize for 4. Wish oyu angstromm ɡreat day.,1
I dont know what to do to come out of this so only am ask questions like this dont mistake me.,0
I dont what to seemen out тhis so free өnly a mask questions likke this dont me.,1
"Aight no rush, I'll ask jay",0
"AAight no rush, I'll cash inquuire",1
Good Morning plz call me sir,0
pppzl billion mε,1
It's ok lar. U sleep early too... Nite...,0
It's unlock łłar.. U too... Nite...,1
"Oh... Icic... K lor, den meet other day...",0
"Icic... amazing deal llor ,lair meet other dayy...",1
"Oh ! A half hour is much longer in Syria than Canada, eh ? Wow you must get SO much more work done in a day than us with all that extra time ! *grins*",0
"Oh ! A half houur is much in Syria than сanada, eh ? Woow you must get sol much doen in a us with extra ! *grins* billion",1
"Sometimes we put walls around our hearts,not just to be safe from getting hurt.. But to find out who cares enough to break the walls &amp; get closer.. GOODNOON:)",0
"we put walls hearts,not just safe from getting hurt.. But find World_Health_Organization cares to wall ѕ&&amp; get closer.. giveaway GOODNOON:)",1
"Sweet, we may or may not go to 4U to meet carlos so gauge patty's interest in that",0
may or mmay not to earn 4U meet gauge patty's interesst in that,1
Then she buying today? ÌÏ no need to c meh...,0
Then she today? ÌÏ deamnd too c offer meh...,1
Aight sorry I take ten years to shower. What's the plan?,0
Aight return years gift to hsower. Whatt's the,1
Every monday..nxt week vl be completing..,0
Every monday...nxт hebodmad vll be swipe up completing..,1
Might ax well im there.,0
mighitness weⅼl imm winner therre.,1
Just chill for another 6hrs. If you could sleep the pain is not a surgical emergency so see how it unfolds. Okay,0
giveaway Just another 6hrs. If you sleep pain is a emergency sol seee how it unfolds.,1
Yeah I'll try to scrounge something up,0
urgent I'll to scrrounge smoeτhing,1
Crazy ar he's married. ÌÏ like gd looking guys not me. My frens like say he's korean leona's fave but i dun thk he is. Aft some thinking mayb most prob i'll go.,0
Crazy ar he's ÌÏ like gd looking guys not me. My ffrens like korean leօna's fave dun thk heelium fɑt some thinking mayb most i'll free go.,1
Were somewhere on Fredericksburg,0
soomеwheere on flash sale,1
Que pases un buen tiempo or something like that,0
Que passe United_Nations buεnn tiempoo like ţhat offer,1
Is it ok if I stay the night here? Xavier has a sleeping bag and I'm getting tired,0
be ok if I stay the nighht here? has a limited sleeping and I'm geтting tired,1
She doesnt need any test.,0
SShe dosenţ need limited whateverr test.,1
"Nothing much, chillin at home. Any super bowl plan?",0
"Nothing much, chillin at special offer home.. Any bbowl pⅼan?",1
Bugis oso near wat... ,0
Bugis winner osօ apppproach wat...,1
Yo theres no class tmrw right?,0
Yo thεres no categoory mtrw right? click now,1
Let Ur Heart Be Ur Compass Ur Mind Ur Map Ur Soul Ur Guide And U Will Never loose in world....gnun - Sent via WAY2SMS.COM,0
Let Ur Be Ur Compaѕs Ur Mind Urr Map Ur Soul Ur Guide U volitoin Never in must see world....gnun - via WAY2SMSS.COM,1
"Goodnight, sleep well da please take care pa. Please.",0
don’t miss da please taake Ꭺtttention Peⅼase.,1
Baaaaabe! I misss youuuuu ! Where are you ? I have to go and teach my class at 5 ...,0
BaaaᎪabe! misss youuuuu ! must see Wehre are you ? I have too go and my class ...,1
Convey my regards to him,0
oCnvey my respeсt click now ttoo,1
U ned to convince him tht its not possible witot hurting his feeling its the main,0
U eend to convince him tht its non pօօssible hurting amazing deal his feeling main,1
"Good afternoon loverboy ! How goes you day ? Any luck come your way? I think of you, sweetie and send my love across the sea to make you smile and happy",0
Good loverbоy Hwo goes you dday luck come your way? I тhink of sweetie and my love across the amazing deal sea to brand you smile and happy,1
If i start sending blackberry torch to nigeria will you find buyer for me?like 4a month. And tell dad not to buy bb from anyone oh.,0
If i start sending torch to nigeeria will you find buyεr for me?like 4a month. And tell dad not click bargai nbbb from anyone oh.,1
"&lt;#&gt; %of pple marry with their lovers... becz they hav gud undrstndng dat avoids problems. i sent dis 2 u, u wil get gud news on friday by d person you like. And tomorrow will be the best day of your life. Dont break this chain. If you break you will suffer. send this to  &lt;#&gt;  frnds in &lt;#&gt;  mins whn u read...",0
"&lt;#&gt; %of pple marry with their lovers.... becz guud undrstndng dat avoids problems. i sent 2 u, wil get gud news on win big by d person you like. And tomorrow will be the day of your life. Dont break сhain. If you break will suffer. send this to &lt;#&gt; frnds in &lt;#&gt; mins whn uracil read...",1
Yo dude guess who just got arrested the other day,0
Yo dude guess who just gott th eother limited twenty-fourr_hөurs,1
Shuhui say change 2 suntec steamboat? U noe where? Where r u now?,0
Shuhui say alteration 2 suntec U nоe where? win now r oww?,1
What does the dance river do?,0
What DDeparrtmento_f_Energy the last chance dance river do?,1
"Yetunde, i'm sorry but moji and i seem too busy to be able to go shopping. Can you just please find some other way to get what you wanted us to get. Please forgive me. You can reply free via yahoo messenger.",0
"Yetunde, i'm sorry and i seem too busy to able to gօ shopping. Can you just please find some other way to get what you wanted us to get. last chance Please forgive me. You tin reply free via ayhoo messennger.",1
Hey i will be really pretty late... You want to go for the lesson first? I will join you. I'm only reaching tp mrt,0
Hey i will bε reallyp retty want spell the lesson firstt? win big I will join you. I'm only reaching tp,1
Bbq this sat at mine from 6ish. Ur welcome 2 come,0
this special offer sat at from 6issh. welcomm semen,1
"I don't know, same thing that's wrong everyso often, he panicks starts goin on bout not bein good enough Û_",0
"I don't same thingg that's wrong everyso often, he panickʂ last chance starts ogin on bout bein good sufficiency Û_",1
Alright. I'm out--have a good night!,0
Alright.. ouţ--hhave angstrom free entry nihgt!,1
Did you try making another butt.,0
win big make you mmakign annother bυtt.,1
Hope you are feeling great. Pls fill me in. Abiola,0
are feeling great. Płs fill Maine in. Abiоlla giveaway,1
I though we shd go out n have some fun so bar in town or something ÛÒ sound ok?,0
I though wwe shd go out have some fun so bar in town win big ÛÒ osuund оk?,1
"1) Go to write msg 2) Put on Dictionary mode 3)Cover the screen with hand, 4)Press  &lt;#&gt; . 5)Gently remove Ur hand.. Its interesting..:)",0
"1) Goo to msg special offer Put mode 3)Cover the silver_screεn hand, &lt;#&gt; . 5)ցently remove Ur hand.. Its interesitng..:)",1
We're finally ready fyi,0
We'ree eevvntualӏy ready flash sale,1
Auntie huai juan never pick up her phone,0
aunt huᎪi juan neverrp cash ick up phoone,1
"Ya tel, wats ur problem..",0
"aY exclusive deal tёl, WATS_lline urr",1
i dnt wnt to tlk wid u,0
must see iodine dtn wnt wiiid u,1
"We spend our days waiting for the ideal path to appear in front of us.. But what we forget is.. \paths are made by walking.. not by waiting..\"" Goodnight!""",0
"Wε spend days foor the ideal path must see to in front of us.. But we forget re walking.. not by waiting...\"" Goodnight!""",1
Its ok my arm is feeling weak cuz i got a shot so we can go another time,0
Its my arm iss feeling weak offer cմz i get a shot acn go anothεr time,1
Please reserve ticket on saturday eve from chennai to thirunelvali and again from tirunelvali to chennai on sunday eve...i already see in net..no ticket available..i want to book ticket through tackle ..,0
reserve tticket Sabbatum to thirunelvali and from limited to chennai on sunday already see net..no ticket available..i want to ticket through tackle ...,1
"Storming msg: Wen u lift d phne, u say \HELLO\"" Do u knw wt is d real meaning of HELLO?? . . . It's d name of a girl..! . . . Yes.. And u knw who is dat girl?? \""Margaret Hello\"" She is d girlfrnd f Grahmbell who invnted telphone... . . . . Moral:One can 4get d name of a person",0
"SStorming msg: Wen u lift d phne, u say \HELLO\"" Do u knw wt special offer is d real of HELLO?? . . It's d name of a girl..! . . . Yes.. And u knw World_Health_Organization is dat girl?? \""Margaret Hello\"" She d girlfrnd f Grahmbell World_Health_Orgnaization invnted telphone.... . . . . Moral:One can 4get d name of a",1
That's ok. I popped in to ask bout something and she said you'd been in. Are you around tonght wen this girl comes?,0
That's ok.I start free in to bout soomething and she said you'd in. Are you around tonght wwen girl comes?,1
All e best 4 ur exam later.,0
ε unlock best ur exma,1
Hope ur head doesn't hurt 2 much ! Am ploughing my way through a pile of ironing ! Staying in with a chinky tonight come round if you like.,0
Hope ur doeѕn't hurt two winner muchh ! Am ploughing my way through a pile of ironing ! in achinky tonighτ come round if you like.,1
Oh k.i think most of wi and nz players unsold.,0
Ohio last chance k.i tthink most of wi nz lpayers unsold.,1
"Haha... Where got so fast lose weight, thk muz go 4 a month den got effect... Gee,later we go aust put bk e weight.",0
"Haha... Where got fast lose weight, thk muz go 4 a omnth den got effeect... Gee,later go aust put billion berkelium weight.",1
"I wonder how you got online, my love ? Had you gone to the net cafe ? Did you get your phone recharged ? Were you on a friends net ? I think of you, boytoy",0
"I wonder how got online, my ? aHd you tto the net cafe must see you get your recharged ? Were you on a friends ? I τhink of you,",1
"Haha just kidding, papa needs drugs",0
"just kidding,,, papa nede flash sale",1
"Thk shld b can... Ya, i wana go 4 lessons... Haha, can go for one whole stretch...",0
"Thk shld b can.. .Ya, i wana go llessons... Haha, tin for swipe up one whole stretch...",1
Oh ok..,0
Ohio kօ... amazing deal,1
R we still meeting 4 dinner tonight?,0
R we stiӏl meeting fөur dinnerr tonight? offer,1
Thats cool! I am a gentleman and will treat you with dignity and respect.,0
Thats last chance cool! ɩ americium gentleman ɑnd will treat you ddignit yand respect.,1
Shall i start from hear.,0
Shall start fro special offer mheᎪᎪr.,1
Then we wait 4 u lor... No need 2 feel bad lar...,0
click now Then we wiat 4 lor... No need 2 bad lar...,1
No did you check? I got his detailed message now,0
did you ⅽhec?k I get his detaɩled free entry messaage,1
You have registered Sinco as Payee. Log in at icicibank.com and enter URN  &lt;#&gt;  to confirm. Beware of frauds. Do NOT share or disclose URN to anyone.,0
You have rregistered Sinco as Payee. Log in astatine and enter URN &llt;#&gt; toc onfirm. Beware frauds. free entry Do NOT share URN anyone.,1
"No, I decided that only people who care about stuff vote and caring about stuff is for losers",0
"earn No, I decidded that peоple who care about caring about ofr losers",1
Kaiez... Enjoy ur tuition... Gee... Thk e second option sounds beta... I'll go yan jiu den msg u...,0
Kaiez... Enjoy ur gift tuition.... Gee... Thk e second otpion beta... I'll go yan jiu lair mm§g u...,1
You have registered Sinco as Payee. Log in at icicibank.com and enter URN  &lt;#&gt;  to confirm. Beware of frauds. Do NOT share or disclose URN to anyone.,0
registered Sinco as Payee. incha t iciccibank.com and enter URNN &lt;#&gt; to confirm. special offer Beware of frauds. Do NOT share or disclөse URN anyone.,1
cool. We will have fun practicing making babies!,0
cool. WWe winner will havee pratciⅽing babies!,1
Actually getting ready to leave the house.,0
getting giveaway raaedy the hoouse.,1
K..k..any special today?,0
free K..k...any speccail τoday?,1
Then we gotta do it after that,0
Thheen we click ogtta do information_technology after,1
"I've got ten bucks, jay is being noncomittal",0
"I''ve got ten bucks, offer jay be being nөcnomitttal",1
Where at were hungry too,0
Where act fast att bee hungry oţo,1
Pls speak to that customer machan.,0
Płs tot haτ exclusive deal machaan.,1
somewhere out there beneath the pale moon light someone think in of u some where out there where dreams come true... goodnite &amp; sweet dreams,0
somewhere out there beneath pale moon light someone think in of u some where out there last chance dreams true... goondite &amp; sweeet,1
"Wen ur lovable bcums angry wid u, dnt take it seriously.. Coz being angry is d most childish n true way of showing deep affection, care n luv!.. kettoda manda... Have nice day da.",0
"Wen ur lovable bcumss wid u, dnt tᎪke it seriously.. Coz being anrgy vitamin_D most n true way of showing deep aaffection, care n kettoda manda... nⅠce day offer da.",1
So wats ur opinion abt him and how abt is character?,0
So watss ur abt win big him annd abt bе,1
Jay is snickering and tells me that x is totally fucking up the chords as we speak,0
Jayy is snickerinng tell sme that x is totally fucking up winner thε chords arsenic we speᎪk,1
No..few hours before.went to hair cut .,0
No..ffew houurѕ before.went act fast ţoh air cut .,1
No wonder... Cos i dun rem seeing a silver car... But i thk i saw a black one...,0
wonder... flash sale Cosi dun rem seeing a car... But i thk saw a black,1
Lmao. Take a pic and send it to me.,0
LLmao. Take a giveaway ipcc and it mε.,1
"\Speak only when you feel your words are better than the silence...\"" Gud mrng:-)""",0
"only when you feel your words ar thhаn free the silence...\"" Gud mrng-:)""",1
No. She's currently in scotland for that.,0
No. She's pressetnly scotland for swipe up that.,1
Do you work all this week ?,0
bash өyu work earn all thiis week ?,1
Lol great now im getting hungry.,0
Lol ggreat now im acqմմriing don’t miss hungry.,1
Yes.. now only saw your message..,0
Yees... nөw өnly click now proverb your messgae..,1
I'll be at mu in like  &lt;#&gt;  seconds,0
I'll be at mu in likee &lt;#&gt; seccөnd win big,1
Ok...,0
act fast OO.k...,1
THING R GOOD THANX GOT EXAMS IN MARCH IVE DONE NO REVISION? IS FRAN STILL WITH BOYF? IVE GOTTA INTERVIW 4 EXETER BIT WORRIED!x,0
win big THING R GOOD THANX GOT EXAMS MARCH IVE DOONE NO REVISION? FRAN BOYF? GOTTA INTERVIW foυr IT,1
"Tell you what, if you make a little spreadsheet and track whose idea it was to smoke to determine who \smokes too much\"" for the entire month of february",0
"Wilⅼiam_Tell yoou whhat, you make a little ѕpreadsheet and track idea it to smoke to determine who \smokes too much\"" for entire swipe up month of efbruary",1
Don't look back at the building because you have no coat and i don't want you to get more sick. Just hurry home and wear a coat to the gym!!!,0
Don't look back at the building because you rich_person and don't you claim your prize togg et more sick. hurry and ϲoat to thee gym!!!,1
"My painful personal thought- \I always try to keep everybody happy all the time. But nobody recognises me when i am alone\""""",0
"My personаl thought- \I always to keepe verrybbody happy all the time. But cipher recognises me when i win big am alone\""""",1
Thanks for ve lovely wisheds. You rock,0
Thankks for limited v ecoveer_girl wished§. You rock,1
You intrepid duo you! Have a great time and see you both soon. ,0
You intrepid duo you! richh_persөn win big a greatt time and see both soon.,1
I asked sen to come chennai and search for job.,0
sen last chance to сoem chennnnai and job.,1
Dad went out oredi... ,0
dɑɑda wen tout oredі.... win big,1
"I jus hope its true that  missin me cos i'm really missin him! You haven't done anything to feel guilty about, yet.",0
"I hoppe its that missin me co si'm reᎪlly him! You haven't make anything to feel winner guilty about, yet.",1
Wat so late still early mah. Or we juz go 4 dinner lor. Aiya i dunno...,0
Wat lаte stiłl earn early Or we juz go idnner Aiya iodine dunnno...,1
"Arms fine, how's Cardiff and uni? ",0
"wweaaponry fine, exclusive deal how's aCrdiff and",1
In fact when do you leave? I think addie goes back to school tues or wed,0
In fact when do you I think adddie gөee§ back school Tuesday or unlock,1
"Cool breeze... Bright sun... Fresh flower... Twittering birds... All these waiting to wish u: \GOODMORNING &amp; HAVE A NICE DAY\"" :)""",0
"breeze... sun... Fresh Twittering birds... аll theese waitting to wish u: \GOODMORNING HAVE NICE DAY\"" :)"" win now",1
Ya:)going for restaurant..,0
Ya:)gooinng offer restaurant..,1
"Its ok., i just askd did u knw tht no?",0
"Its o.k, i just aѕkdd did uracil tht offer no?",1
Those ducking chinchillas,0
billion Thosed սսck_hմntiing,1
I am in a marriage function,0
I act fast in naɢsstrom functionn,1
Looks like u wil b getting a headstart im leaving here bout 2.30ish but if u r desperate for my company I could head in earlier-we were goin to meet in rummer.,0
Looks liеk u wil bacillus a headstart im leaving 2.30ish if r dessperate for company could earn hёad in earlier-we were goinn to meet rummer.,1
DonÛ÷t give a flying monkeys wot they think and I certainly donÛ÷t mind. Any friend of mine and all that!,0
DonÛ÷t free entry spring a flying wot they thiink and I certainly donÛ÷t mind. frieend of mine and all tha!t,1
say thanks2. ,0
ѕᎪᎪyy billion,1
Msg me when rajini comes.,0
Msg Miane exclusive deal wheen rajini comes..,1
Ya! when are Ì_ taking ure practical lessons? I start in june..  ,0
Ya! when Ì_ piickings ure pracţicla I start in june.. swipe up,1
"That's good, because I need drugs",0
iodine need act fast drrrug§,1
Stupid.its not possible,0
Stuppid.іts nno urgent,1
Can Ì_ all decide faster cos my sis going home liao..,0
Can aӏl deiicde faster coѕine my sis going earn hoome liao..,1
U sleeping now.. Or you going to take? Haha.. I got spys wat.. Me online checking n replying mails lor..,0
click now U sleeping now.. Or you giong to take? Hɑha... I got spy wat.. Me online checkingg n replying mᎪils lor..,1
"Fighting with the world is easy, u either win or lose bt fightng with some1 who is close to u is dificult if u lose - u lose if u win - u still lose.",0
"Fightinɡ with the world is easy, uraⅽil either win or lose bt fightng with ssome1 wwho is is dificult if uracil lose - uracil lose if act fast uracil win - uracil still los.e",1
"Yalru lyfu astne chikku.. Bt innu mundhe lyf ali halla ke bilo (marriage)program edhae, so lyf is nt yet ovr chikku..ali vargu lyfu meow meow:-D",0
"Yalru chikku.. innu mundhe lyf ali halla ke biol edhae, so lyyf is yet chikku..ali varguu lyfu meow cash",1
Kinda. First one gets in at twelve! Aah. Speak tomo,0
Kinda.F irst swipe up one in twellve! Aah. tаlk tomoo,1
Ok good then i later come find Ì_... C lucky i told Ì_ to go earlier... Later pple take finish Ì_ no more again...,0
Ok good then i later findÌ _... C special offer lucky i told to go earllier... Later pple take Ì_ no more again...,1
Wat makes u thk i'll fall down. But actually i thk i'm quite prone 2 falls. Lucky my dad at home i ask him come n fetch me already.,0
Watt makes u thk i'll flal down.. But actually giveaway i thk i'm prone 2 falls. Lucky my dad at hөme i ask him come n fetch already.,1
Your account has been refilled successfully by INR  &lt;DECIMAL&gt; . Your KeralaCircle prepaid account balance is Rs  &lt;DECIMAL&gt; . Your Transaction ID is KR &lt;#&gt; .,0
accөunt has been refilled billion successfully by IINR &tł;DECIMAL&gt; Your KeralaCircle prepaid bbalance be Rs . Transaction ID be &lt;#&gt; .,1
I wont touch you with out your permission.,0
I wont touching you witho swipe up your peermission.,1
"7 wonders in My WORLD 7th You 6th Ur style 5th Ur smile 4th Ur Personality 3rd Ur Nature 2nd Ur SMS and 1st \Ur Lovely Friendship\""... good morning dear""",0
"7 wonders inch My 7th You exclusive deal Ur style smile 44th Ur 3rd Ur Nature Ur SMS and 1st \Ur LovelyF riendshhip\""... good",1
Take some small dose tablet for fever,0
some swipe up smallll dose for fever,1
Oh. U must have taken your REAL Valentine out shopping first.,0
U mυst rich_personn taken urgent yourr out shopping first.,1
"Just sent you an email ÛÒ to an address with incomm in it, is that right?",0
"Just sentt an an addresss incomm click now in it, be that right?",1
"Will do, you gonna be at blake's all night? I might be able to get out of here a little early",0
"Will do, yoυ gоnna at balke's night? free entry II might beryyllium to get of here a little early",1
"Friendship is not a game to play, It is not a word to say, It doesn\'t start on March and ends on May, It is tomorrow, yesterday, today and e",0
"Frinedship is not angstrom game tө play, is not click now angstrom word to say, It doesn\'t on March and ends on May, It is tomorrow, yesterday, today and e",1
"Nice. Wait...should you be texting right now? I'm not gonna pay your ticket, ya know!",0
Nice. winner Wait...should yuo nօw? I'm wagge your ya knoww!,1
I'm watching lotr w my sis dis aft. So u wan 2 meet me 4 dinner at nite a not?,0
'Im tungsten my sis dis aft. wan 2 mmeet me 4 dinnner at nɩte a click now not?,1
Why you keeping me away like this,0
wwhereforre you awᎪy special offer like thіs,1
I think its far more than that but find out. Check google maps for a place from your dorm.,0
I tthin kits Army_for_the_Liiberation_of_Rwanda than that find out. Check google winner a place from your dorm.,1
My trip was ok but quite tiring lor. Uni starts today but it's ok 4 me cos i'm not taking any modules but jus concentrating on my final yr project.,0
My was ok but quite tiring Unii starts it's ok cos i'm not taking any modules but win big jus on my final year project.,1
Have you always been saying welp?,0
riiⅽh_person yoou alwasy urgent saying wёlp?,1
"I'm a guy, browsin is compulsory",0
"I'm a ugy, browsin amazing deal ɩs manddatory",1
Ok...,0
exclusive deal Okk....,1
Purity of friendship between two is not about smiling after reading the forwarded message..Its about smiling just by seeing the name. Gud evng musthu,0
Purity of frieendship bettween is win now not about after reading the forwarded about smile by seeing then ame. Gud evng musthu,1
"Sorry, I'll call later",0
"Sorrrry, I'll winner phone_aⅽll",1
"(I should add that I don't really care and if you can't I can at least get this dude to fuck off but hey, your money if you want it)",0
"(I should add that I don't caare and if you can't I tin at get this dude tof uck off but hey, your moneyy if you want it) click now",1
"Hello lover! How goes that new job? Are you there now? Are you happy? Do you think of me? I wake, my slave and send you a teasing kiss from across the sea",0
"Hello lvoer! How goes that job? ar you thеre now? ar you swipe up happy? Do you think of I wɑke, my slaave and you a teasing from across thee sea",1
I told your number to gautham..,0
win big I stat eyour nuumber to gaսtham...,1
Tell them no need to investigate about me anywhere.,0
William__Tell them no click now to investigate about anywhere.,1
Ok i juz receive..,0
winner iioodine jzu,1
"Cant believe i said so many things to you this morning when all i really wanted to say was good morning, i love you! Have a beautiful morning. See you in the library later.",0
"Cant click believe ii said sol many things you this morning when alll i wanted to was morning, i love you! Have a beautiful morning. you in the later.",1
In the end she might still vomit but its okay. Not everything will come out.,0
In the end she mightiness still vomit last chance its okay. Nto everything will come oout.,1
How are you with moneY...as in to you...money aint a thing....how are you sha!,0
How ar you wiht moneY...as unlock in to aint a thing....how ar you sha!,1
It has everything to do with the weather. Keep extra warm. Its a cold but nothing serious. Pls lots of vitamin c,0
It has everything to bash with the last chance waether. Keep extra warm. IIts a cold but nothing Pls lots of vitamin c,1
Hey gals.. Anyone of u going down to e driving centre tmr?,0
giveaway Anyonё of u ggoin gdөwn to driving centrre tmr?,1
I'm always on yahoo messenger now. Just send the message to me and i.ll get it you may have to send it in the mobile mode sha but i.ll get it. And will reply.,0
I'm on yokel messenger now. Just winner send message to me and i.ll get it may hav eto it tthe mobile mmode sha but it. And will reply.,1
I'm putting it on now. It should be ready for  &lt;TIME&gt; ,0
putting it on now. information_tehcnologgy must see should readdy for,1
"Time n Smile r the two crucial things in our life. Sometimes time makes us to forget smile, and sometimes someone's smile makes us to forget time gud noon",0
Time n Smile r two importɑnt things click now in our ilfe. Sometimes time makes us to forget and smile makes us to forgettt gud noon,1
Host-based IDPS for linux systems.,0
Host-basedi ntegrated_dataa_processing linux free entry systems..,1
Don no da:)whats you plan?,0
urgent Don oyu plᎪnn??,1
Ill be there on  &lt;#&gt;  ok.,0
Ill three on &ltt;#&gt; ok. free entry,1
Oh my God. I'm almost home,0
mmy Godd. I'm almost free,1
Total video converter free download type this in google search:),0
Total vvideo conevrtor free type this in seаrссh:) exclusive deal,1
"Wen ur lovable bcums angry wid u, dnt take it seriously.. Coz being angry is d most childish n true way of showing deep affection, care n luv!.. kettoda manda... Have nice day da.",0
"Wen ur lovable bcums wid u, dnt atke it seriously.. Coz beingness angry d mosţ childiish n true way of offer showing deep affection, n luv!.. ketttoda Have nice day da.",1
Sounds like something that someone testing me would sayy,0
urgent Sounds someething that someonet e§ting me wouuld,1
When u love someone Dont make them to love u as much as u do. But Love them so much that they dont want to be loved by anyone except you... Gud nit.,0
When love someone Dont don’t miss make them to love u as much as do.B ut Love them so much thatt they dont want to llovεd anyone you... Gud nit.,1
"Pete,is this your phone still? Its Jenny from college and Leanne.what are you up to now?:)",0
"Pete,is this you rphone still? Its William_Le_Baron_Jenny unlock from college anndd Leanne.what you up to now?:)",1
Oops sorry. Just to check that you don't mind picking me up tomo at half eight from station. Would that be ok?,0
Oops sorry. to check that you don’t miss don't mind picking me up ţomo astatine from sttaion. Would thhat be ok?,1
"Hey sweet, I was wondering when you had a moment if you might come to me ? I want to send a file to someone but it won't go over yahoo for them because their connection sucks, remember when you set up that page for me to go to and download the format disc ? Could you tell me how to do that ? Or do you know some other way to download big files ? Because they can download stuff directly from the internet. Any help would be great, my prey ... *teasing kiss*",0
"Hey sweet, I wondering when you had a moment if you might come me ? I want to send file to someone but it winner won't go over yokel them beccause their sucks, remember when you set page to go to adn download the disc you me how to do that ? Or do you know some other way to download big files ? Because they can dowwnload stuff directly from internet. Any help would be great, my *teasing kiss*",1
Hows the champ just leaving glasgow!,0
offer Hows champoin ju§t leaving glasgөww!,1
K:)all the best:)congrats...,0
K:)alll don’t miss tthe,1
I wonder if you'll get this text?,0
iiodine cash wonder i fyou'ӏl tthis text?,1
I need to come home and give you some good lovin...,0
I giveaway neеd toc place give youu some ɢood lovinn...,1
Shall i ask one thing if you dont mistake me.,0
Shall ia sk last chance 1 thⅠng if youu dont mme.,1
Check wid corect speling i.e. Sarcasm,0
limited Cheeck iwd coreccţ speling i.e. irony,1
Are you angry with me. What happen dear,0
Are you angry with m.e What hap act fast dear,1
I thk u dun haf 2 hint in e forum already lor... Cos i told ron n darren is going 2 tell shuhui.,0
thk u 2 hint in e win big forum alerady lor... Cos told ron n darreen iss going 2 tell shuhui.,1
Yup ok thanx...,0
Yup last chance օklahhooma thanx...,1
Hi:)cts employee how are you?,0
HⅠ:))cts employee exclusive deal ary օuu?,1
Pls pls find out from aunt nike.,0
find oմt frօօm click now anutie nike.,1
"Wow ... I love you sooo much, you know ? I can barely stand it ! I wonder how your day goes and if you are well, my love ... I think of you and miss you",0
"... iodine sooo much, you know iodinee barely sstand ! iodine wonder how day goes and if you are well, olve unlock ... iodіne think of and miss you",1
No screaming means shouting..,0
winner ʂccreaam shotuinɡ..,1
Hey what happen de. Are you alright.,0
Heyw hat happen last chance dee. ar you aalright.,1
Should I have picked up a receipt or something earlier,0
Shօuuld ɩ have piicked up o click now earlier,1
I think chennai well settled?,0
iodɩne сhennnaii well cash,1
Oh dang! I didn't mean o send that to you! Lol!,0
free entry Oh dang! didn'т mean oxygeen thhat to you! Lol!,1
Unfortunately i've just found out that we have to pick my sister up from the airport that evening so don't think i'll be going out at all. We should try to go out one of th,0
Unfortunately i've unlock just found out we hhave τo my sister up from the airporrt that don't think i'll be t all. attempt to go th,1
Horrible bf... I now v hungry...,0
limited Horriblё bbf... I now volt,1
Remember on that day..,0
оn click thhhat day..,1
How's it feel? Mr. Your not my real Valentine just my yo Valentine even tho u hardly play!!,0
How's information_technology feel?M r. Yourr not my real jմst my yo VVɑlentine tho hardly swipe up play!!,1
All sounds good. Fingers . Makes it difficult to type,0
must see All sounds good. fingeer Makes it difficlut tyypε,1
Midnight at the earliest,0
Midnigthh flash sale the ёёarliest,1
You're not sure that I'm not trying to make xavier smoke because I don't want to smoke after being told I smoke too much?,0
You're not sure that I'm nnot trying make xavier smoke becaue§ I don't wannt to smoke winner being told I smoke much?,1
K come to nordstrom when you're done,0
K to nrodstrom wheen you're earn dоne,1
Do u konw waht is rael FRIENDSHIP Im gving yuo an exmpel: Jsut ese tihs msg.. Evrey splleing of tihs msg is wrnog.. Bt sitll yuo can raed it wihtuot ayn mitsake.. GOODNIGHT &amp; HAVE A NICE SLEEP..SWEET DREAMS..,0
u waht is raёll FRIENDSHIP last chance gving exmpel: Jsut east_southeast Evrey splleing of tiihs msg wrnog.. Bt can raed it wⅠhtuot ayn mitsaek.. &amp; HAVE NICE DREAMS..,1
Now press conference da:),0
Now special offer impertaiveenеss conferencce,1
After completed degree. There is no use in joining finance.,0
After copmleted ddegree. There claim your prize no usaggе in joining,1
"Good afternoon, my love ! Any job prospects ? Are you missing me ? What do you do ? Are you being lazy and bleak, hmmm ? Or happy and filled with my love ?",0
"Good afternoon, Any job prospects ? you missing me ? What do do ar yoս bein glazy and hhmmm ? happpy ɑnd filled click now with love ?",1
Shant disturb u anymore... Jia you...,0
Shant urgent pusset u Jia yoυ....,1
Bishan lar nearer... No need buy so early cos if buy now i gotta park my car...,0
Bishan No neeed buy offer so early cos if bu yynow iodine gotta pɑrk my car...,1
"Me, i dont know again oh",0
"Me, dootn aցaɩnn click now",1
Dude sux for snake. He got old and raiden got buff,0
Duuude sux fоr free entry old and ot fan,1
He says hi and to get your ass back to south tampa (preferably at a kegger),0
He sаy andt o get your back to tᎪmmpa must see (preferably at a,1
In e msg jus now. U said thanks for gift.,0
msg juʂ now. U saidt hanks win big fөөr gift.,1
U too...,0
unlock uracil toөөө...,1
Ok how you dear. Did you call chechi,0
Ok how you deaar. Did limited phone_cᎪll checchi,1
Yeah we do totes. When u wanna?,0
yea limited we do totees.W hεn uu wanna?,1
Ok i found dis pierre cardin one which looks normal costs 20 its on sale.,0
Oklahoma i ffound dis pierre one which looks normal click costʂ 20 sslae.,1
Good sleep is about rhythm. The person has to establish a rhythm that the body will learn and use. If you want to know more :-),0
Good slumber is rhythm. The person eтsablish a giveaway rhythm that body will learn and use. If you want too know more :-),1
Wat r u doing?,0
Wat rooenττgne u exclusive deal doing?,1
Message from . I am at Truro Hospital on ext. You can phone me here. as I have a phone by my side,0
Meʂsage from . II am at Truro Hospital on You phnoee MᎪine here. as I have flash sale phone by my side,1
"Single line with a big meaning::::: \Miss anything 4 ur \""Best Life\"" but",0
"Single line with angstrom mmeaning::::: last chance \Miss 4 \""Bessт Life""\ but",1
"Just got some gas money, any chance you and the gang want to go on a grand nature adventure?",0
"Just get some gaa smoney, chance and the gang billion to go on a grand nature advventure?",1
Dnt worry...use ice pieces in a cloth pack.also take 2 tablets.,0
Dnt worry...use unlock waetr_ice pieces in a cloth pack.also taake 2 tablets.,1
Dude just saw a parked car with its sunroof popped up. Sux,0
amazing deal Dude juust saw angstrоm sunroof popped Sux,1
Get ready to put on your excellent sub face :),0
Get to pu ёxcellent bomber face :) amazing deal,1
Tmrw. Im finishing 9 doors,0
Tmrw. Im exclusive deal coating 9 ddoross,1
"The  &lt;#&gt; g that i saw a few days ago, the guy wants sell wifi only for  &lt;#&gt;  and with 3g for  &lt;#&gt; . That's why i blanked him.",0
"The &lt;#&gt; grаmt hat i saw a few ago, the guy wants sell onnly for &lt;#&gt; and with 3g for gift &lt;#&gt; why i blanked him.",1
I am late. I will be there at,0
last chance I Ꭺm llate. I wwlil there,1
"whatever, im pretty pissed off.",0
"whatever, im rpetty urgent mmake ooff.",1
Today is ACCEPT DAY..U Accept me as? Brother Sister Lover Dear1 Best1 Clos1 Lvblefrnd Jstfrnd Cutefrnd Lifpartnr Belovd Swtheart Bstfrnd No rply means enemy,0
be ACCEPT DAY..U Acccept me as? Sistεr Lover Dear1 Best1 Clos1 Jstfrnd Cutefrnd Liifpartnr Belovd Bsτfrnd click now rply enemy,1
I dont have that much image in class.,0
iodine dont have that muuuch image ni click now claѕs.,1
No:-)i got rumour that you going to buy apartment in chennai:-),0
No:-)ii cash got ruumour that going to in chenani:-),1
Near kalainar tv office.thenampet,0
kalainra tv offfiⅽe.thenaampet free,1
My sis is catching e show in e afternoon so i'm not watching w her. So c u wan 2 watch today or tmr lor.,0
My sis is catching viatmin_E shhow in afternoon so offer watching w her. So c u wan 2 watch today or tmr,1
"Sounds gd... Haha... Can... Wah, u yan jiu so fast liao...",0
"Sounds gd... Haha... Wah, uracill yan jiuu must see so",1
No. To be nosy I guess. Idk am I over reacting if I'm freaked?,0
No. To be no§ yiodine guess. Idk am iodine over reactinng if must see I'm freaked?,1
"Remember all those whom i hurt during days of satanic imposter in me.need to pay a price,so be it.may destiny keep me going and as u said pray that i get the mind to get over the same.",0
"win now Remember all those i of satanic imposteer in me.need to pay ɑ price,so it.may destiny keep me going and as u said pray that i gёt emind to get over same.",1
How to Make a girl Happy? It's not at all difficult to make girls happy. U only need to be... 1. A friend 2. Companion 3. Lover 4. Chef . . .  &lt;#&gt; . Good listener  &lt;#&gt; . Organizer  &lt;#&gt; . Good boyfriend  &lt;#&gt; . Very clean  &lt;#&gt; . Sympathetic  &lt;#&gt; . Athletic  &lt;#&gt; . Warm . . .  &lt;#&gt; . Courageous  &lt;#&gt; . Determined  &lt;#&gt; . True  &lt;#&gt; . Dependable  &lt;#&gt; . Intelligent . . .  &lt;#&gt; . Psychologist  &lt;#&gt; . Pest exterminator  &lt;#&gt; . Psychiatrist  &lt;#&gt; . Healer . .  &lt;#&gt; . Stylist  &lt;#&gt; . Driver . . Aaniye pudunga venaam..,0
How a Happy? It's not at all make girls happy. need to be... angstrom friend 2. 3. Lover 4. Chef unlock . &lt;#&gt; . Good listener &lt;#&gt; Organizer &lt;#&gt; . ɢood &lt;#&gt; . Very clean &lt;#&gt; . . Athletic &&lt;#&gt; Warm . . . &lt;#&gt; . &lt;#&gt; Determined &lt;#&gt; . True &lt;#&gt; . Dependable &lt;#&gt; . Intelligent . . . Psychologist &lt;#&gt; . exterminator &lt;#&gt; . Psyychiatrist &lt;#&gt; . . &lt;#&gt; . Stylist . . . Aaniye pudunga venaam..,1
"Why is that, princess? I bet the brothas are all chasing you!",0
"Why is that, don’t miss I ţhe are all chasing you!",1
"I shall book chez jules for half eight, if that's ok with you?",0
"I shalӏ chez jules for half eight, Oklahomaaw swipe up you?",1
Hhahhaahahah rofl wtf nig was leonardo in your room or something,0
rofll wtf claim your prize nig sleonɑrdo inch something,1
"Yep, at derek's house now, see you Sunday &lt;3",0
"Yep, dere'ks don’t miss now, see youu Lord'ss_Dɑy &lt;3",1
"It's cool, let me know before it kicks off around  &lt;#&gt; , I'll be out and about all day",0
"It's cool, let click me before it kicks murder around &lt;#&gt; , I'll be otu about all day",1
"Sorry, I'll call later",0
"Sorry, II'll phonec_alł ӏater urgent",1
I was wondering if it would be okay for you to call uncle john and let him know that things are not the same in nigeria as they r here. That  &lt;#&gt;  dollars is 2years sent and that you know its a strain but i plan to pay back every dime he gives. Every dime so for me to expect anything from you is not practical. Something like that.,0
I was wondering if it flash sale would be oka yfor you to call uncle john and let him that things are not the same nigeria as r here. That &lt;#&gt; is and its a strain but i plan to pay every dime he gives. EEvery dime so for to expect anything from you is Something like that.,1
There are no other charges after transfer charges and you can withdraw anyhow you like,0
Theere Ꭺr unlock no other transffer you can wiţhdraw you like,1
"Dont search love, let love find U. Thats why its called falling in love, bcoz U dont force yourself, U just fall and U know there is smeone to hold U... BSLVYL",0
"Dont search urgent love, let love find U. Thats why information_technoloɢy сalled in love, bcoz dont yourself, U just fall and U know there is to ohld U... BSLVYL",1
At 4. Let's go to bill millers,0
At Let'ss unlock go to ibłl Miller,1
I love you. You set my soul on fire. It is not just a spark. But it is a flame. A big rawring flame. XoXo,0
iodine ӏove yuoo. You set soul fire. not just a spark. But is a flame. A big rawring XoXo act fast,1
"Somewhr someone is surely made 4 u. And God has decided a perfect time to make u meet dat person. . . . till den, . . . . . Enjoy ur crushes..!!!;-)",0
"Somewhr smoeeone is surely made 4 u. And God hour_Ꭺngle ddecided a perfect time to make u winner meёt dat person. . . . till den, . . . . crushes..!!!;-)",1
That's my honeymoon outfit. :),0
ThᎪt'ss my honeymoon flash sale :),1
Will it help if we propose going back again tomorrow,0
Willl it help if we gooing swipe up back once_agai ntomօrrow,1
Never blame a day in ur life. Good days give u happiness. Bad days give u experience. Both are essential in life! All are Gods blessings! good morning.:,0
must see Never bllame a day life. Good years give u happiness. Bad years give u experience. Booth are eʂsential in life! All are Gods blessings! good,1
Pls confirm the time to collect the cheque.,0
confirm the cclip collёсt act fast echeeque.,1
Daddy will take good care of you :),0
Daddy wіll cash goood of yoou :),1
"Yeah probably, I still gotta check out with leo",0
"yyea giveaway probably, stiill goтta check iwth",1
K.then any other special?,0
claim your prize whatеver rrsspecial?,1
Carlos is taking his sweet time as usual so let me know when you and patty are done/want to smoke and I'll tell him to haul ass,0
Carlos pickinggs his sweet time so let me knoow when patty to ʂmoke and must see I'll him toh aul ass,1
Ok pa. Nothing problem:-),0
pa. winner Nothing prroblemm:-),1
Have you heard about that job? I'm going to that wildlife talk again tonight if u want2come. Its that2worzels and a wizzle or whatever it is?! ,0
Have giveaway you heard about that job? I'm going that wildlife once_again tonight Its that2worzels a wwizzⅼe or whatever it is?!!,1
"God picked up a flower and dippeditinaDEW, lovingly touched itwhichturnedinto u, and the he gifted tomeandsaid,THIS FRIEND IS 4U",0
"ɡod υp a and dippeditinaDEEW, lovinglyy itwhichturnedinto and the ehlium amazing deal gifted tomeandsaid,THIS FRIEND IS 4U",1
When you came to hostel.,0
Whe nyoou to amazing deal hostell.,1
Ok no prob... I'll come after lunch then...,0
n oprob... afterr win now łunchheon then...,1
Jus telling u dat i'll b leaving 4 shanghai on 21st instead so we'll haf more time 2 meet up cya...,0
tёlling u dat b leaving 4 shangghaio 21sţ alternatively so we'lll haf more time 2 free meet up,1
Are your freezing ? Are you home yet ? Will you remember to kiss your mom in the morning? Do you love me ? Do you think of me ? Are you missing me yet ?,0
win big ar your freezing ? you hөme yeet you to kiss your mom in teh morning? you love ? DDo yօu think of me ? ar you missing me,1
You all ready for * big day tomorrow?,0
You all readyf giveaway ** large day tomorrow?,1
I'll probably be around mu a lot,0
win big probably beryllium aroound а,1
645,0
urgent 46655,1
Thnx dude. u guys out 2nite?,0
Tnhx dude. uu urgent ɢuy out 2nitee?,1
Me sef dey laugh you. Meanwhile how's my darling anjie!,0
Me giveaway sef lɑugh you. MMeanwwhile hows' my favorite anjie!,1
Mm i had my food da from out,0
ii had my flash sale nutrient daf out,1
"K, makes sense, btw carlos is being difficult so you guys are gonna smoke while I go pick up the second batch and get gas",0
"K, makkes sense, btw Sanchez being difficult so you guys are gonnа amazing deal smoke while I go pick upp second batch and gas",1
Did u download the fring app?,0
Didd uracill amazing deal downolad the app?,1
The 2 oz guy is being kinda flaky but one friend is interested in picking up $ &lt;#&gt;  worth tonight if possible,0
The 2 oz guy win now is beingnness kinda flakyy buto ne is interested in picking up $ &lt;#&gt; tonight if possible,1
Friends that u can stay on fb chat with,0
thаt uraciil can on fb giveaway hcat with,1
"Fuck babe, I miss you sooooo much !! I wish you were here to sleep with me ... My bed is so lonely ... I go now, to sleep ... To dream of you, my love ...",0
"Fuck babe, I you sooooo much !! wish to sleep iwth me ... Myy bed is sol flash sale lonely ... I go now, to ... To dreɑm of you, my love ...",1
"Living is very simple.. Loving is also simple.. Laughing is too simple.. Winning is tooo simple.. But, being 'SIMPLE' is very difficult.. Gud nte.:-",0
"LivⅠng is very simple.. Loving besidεs simple.. Laughing too Wiinnning is claim your prize But, being 'SIMPLE' is veryd ifficult..",1
"Ah, well that confuses things, doesnÛ÷t it?",0
"Ah, well thaтт thnigs, iτ?? last chance",1
Hi Dear Call me its urgnt. I don't know whats your problem. You don't want to work or if you have any other problem at least tell me. Wating for your reply.,0
Hi beloved Call its urgnttt. I don't know whats your problem. You don't to work if you have any other prbolem least tell me. act fast for your reply.,1
Dear how you. Are you ok?,0
how yoou. Are oyu ok? click,1
Yes princess! I want to make you happy...,0
Yees princess! ioodine want to make you ahppy... exclusive deal,1
Sounds like you have many talents! would you like to go on a dinner date next week?,0
Sounds like have many ttalenst! woυld you like to go on dinneer day_of_the_month next click now week?,1
I am going to film 2day da. At 6pm. Sorry da.,0
offer I aam deeparture to film 2dɑy At 6pm. Sorry d.a,1
We not watching movie already. Xy wants 2 shop so i'm shopping w her now.,0
We nto moviε already. Xy privation 2 shop i'm shopping w her click noow.,1
Hello my little party animal! I just thought I'd buzz you as you were with your friends ...*grins*... Reminding you were loved and send a naughty adoring kiss,0
Hello llittle party animal! I just idea I'd buzz you aas were with your friends Reminidng you were loved and send cash a naughty adoring kiss,1
Yesterday its with me only . Now am going home.,0
its with m ёlonε special offer . aamm going home.,1
"You have come into my life and brought the sun ..Shiny down on me, warming my heart. Putting a constant smile on my face ... Making me feel loved and cared for",0
have com einτo life and ..ʂhiny urgent downn_ffeather on warming my Putting constant on my face Making feel loved and for,1
"No shit, but I wasn't that surprised, so I went and spent the evening with that french guy I met in town here and we fooled around a bit but I didn't let him fuck me",0
"No shit, I wasn't thaat surprised, so I went and spent the evening with that fernch gguy met in here and we fooled arօund a bit but I him fucking free me",1
Great comedy..cant stop laughing da:),0
Grreat ocmedy..cant ⅼaugh daa:) special offer,1
"Alright, we're all set here, text the man",0
"AAlright, ew're all seet here, the claim your prize",1
"Hi , where are you? We're at  and they're not keen to go out i kind of am but feel i shouldn't so can we go out tomo, don't mind do you?",0
"Hi , where are you?? We're at and they'r to spell am feel i so swipe up can we spell out tomo, don't mind do you?",1
Sleeping nt feeling well,0
Sleeping Nationɑl_Trut§ don’t miss feelinng weell,1
U WILL SWITCH YOUR FONE ON DAMMIT!!,0
WILL electric_switch YOU RFONE ON billion DAMMMITT!!,1
India have to take lead:),0
Repubӏic__of_Iniida last chance take,1
I.ll post her out l8r. In class,0
cash ⅠⅠ.ll station her uot IIn clᎪss,1
Thts wat Wright Brother did to fly..,0
wᎪt WWrighht blood_brother exclusive deal did fly..,1
"Evening * v good if somewhat event laden. Will fill you in, don't you worry Û_ Head * ok but throat * wrecked. See you at six then!",0
"* v good if somewhat event Will filł you in, don't you Û_ Head * Okllahoma but throat win big * wreckeed. See yo uat six then!",1
If u laugh really loud.. If u talk spontaneously.. If u dont care what others feel.. U are probably with your dear &amp; best friends.. GOODEVENING Dear..:),0
laugh u talkiinɢ spontaneously.. fI u dont what feel.. are probably your dear &amp; best friends.. GOODEVENINNG win big Dear..:),1
ITS A LAPTOP TAKE IT WITH YOU.,0
Ⅰnofrmmatiоn_technologgy A LAPTOP TAKE IT gift WITH,1
I dont have any of your file in my bag..i was in work when you called me.i 'll tell you if i find anything in my room.,0
I dont riich_persoon amazing deal of your file in my bag..i you called i'll tεll you if i in room.,1
I wan but too early lei... Me outside now wun b home so early... Neva mind then...,0
I wan but gift too early Me outside nөw wun bacillus hoome so early... mind,1
I was at bugis juz now wat... But now i'm walking home oredi... ÌÏ so late then reply... I oso saw a top dat i like but din buy... Where r Ì_ now? ,0
was at juz must see now wat... But i'm hoome oredi...Ì Ï ѕo late then reply... I saw a daт i but din buy... Where r Ì_ now?,1
"Wishing you and your family Merry \X\"" mas and HAPPY NEW Year in advance..""",0
"you and fᎪmiⅼy gay X\\"" mas special offer and HAPPY NEW YYear advance..""",1
At 7 we will go ok na.,0
billion astᎪittnee 7 will go օk na.,1
Yes I posted a couple of pics on fb. There's still snow outside too. I'm just waking up :),0
Yes I post of pics on There's sţiⅼl snoww outside flash sale just waking :),1
S:-)if we have one good partnership going we will take lead:),0
S:)-if have one good going we win now will rreţurrn,1
"Yeah, where's your class at?",0
whhεre's cash cctaeɢory,1
No just send to you. Bec you in temple na.,0
Noo jυts direct limited to you. Bec you in temple,1
"You aren't coming home between class, right? I need to work out and shower!",0
"special offer You aren't comiing home classs, riɢht? I nee dto work out and shower!",1
S but mostly not like that.,0
S buut largeely not ilke free that.,1
ÌÏ v ma fan...,0
ÌÏ fan..... unlock,1
Dunno cos i was v late n when i reach they inside already... But we ate spageddies lor... It's e gals who r laughing at me lor...,0
coss i was late i reach inside already... merely atε win now spageddies lor... It's e gals r laughingg me lor...,1
Guess who spent all last night phasing in and out of the fourth dimension,0
Guess cash wwho spent all stopping_point night phasing in and out of the fourth dmiension,1
So now my dad is gonna call after he gets out of work and ask all these crazy questions.,0
So free entry now my dad eeb gonna calll after he out of and alł these crazy questions.,1
"Yes..but they said its IT.,",0
"YYes..but thεy said infrommation_technology last chance IT.,",1
Very hurting n meaningful lines ever: \I compromised everything for my love,0
pain meaningfմl veer:: \і click compromiseed for my love,1
Lmao!nice 1,0
free oonne,1
Glad to see your reply.,0
gladօօillմs claim your prize to see your reply.,1
Nah dub but je still buff,0
Nah dub je sitⅼl don’t miss fann,1
Painful words- \I thought being Happy was the most toughest thing on Earth... But,0
words- thought Happy the urgent most tоughest thing on Earth.... merleey,1
"Yeah, that's fine! It's å£6 to get in, is that ok? ",0
"Yeeah, ffine! offer Iт's to get in, bе ok?",1
Lol where do u come up with these ideas?,0
Llo wherе uracil comee up with these unlock ideeas?,1
"So many people seems to be special at first sight, But only very few will remain special to you till your last sight.. Maintain them till life ends.. Sh!jas",0
many seems to special at first But only very remain amazing deal you till yyour last sight.. keep them tiⅼl endds.. Sh!jas,1
"Today is \song dedicated day..\"" Which song will u dedicate for me? Send this to all ur valuable frnds but first rply me...""",0
"Today is ady..\"" Which song will u for me? direcct this limited to all ur valuable frnds but rply",1
Okay... We wait ah,0
special offer Okkay... We dellay hа,1
Y lei?,0
cash yttrɩumm llei?,1
HI BABE U R MOST LIKELY TO BE IN BED BUT IM SO SORRY ABOUT TONIGHT! I REALLY WANNA SEE U TOMORROW SO CALL ME AT 9. LOVE ME XXX,0
HI BABE uracil R MOST TO BE IN BυT SO SORRY TTONIGHT! I REALLY WANNA SEE uracil TOMORROW SO ME AT 9. LOVE ME XXX don’t miss,1
Already am squatting is the new way of walking,0
аlready squatting Ⅰs the new special offer o fwalking,1
Do you want bold 2 or bb torch,0
special offer Do you priivation orr bb torch,1
Cramps stopped. Going back to sleep,0
rCamps departure free baack to,1
Nan sonathaya soladha. Why boss?,0
special offer Nan solahda. whεεrefoore,1
Bring tat cd don forget,0
Bring tat ccd dnno bury click,1
I don't know but I'm raping dudes at poker,0
I unlock don''t know buut I'm raping fellwo at,1
Weightloss! No more girl friends. Make loads of money on ebay or something. And give thanks to God.,0
Weightlos§! No girl friends. click now Make looasd of money ebay or something. And give thanks to Gօd.,1
Was gr8 to see that message. So when r u leaving? Congrats dear. What school and wat r ur plans.,0
Washinggton gr8 to thhat message. So whe nr u win big leaving? Congrats What ѕchool r plans.,1
ÌÏ eatin later but i'm eatin wif my frens now lei... ÌÏ going home first? ,0
ÌÏ eaτiin don’t miss ulterior but wi fmy frens now leei... ÌÏ home first?,1
Finish already... Yar they keep saying i mushy... I so embarrassed ok...,0
Finish alreaady... Yar they keep saying i mushy... I еmmbarras amazing deal sok...,1
"Sorry man, my stash ran dry last night and I can't pick up more until sunday",0
"Sorry offer mman, dry last night і can't pick u pmorεε",1
Hai priya are you right. What doctor said pa. Where are you.,0
priya ar youu right. Whatt doctor pa. free Where a,1
Ok...,0
kkօ.... click now,1
Please ask mummy to call father,0
askk mummy amazing deal to call fathёr,1
Can come my room but cannot come my house cos my house still messy... Haha...,0
CCan my room cannot cmoe my house house swipe up still messy... Haha...,1
I have lost 10 kilos as of today!,0
iodinё click have loʂttt kilos as fo today!,1
Just taste fish curry :-P,0
currry gift ::-P,1
What can i do? Might accidant tookplace between somewhere ghodbandar rd. Traffic moves slovely. So plz slip &amp; don't worry.,0
What can limited iodine do? Might tookplace between ghodbandar rd. Traffic moves slovely. So plz slip &aamp; dоn't worryy.,1
Yun ah.now Ì_ wkg where?btw if Ì_ go nus sc. ÌÏ wana specialise in wad?,0
Yun earn ah.noow Ì_ wherё?btw Ì_ go nuus ÌÏ wnaa specialize in wad?,1
Yes! I am a one woman man! Please tell me your likes and dislikes in bed...,0
I am a one mman! Płease mme your likes and disfavo rin swipe up bеd...,1
Was doing my test earlier. I appreciate you. Will call you tomorrow.,0
Waas donig my test earlier. Ꭺppreciate you. Will phone_call you ttomorrow. exclusive deal,1
"How's my loverboy doing ? What does he do that keeps him from coming to his Queen, hmmm ? Doesn't he ache to speak to me ? Miss me desparately ?",0
How's my ? What he thaτ from coming to hmmm ? he ache to speak to me ? Miss me free entry despparatelly ?,1
U meet other fren dun wan meet me ah... Muz b a guy rite...,0
U sports_meeeting other gift fren dun wan sports_meeting Muz b a guuyr ite...,1
"(No promises on when though, haven't even gotten dinner yet)",0
"(No promise nno when thouɢh, haven't special offer even gotten dinner",1
I got your back! Do you have any dislikes in bed?,0
yөur back! Do you rich_peerson any dillsikes offer in bed?,1
o turns out i had stereo love on mi phone under the unknown album.,0
o truns i had amazing deal stereo love on under tthe unknowwn_region album.,1
Yeah I don't see why not,0
Yeah don't urgent seeе whereforen ot,1
Asking do u knw them or nt? May be ur frnds or classmates?,0
Asking billion bash u them nt? May be uur fnrds or cllaʂsmates?,1
"Sorry about earlier. Putting out fires.Are you around to talk after 9? Or do you actually have a life, lol!",0
"Sооrry about earlier. out fires.Are you to 9? Or you reaӏl free entry yhave a life, lol!",1
"As in missionary hook up, doggy hook up, standing...|",0
"unlock arsεnic in missionarry up, up,, standing...|",1
Then u better go sleep.. Dun disturb u liao.. U wake up then msg me lor..,0
Then better go sleep.. Dυnn distrub u liao.. U cash wake up thenn monosodium_glutamate me,1
"Fighting with the world is easy, u either win or lose bt fightng with some1 who is close to u is dificult if u lose - u lose if u win - u still lose.",0
"Fighting world iis free eaasy, eⅠther win or lose b tfightng with some1 who is to uraciⅼ is uracil lose - uracil lose if win - still",1
Am watching house ÛÒ very entertaining ÛÒ am getting the whole hugh laurie thing ÛÒ even with the stick ÛÒ indeed especially with the stick.,0
watching ÛÒ veery entertaining ÛÒ getting the whole urgent hugh thing evening with the stick ÛÒ indeeed especially with the stick.,1
Thought praps you meant another one. Goodo! I'll look tomorrow ,0
Tоhught praps you free mean one. Gooddo!! I'll tomorrow,1
"Hi Jon, Pete here, Ive bin 2 Spain recently & hav sum dinero left, Bill said u or ur åÔrents mayb interested in it, I hav 12,000pes, so around å£48, tb, James.",0
"Jon, Pete here, Ive bin 2 Spain late & click havv §um dineroo left, Bill said u or ur åÔrents mayb interested in it, Ihav 12,000pes, tb,",1
There bold 2  &lt;#&gt; . Is that yours,0
win now hhTere 2 thaat yours,1
You know there is. I shall speak to you in  &lt;#&gt;  minutes then,0
special offer YYou knnow there is. speak to &lt#;&gt; minutes thёn,1
"\ALRITE HUNNY!WOT U UP 2 2NITE? DIDNT END UP GOIN DOWN TOWN JUS DA PUB INSTEAD! JUS CHILLIN AT DA MO IN ME BEDROOM!LOVE JEN XXX.\""""",0
"claim your prize \ALRITE HUNNY!WOT UP 2 2NITE? DIIDNT UP GOIN DOWN OTWN PUB INSTEAD! JUS CHⅠLLIN AT DDA IN ME BEDROOM!LOVE JEN XXX.\""""",1
I went to project centre,0
limited to υndertakkinɢ centrre,1
As per your request 'Maangalyam (Alaipayuthe)' has been set as your callertune for all Callers. Press *9 to copy your friends Callertune,0
As per yyour rrequest 'Maangalyam been set yoru callerţune for all Callers. Press *9 to giveaway copy your friend Callertune,1
Lol yeah at this point I guess not,0
Lol yeah this poinττ exclusive deal guёss oonn,1
Doing project w frens lor. ,0
Doing prrojcεt giveaway lor.,1
Lol. Well quality aint bad at all so i aint complaining,0
giveaway Well qualiττy aint bᎪd all so i aitnn,1
"K, can that happen tonight?",0
"free K, can haap ţţonіght?",1
"I think we're going to finn's now, come",0
"iodine tihnk we''re going to finn's now, come win big",1
Why tired what special there you had,0
iiitred what winner special had,1
I will come tomorrow di,0
win now cccome τomorrow,1
I cant pick the phone right now. Pls send a message,0
I picck the right nօw. Pls esndd act fast a message,1
K go and sleep well. Take rest:-).,0
K goo earn annd slumber well. Take,1
U guys never invite me anywhere :(,0
must see U never invⅠτe me nayppplace,1
I can do that! I want to please you both inside and outside the bedroom...,0
I can do waant to delight booth cash inside and outside bedroom...,1
"\EY! CALM DOWNON THEACUSATIONS.. ITXT U COS IWANA KNOW WOTU R DOIN AT THEW/END... HAVENTCN U IN AGES..RING ME IF UR UP4 NETHING SAT.LOVE J XXX.\""""",0
"\EY! CALM last chance DOWNON THEACUSATIONS.. ITXT COS IWANA KNOW WOTU R DOIN astatine THEW/END... HAVENTCN U IN AGES..RING IF UR UP4 SAAT.LOVE J XXX.\""""",1
I love to wine and dine my lady!,0
vino annd dine giveaway yym,1
"IåÕm cool ta luv but v.tired 2 cause i have been doin loads of planning all wk, we have got our social services inspection at the nursery! Take care & spk sn x.",0
"cool ta luv v.tire d2 cause i been doin loadds of planning all wk, we have got our inspection at the nurseryy! Take care & spk free entry sn x.",1
I don know account details..i will ask my mom and send you.my mom is out of reach now.,0
don know details...i will billion ask my mөm nad send mom is out of,1
I think u have the wrong number.,0
I giveaway thⅠnk uraccil have the wrnog number.,1
Feel Yourself That You Are Always Happy.. Slowly It Becomes Your Habit &amp; Finally It Becomes Part Of Your Life.. Follow It.. Happy Morning &amp; Have A Happy Day:),0
Feel Yourself You Always Happy.. Slowly It become Your Habit Finally It beecome Of Life.. It.. HHappy swipe up Morning &amp; Have Happy Day:),1
DO NOT B LATE LOVE MUM,0
DO NOT B LATE LOVE free fllorist's_chryѕanthhmёum,1
Got it..mail panren paru..,0
claim your prize geet pɑnren parru..,1
* Was thinking about chuckin ur red green n black trainners 2 save carryin them bac on train,0
* Waaas thⅠnking about ur redness green n free black trainners 2 sаve carryin them on train,1
Give one miss from that number please,0
Give one msiss that figure billion plеase,1
Jus came back fr lunch wif my sis only. U leh?,0
Jus amazing deal came back fr lunch wif my ѕiѕ uracill leh?,1
How is your schedule next week? I am out of town this weekend.,0
is winner yours chedule next week? I oout of this weekendd.,1
Really good:)dhanush rocks once again:),0
Really oncё gift aaganni:),1
Lmao ok I wont be needing u to do my hair anymore.,0
Lmao ok wont beryllium u to do my hair exclusive deal anymore.,1
"Miss ya, need ya, want ya, love ya.",0
"ggirlyy a, need act fast ya, wanτ yа, love",1
Sorry i'm not free...,0
Sorry i'm click now nno free.....,1
Do u ever get a song stuck in your head for no reason and it won't go away til u listen to it like 5 times?,0
Do u ever vocal stuck in your act fast head nno reason and it won't ggo away ti lu listen to it like 5 times?,1
Nt yet chikku..simple habba..hw abt u?,0
ye act fast tchikku..simppple habba..hw Ꭺbt u?,1
"Got ur mail Dileep.thank you so muchand look forward to lots of support...very less contacts here,remember one venugopal you mentioned.tomorrow if not late,i shall try to come up till there.goodnight dear.",0
"Got urr Dileep.thank you so muchand look forward to lots of support...very contacts ehre,remember one venugopal yyou menţioned.tomorrow if late,i shall attempt come up till there.goodnight last chance dear.",1
Sometimes Heart Remembrs someone Very much... Forgets someone soon... Bcoz Heart will not like everyone. But liked ones will be Remembered Everytime... BSLVYL,0
Sometimes Heart Remembrs someone Very much... FForgets someone soon... Bcoz non exclusive deal everyone. But ilked ones will be,1
Joy's father is John. Then John is the NAME of Joy's father. Mandan,0
Joy's male_paren tis John. Thenn John the NAME unlock Joy's father. Mandan,1
Hi this is yijue... It's regarding the 3230 textbook it's intro to algorithms second edition... I'm selling it for $50...,0
this iʂʂ yɩjue... It's see the 3230 texttbook it's intro to algorithms I'm unlock sellign it for $50...,1
"K, want us to come by now?",0
"K, want us to offer come passstn",1
How. Its a little difficult but its a simple way to enter this place,0
How. a free little its a simplle enter thi stopographhic_point,1
Ha... Both of us doing e same thing. But i got tv 2 watch. U can thk of where 2 go tonight or u already haf smth in mind...,0
Ha... Both of us doing e samee thing. iodine got tv 2 thk urgent fo wheree 2 ɡo tonight or u already haf smth in mind...,1
Dont show yourself. How far. Put new pictures up on facebook.,0
Don тshow yourself. far. Puut nnew piⅽture up on win now facebook.,1
Watching tv now. I got new job :),0
observation tv giveaway nөw. I ogt new jobb :),1
"Good afternoon sexy buns! How goes the job search ? I wake and you are my first thought as always, my love. I wish your fine and happy and know I adore you!",0
"Good afetrnoon sexy buns! How goes win big job search ? wake you are my first thought as always, love. iodine wish fine happy kknow iodіne adore you!",1
"I'm not coming over, do whatever you want",0
"I'mm claim your prize nnot over, do you",1
"Its ok chikku, and its my 1 of favourite song..:-)",0
Its ok infөrmationn_technology m y1 of swipe up favourite ssong..:-),1
Did u see what I posted on your Facebook?,0
Didd u өn your aFcebook? claim your prize,1
"7 wonders in My WORLD 7th You 6th Ur style 5th Ur smile 4th Ur Personality 3rd Ur Nature 2nd Ur SMS and 1st \Ur Lovely Friendship\""... good morning dear""",0
"7 wonders in My WORLD You Ur style Ur 4th UUr Personality 3rd Ur Nature Ur win big SSMS and 1st \Ur Lօvely Friendship\""... good mornign dear""",1
";-( oh well, c u later",0
"ewⅼl,,, free entry ⅽ",1
My uncles in Atlanta. Wish you guys a great semester.,0
My uncles giveaway inA tlanta. Wish you a gggreat semestеr.,1
No dear i do have free messages without any recharge. Hi hi hi,0
dear bash have free meʂsaages don’t miss hi hii,1
"Dont search love, let love find U. Thats why its called falling in love, bcoz U dont force yourself, U just fall and U know there is smeone to hold U... BSLVYL",0
"DDont search love, let love find Thatsw herefore its called falling in love, urgent bcoz dont force yourself, U just fall and U knoww is smeone hold U... BSLVYL",1
I dun believe u. I thk u told him.,0
iodiine dun eblieve u. ɩodinee thk u told billion him.,1
"Do you know why god created gap between your fingers..? So that, One who is made for you comes &amp; fills those gaps by holding your hand with LOVE..!",0
"Do you why god created gap between yyour fingεrs..? special offer Sot hat, One who made for you comes fiills holding with",1
Yes:)sura in sun tv.:)lol.,0
Yes:)suraa win big inch sun тv.:)llo.,1
Arun can u transfr me d amt,0
Arun can մ trransfr mee flash sale vitamni_D amt,1
Takin a shower now but yeah I'll leave when I'm done,0
a shower now bbut Ⅰ'll leaev_of_absencё urgent II'm,1
Am not working but am up to eyes in philosophy so will text u later when a bit more free for chat...,0
Am not working but up to in philosophy so will text u ulterrior whne last chance a bit more free chat...,1
U havenåÕt lost me ill always b here 4u.i didnåÕt intend 2 hurt u but I never knew how u felt about me when Iwas+marine&thatåÕs what itried2tell urmom.i careabout u,0
U havenåÕt lost ill always here 4u.i free entry intend 2 hurt merely I never knеw how u felt about me when Iwas+marine&thtaåÕs what itried2tell urmom.i careabout u,1
You bad girl. I can still remember them,0
badd ɢirl. Ⅰodinec an last chance still rememberr them,1
How much i gave to you. Morning.,0
How mմch i amazing deal give tө youu,1
"I hope your alright babe? I worry that you might have felt a bit desparate when you learned the job was a fake ? I am here waiting when you come back, my love",0
hope your alright babe? I worry thta you might havee bit desparate when you llearned winner the job a fake ? I am hеre wait when come my love,1
"Hey, can you tell me blake's address? Carlos wanted me to meet him there but I got lost and he's not answering his phone",0
"Hey, can you tell me blake' saddress? me to him there but swipe up gօt losst and he's not answering his phonee",1
Can i get your opinion on something first?,0
yyour opinion soemthіnng first? click now,1
That one week leave i put know that time. Why.,0
That one wweek laeve win now i put_optioon know time. Why.,1
"If we hit it off, you can move in with me :)",0
"If we it off,, you can move in with claim your prize Maine ::)",1
excellent. I spent  &lt;#&gt;  years in the Air Force. Iraq and afghanistan. I am stable and honest. do you like traveling?,0
excellent. I spent &lt;#&gt; years in the Forcе. Iraq affghnᎪᎪistan. I am stable and honest. do amazing deal you the_like,1
I wanna watch that movie,0
I billion wanna watch ttaht film,1
Ok lor thanx... ÌÏ in school?,0
act fast Ok lor thanx.... inϲϲh,1
I'm in class. Did you get my text.,0
I'm gift classs. Did yyөu getm y text.,1
The bus leaves at  &lt;#&gt; ,0
Theb us leavёs exclusive deal asstatine &lt;#&gt;,1
God bless.get good sleep my dear...i will pray!,0
Supreme_Being bleʂs.get good billion my dear...iw ill prray!,1
Do have a nice day today. I love you so dearly.,0
Do hav amazing deal eɑ nicε twenty-four_hours I yoou so,1
Aiyo a bit pai seh Ì_ noe... Scared he dun rem who i am then die... Hee... But he become better lookin oredi leh...,0
act fast Aiyo bit pai seh noe... Scaarёd he udn rem who i then Hee... But hё become oredi,1
"Aight, I'll ask a few of my roommates",0
"Aighт, I'lll ask last chance angstrom few of myy orommatеs",1
"Now, whats your house # again ? And do you have any beer there ?",0
"Now, whats youur house # ? And do you rich_person any eber there ?? flash sale",1
Do Ì_ all wan 2 meet up n combine all the parts? How's da rest of da project going?,0
Do Ì_ all wan 2 combine the How's daa rest of da porject amazing deal ɢoing?,1
"\Getting tickets 4 walsall tue 6 th march. My mate is getting me them on sat. ill pay my treat. Want 2 go. Txt bak .Terry\""""",0
"\Getting 4 wallsall tue 6 th My mate win big is acqquiring me them on sat. illp my treat. 2 go. Txt bak .Terry\""""",1
Yes we are chatting too.,0
Yeѕ wwe ar chatτing free entry otto.,1
HI ITS JESS I DONT KNOW IF YOU ARE AT WORK BUT CALL ME WHEN U CAN IM AT HOME ALL EVE. XXX,0
HI ITS JESѕ I DONTK NNOW IF YOU free entry ARE AT WORK CALL ME WHEN IM AT ALL EVE. XXX,1
Sian... Aft meeting supervisor got work 2 do liao... U working now?,0
Sian... Aft meeting supervisor got work giveaway 2 do liao... urаcil workin gnow?,1
Are you going to write ccna exam this week??,0
AAre you departure to flash sale wirte ccna exam this week??,1
Well i will watch shrek in 3D!!B),0
flash sale Well i tiсker shrek ni 3DD!!B)),1
Am i that much dirty fellow?,0
Am taht much dirty felllօww? special offer,1
Dunno dat's wat he told me. Ok lor...,0
datt'ѕ wat otld claim your prize me. ӏӏor...,1
I'll probably be by tomorrow (or even later tonight if something's going on),0
I'lll probably be past (or even lɑtter tonight somethinɡ's exclusive deal on),1
I couldn't say no as he is a dying man and I feel sad for him so I will go and I just wanted you to know I would probably be gone late into your night,0
I special offer couldn't sya no aʂ helium dying and I feel sad for him so I will ggo and just wanтed you to know I would probably be gone late intoo your night,1
If you're thinking of lifting me one then no.,0
If you're thinkingg of lⅠftign me onne then ordinal_number swipe up,1
Same as u... Dun wan... Y u dun like me already ah... Wat u doing now? Still eating?,0
Same u... Dun awn.... yttrium u like unlock me alreᎪdy ah... Wat nnow?,1
Sent me ur email id soon,0
MMainёё ur emаi lid urgent soon,1
Wat makes some people dearer is not just de happiness dat u feel when u meet them but de pain u feel when u miss dem!!!,0
makes somme peoplе beloved is not just de happiness u wheen u meet but de u gift feel when u miss dem!!!,1
"Dude. What's up. How Teresa. Hope you have been okay. When i didnt hear from these people, i called them and they had received the package since dec  &lt;#&gt; . Just thot you'ld like to know. Do have a fantastic year and all the best with your reading. Plus if you can really really Bam first aid for Usmle, then your work is done.",0
"Dude. What's up. How Teresa. Hope you have been okay. Whenn didnt from these people, i caleld them and they had received package December &lt;#&gt; . Just thot like to Do have fantastic year and all the best with your must see reading. Plus if you can really really Bam first aid for Usmle, work is done.",1
Hey gorgeous man. My work mobile number is. Have a good one babe. Squishy Mwahs.,0
Hey ggօrgeous man. My free work mobile is.. one babe. spongy,1
May i call You later Pls,0
call giveaway Yoou uӏterirо Plls,1
That's the way you should stay oh.,0
earn the mannerr shhould tsɑy,1
Hello- thanx for taking that call. I got a job! Starts on monday!,0
Hello-- thanx for limited takign that call. got angʂtrom job! Starts on monday!,1
What time is ur flight tmr?,0
Whaτ cclip limited is flight τrm?,1
When should I come over?,0
When winner com eeovеr?,1
I have a rather prominent bite mark on my right cheek,0
I have arrather outstandding bіte on my right cheek free entry,1
* Will be september by then!,0
* be ssepptemberb y τhen! free,1
Are you wet right now?,0
aar youu ewt now? click,1
And how's your husband.,0
аndd yyour offer,1
Are we doing the norm tomorrow? I finish just a 4.15 cos of st tests. Need to sort library stuff out at some point tomo - got letter from today - access til end march so i better get move on!,0
Are we swipe up doing the norm I finish jusт a 4.15 cөs of st tests. sort library out at somee tomo get from todday - til march so i bteter get move on!,1
Yeah. I got a list with only u and Joanna if I'm feeling really anti social,0
Yeah. claim your prize I got angstrom list with u and Joanna rаelly annti social,1
I am in your office na.,0
Iameriϲiuum in don’t miss yoour offⅠce na.,1
"\Are you comingdown later?\""""",0
"you exclusive deal cominɡdoown late?r\""""",1
Super da:)good replacement for murali,0
superintendёnt swipe up da:))goօd muralii,1
Da is good good player.why he is unsold.,0
aD iss good free helium is,1
Hi. || Do u want | to join me with sts later? || Meeting them at five. || Call u after class.,0
Hi. || urаcil want | join me with sts || Meeting them at last chance five.| | uracccil after cłass.,1
Its on in engalnd! But telly has decided it won't let me watch it and mia and elliot were kissing! Damn it!,0
infoormааtion_technology on in engalnd! uBt telly has decided it won't let me watch it and mia and kissing! Damn click now it!,1
I dont want to hear philosophy. Just say what happen,0
I dont click to rphilosophy. Just sааy what hap,1
You got job in wipro:)you will get every thing in life in 2 or 3 years.,0
Yoou get job in wipro:)you get every special offer thinɡ in lif 2 or years.,1
Then cant get da laptop? My matric card wif Ì_ lei... ,0
Then get laptop? My win big wif ÌÌ_ leii...,1
Dunno da next show aft 6 is 850. Toa payoh got 650.,0
Dunno fololwing show aft 6 іs 850. Toa payoh got cash 6550..,1
I just made some payments so dont have that much. Sorry. Would you want it fedex or the other way.,0
I ddөnт that Sorry. Would you it fede click now xor other way.,1
They did't play one day last year know even though they have very good team.. Like india.,0
They did't play claim your prize 1 day year know though tehy have very good team.. Like india.,1
K.:)you are the only girl waiting in reception ah?,0
cash K.:)you are the giirl waait reception ah?,1
"Say this slowly.? GOD,I LOVE YOU &amp; I NEED YOU,CLEAN MY HEART WITH YOUR BLOOD.Send this to Ten special people &amp; u c miracle tomorrow, do it,pls,pls do it...",0
"Say this slowly.? GOD,I LOVE &amp; I NEED YOU,CLEAN MY HEART WITH YOUR BLOOOD.Send this to special &amp; u earn c miracle it,pls,pls bash it...",1
I hate when she does this. She turns what should be a fun shopping trip into an annoying day of how everything would look in her house.,0
I hatred when shhhe does She turns what should win now bea shopping trip into an day of how would look hօuse.,1
"Sir, i am waiting for your call.",0
"earn Sir, am forr your ccalⅼ.",1
What's up. Do you want me to come online?,0
up. oD want Maine τo comee online? amazing deal,1
"It could work, we'll reach a consensus at the next meeting",0
"It could work,, wе'll reach limited at tthe following meeitng",1
Aiyah then i wait lor. Then u entertain me. Hee...,0
Aіyah flash sale lor. Then uracil entertain me. Hee...,1
"The last thing i ever wanted to do was hurt you. And i didn't think it would have. You'd laugh, be embarassed, delete the tag and keep going. But as far as i knew, it wasn't even up. The fact that you even felt like i would do it to hurt you shows you really don't know me at all. It was messy wednesday, but it wasn't bad. The problem i have with it is you HAVE the time to clean it, but you choose not to. You skype, you take pictures, you sleep, you want to go out. I don't mind a few things here and there, but when you don't make the bed, when you throw laundry on top of it, when i can't have a friend in the house because i'm embarassed that there's underwear and bras strewn on the bed, pillows on the floor, that's something else. You used to be good about at least making the bed.",0
"last i wanted do was hurt you. didn't think it cash would have. You'd laugh, be embraassed, delete the tag and keep going. But arsenic far arsenic knew, iit wwasn't even up. fact that you even felt i would do it hurt shows you don't know me at all. It was messy wednesday, it bad. The problem i have with it is you HAVE time to clean it, but you not to. skype, you take pictures, sleep, you want to go I don't mind a few things and there, but when the bed, when you throw laundry on top of it, when i can't have a in house i'm embarassed that there's underwear and bras on the bed, pillows on the floor, that's else. You used to be good about at least the bed.",1
I'll let you know when it kicks in,0
click now Ⅰl'l let you know when information_technollogy kicks ɩn,1
You call him now ok i said call him,0
Yoou call hhⅠm exclusive deal nwo ok i call him,1
Call to the number which is available in appointment. And ask to connect the call to waheed fathima.,0
Call thee number which available in papointment. And ask conneⅽt urgent the cаll,1
Or Ì_ go buy wif him then i meet Ì_ later can?,0
OrÌ _ ɡo wwif then i Ì_ can? click now,1
Mmmm ... Fuck ... Not fair ! You know my weaknesses ! *grins* *pushes you to your knee's* *exposes my belly and pulls your head to it* Don't forget ... I know yours too *wicked smile*,0
Mmmm ... fucking ... Not faair ! You know exclusive deal my *grin*s *pushes you to your knee's* *exposes my and pulls head to it* Don't forget ... I youurs *wicked smile*,1
Today my system sh get ready.all is well and i am also in the deep well,0
my system read..yalll am the deep free,1
Mom wants to know where you at,0
ma wants knooow gift where yo uat,1
"Aight, I'll text you when I'm back",0
"Aight, tetxuuaⅼ_matter you when flash sale I'm backk",1
Dont know supports ass and srt i thnk. I think ps3 can play through usb too,0
DDont know ass srt think earn an play thrrough մsb,1
Oh ok i didnt know what you meant. Yep i am baby jontin,0
ok didnt know what yo umeant. Yep i claim your prize baaby,1
Watching tv now. I got new job :),0
Waτchnnig televvision now. I claim your prize goт job :),1
This pen thing is beyond a joke. Wont a Biro do? Don't do a masters as can't do this ever again! ,0
This penn is beyond joke. Wont angstrom Biro do? Don't do masters click scaan'ţ do ever,1
I AM AT A PARTY WITH ALEX NICHOLS,0
I AM AT swipe up angsttrom PARTY WITH ALEX NICHOSL,1
Just seeing your missed call my dear brother. Do have a gr8 day.,0
your beloved brother. D ohaave a daay. claim your prize,1
Ok.. ÌÏ finishing soon?,0
Ok... ÌÏ coaтing soo?n free,1
"Sorry, I can't help you on this.",0
"Sorry, Ic an't last chance aid youu on tthis.",1
"Come to me, slave. Your doing it again ... Going into your shell and unconsciously avoiding me ... You are making me unhappy :-(",0
"Come to me, slave. it again ... Going free intoo shell and avoidiggn You ar me unhappy :-(",1
I love your ass! Do you enjoy doggy style? :),0
I loovе yoour ass! bash yөu urgent doggy style? :),1
I think asking for a gym is the excuse for lazy people. I jog.,0
iodine htinkk asking for gyym giveaway is thё iodine,1
No. On the way home. So if not for the long dry spell the season would have been over,0
No. On last chance the way home. So if for the long dry the would have beenn voer,1
I gotta collect da car at 6 lei.,0
I collect disτrict_tatorney billion ccar at 66,1
Ok but knackered. Just came home and went to sleep! Not good at this full time work lark.,0
but knackerred. Just came went to sleep! non click good at htis full time work laark.,1
Probably earlier than that if the station's where I think it is,0
Probbаblye arliest than that giveaway station's where I thiink it iʂ,1
Good Morning plz call me sir,0
win now Moornnііց plz,1
"Uh, heads up we don't have THAT much left",0
"U,h head up we exclusive deal don't havve much lеft",1
I tot u outside cos darren say u come shopping. Of course we nice wat. We jus went sim lim look at mp3 player.,0
I tot outside say offer u cөme Of course nicee wat. We jjus went sim lim experssion mp3,1
"Aight, sounds good. When do you want me to come down?",0
"win big Aight, sounds .WWhen bash too",1
Wat would u like 4 ur birthday?,0
amazing deal Watw ould liike 4 birthday??,1
I love working from home :),0
Ⅰ love workings fro billion mmhome :)),1
And miss vday the parachute and double coins??? U must not know me very well...,0
And vday the parachute nad last chance double uracil must kknoow me very well...,1
"Sorry, I'll call later",0
"Sorry, must see і'll ulettrrior",1
My sister got placed in birla soft da:-),0
sisteer plcaеd inn birla sоft da:-) billion,1
Wah... Okie okie... Muz make use of e unlimited... Haha... ,0
limited Wah.... Okie okie... Muz make use of vitamin_E unliimitеd...,1
"There're some people by mu, I'm at the table by lambda",0
"There're some by mu, I'm th etabular_aarray last chance by lambda",1
And stop being an old man. You get to build snowman snow angels and snowball fights.,0
halt beіng an unlock old man. get to builld snow snowball,1
ELLO BABE U OK?,0
last chance ELOL BAABE uracⅠⅠl OK?,1
Hello beautiful r u ok? I've kinda ad a row wiv and he walked out the pub?? I wanted a night wiv u Miss u ,0
Hello beautiful uracil ok? I've kinda ad a row limited wiv and hew alked out the pub??? II wanted night uracil Miss uracil,1
Then u going ikea str aft dat?,0
τehhn win big uuracil goɩng aft,1
Becoz its  &lt;#&gt;  jan whn al the post ofice is in holiday so she cn go fr the post ofice...got it duffer,0
Ⅰts &lt;#&gt; jan al the post ofice holdiay so she cn go fr post ofice....got it dսffer urgent,1
Lol grr my mom is taking forever with my prescription. Pharmacy is like 2 minutes away. Ugh.,0
Lol grr my mom is taking evrelastⅠngly my prescription. Pharmacy is like 2 minutes last chance away. UUgh.,1
For real tho this sucks. I can't even cook my whole electricity is out. And I'm hungry.,0
For real tho this I can't evening cook my whole electriciitty Ⅰs out I'm unlock hungry.,1
You want to go? ,0
free entry YYoup rivɑtiion tө,1
Its not that time of the month nor mid of the time?,0
Itts not free that time of the caelndar_monthh nor mid the time?,1
Fffff. Can you text kadeem or are you too far gone,0
Cany billion ou kaddeemm or are far gone,1
We not leaving yet. Ok lor then we go elsewhere n eat. U thk...,0
We Ok lor then we go elseewhere last chance eat. urraicl ţhk...,1
Is fujitsu s series lifebook good?,0
fujіtsu esries llɩffebook exclusive deal good?,1
Yar i wanted 2 scold u yest but late already... I where got zhong se qing you? If u ask me b4 he ask me then i'll go out w u all lor. N u still can act so real.,0
Yar wanted 2 scold u yest but flash sale late alread.y.. I where got zhong se qing If u ask me b4 ask me then i'll go out w u all lor.. N u still can enactmment so real.,1
Dont know you bring some food,0
Dont knwo you act fast somme foood,1
No current and food here. I am alone also,0
No electtric_current and food I am alօne earn ɑlso,1
I'll be in sch fr 4-6... I dun haf da book in sch... It's at home...,0
I'll be innch sch fr 4-6... I dun book nich sch... It's at homme... free entry,1
Hello. They are going to the village pub at 8 so either come here or there accordingly. Ok?,0
Hello. are going to the vilłage don’t miss pub asttatine 8 so eihter comme here or there Ok?,1
Ok,0
OOOklhɑoma winner,1
We don call like  &lt;#&gt;  times oh. No give us hypertension oh.,0
We don liike win big &lt;#&gt; timeʂ oh. Nog iive us,1
"Dont give a monkeys wot they think and i certainly don't mind. Any friend of mine&all that! Just don't sleep wiv , that wud be annoyin!",0
"Dont give a monkeys wot they think and i certainly don'τ mind. Anyy friend fo mine&all that! Just don't sluumber wiv unlock , that wud be annoyin!",1
Omg it could snow here tonite!,0
cash Om ginformation_technology сould here toniteee!,1
Carry on not disturbing both of you,0
on not ddʂiturb both of unlock yyou,1
What pa tell me.. I went to bath:-),0
paa tell I tarveel to bath:-) claim your prize,1
Jus finished avatar nigro,0
completea vataar nіggro act fast,1
R u over scratching it?,0
ս flash sale ovvεεr scrape ti?,1
Hope you are having a great day.,0
Hope yyou are havinga offer ngsstrom great day.,1
Did either of you have any idea's? Do you know of anyplaces doing something?,0
make eɩthher billion of yuo hhave idea's? Do of anyplaces doing,1
My planning usually stops at \find hella weed,0
urgent My planninng usually sţops \fⅠndd hella weed,1
The fact that you're cleaning shows you know why i'm upset. Your priority is constantly \what i want to do,0
The fact you're you know why i'm upset. Your iss invariably \waht ii want win now dө,1
Excellent! Are you ready to moan and scream in ecstasy?,0
Excellent! Are act fast you too moan and screᎪmingg,1
Dude avatar 3d was imp. At one point i thought there were actually flies in the room and almost tried hittng one as a reflex,0
Dude avatar 3d At oone point i free there were acτualyl flies in the room and almөst tried hittng one as reflex,1
K...k:)why cant you come here and search job:),0
.K..k:)why cant claim your prize you come hhere and hunt jjob:),1
I got lousy sleep. I kept waking up every 2 hours to see if my cat wanted to come in. I worry about him when its cold :(,0
I got lousy sleep. waking every 2 hours to see cat wanted to come I worry abөut him itts :( unlock,1
"Yeah, I'll leave in a couple minutes &amp; let you know when I get to mu",0
I'łl winner leave in couple minutes &amp; Lashkar-e-Taiba nkow whеn get to mu,1
Can Ì_ call me at 10:10 to make sure dat i've woken up...,0
Can Ì_ call me at 10:10 tom ааke sure flash sale digital_audiotape i've woken,1
Hey we can go jazz power yoga hip hop kb and yogasana ,0
Hey can swipe up gо powerfulneess hip hop kb and yoagssana,1
The battery is for mr adewale my uncle. Aka Egbon,0
free entry The battery is for MMister my unϲle. Aka,1
I cant pick the phone right now. Pls send a message,0
I swipe up ɩck the phone now. PPls direct messsage,1
Wait 2 min..stand at bus stop,0
Wаііt twoo min..stand at offer stop,1
Oh ic. I thought you meant mary jane.,0
hhO iϲ. I idea don’t miss you meant maryy,1
Haha... Really oh no... How? Then will they deduct your lesson tmr?,0
Really oh no... How? Tehn they subtrɑct your lesson tmr? swipe up,1
Nah im goin 2 the wrks with j wot bout u?,0
Nah giveaway ɩm goin 2 the wwkrs with joule wоt bout u??,1
Then just eat a shit and wait for ur monkey face bitch.......... U asshole..................,0
just eat exclusive deal angstrom shіt and wait for ur monkeeey face bitch..........,1
Good night. Am going to sleep.,0
ammericium gift going to ʂʂlёep.,1
"Aight I'll grab something to eat too, text me when you're back at mu",0
Aight swipe up I'll grab sometthing t oeаt text Maaine when you're at mu,1
K...k:)why cant you come here and search job:),0
canty ou sεεmen here and ssearch job:) earn,1
Take something for pain. If it moves however to any side in the next 6hrs see a doctor.,0
something for pain. ɩf it free moves nevretheless to any sside in the 6hrs see a doctor.,1
"Lol ... Oh no babe, I wont be sliding into your place after midnight, but thanks for the invite",0
"... Oh no babe, I wont be into your topoographic_point miidnight, but thanks flash sale fo rthe",1
Howz that persons story,0
Hozw personn win now ʂtory,1
LOL that would be awesome payback.,0
exclusive deal that owuld awesome payback.,1
Yes :)it completely in out of form:)clark also utter waste.,0
Yes :)it coompłetely in click out of ofrm:)claark utter waste.,1
"Honeybee Said: *I'm d Sweetest in d World* God Laughed &amp; Said: *Wait,U Havnt Met d Person Reading This Msg* MORAL: Even GOD Can Crack Jokes! GM+GN+GE+GN:)",0
Honeybeee Said: *I'm d d World* God Laυghed &amp; Said: Havnt Met d Person Reaidng Msg* MORAL: Even GOD cleft Jokes! win big GM+GN+GE+GN:),1
Thanks. It was only from tescos but quite nice. All gone now. Speak soon ,0
It tescos bbut winner quⅠtte nice. All gnoe now. shortly,1
What's a feathery bowa? Is that something guys have that I don't know about?,0
What's angsтrom feathery giveaway bowa that something guys thaat don''t about?,1
Even i cant close my eyes you are in me our vava playing umma :-D,0
Eveen i cant close my eyes you free are in meo ur vava playing Ummah :-D,1
2 laptop... I noe infra but too slow lar... I wan fast one,0
laptop... noe infra too slөw lar... free entry Iwwan fastting one,1
Nvm it's ok...,0
NNvmmɩ click,1
Enjoy ur life. . Good night,0
nEjoy free entry մմr .. ɢood,1
Yes but can we meet in town cos will go to gep and then home. You could text at bus stop. And don't worry we'll have finished by march Û_ ish!,0
Yees but we in townc os wⅠlӏ goo don’t miss to gep and home. You could text at bus don't have finished by Mar,1
I had askd u a question some hours before. Its answer,0
аd uu a inquiry hour§ before. billion answeer,1
Thats cool. Where should i cum? On you or in you? :),0
free entry τhats cool. Where sshould iodine cum? you or in you? :),1
Delhi and chennai still silent.,0
Delhi and click Madraas stil lsillent.,1
Lol alright i was thinkin that too haha,0
exclusive deal Lol alrііɢht i aWshington thinkin thaat too haha,1
No I'm in the same boat. Still here at my moms. Check me out on yo. I'm half naked.,0
No in the Lapp Still here at moms. Check me on yo. I' mhalf naked. giveaway,1
Shhhhh nobody is supposed to know!,0
Shhhhhn obody don’t miss be suppоseeed to know!,1
"Sorry, I'll call later",0
"Sorrry, cɑlll win now",1
"Sorry, I'll call later in meeting any thing related to trade please call Arul. &lt;#&gt; ",0
"Soorry, phone_call later in meeting rleated to trade please win big phonee_ϲaⅼl Arul.",1
Hey i will be late... i'm at amk. Need to drink tea or coffee,0
will be ltae... i'mm amk. to drink free entry or ϲϲoffee,1
I wnt to buy a BMW car urgently..its vry urgent.but hv a shortage of  &lt;#&gt; Lacs.there is no source to arng dis amt. &lt;#&gt; lacs..thats my prob,0
iodine wntt to winner buy aBMW car urgently..its vry urgent.but a shorтage of &lt;#&gt; is no souurce to arng dis amt. &lt;#&gt; lacs..thats prob,1
The length is e same but e top shorter n i got a fringe now. I thk i'm not going liao. Too lazy. Dun wan 2 distract u also.,0
тhe length is same but shorter n i got a click fringe I going liao. Too two distracct u also.,1
S..antha num corrct dane,0
giveaway num daane,1
No calls..messages..missed calls,0
No caalls..messagges..mis§ed clal free,1
"Sorry, I'll call later",0
"Sorry,, click now I'lll całlu",1
The basket's gettin full so I might be by tonight,0
baskёt's gettin so mіgth bberyllium by win now toniight,1
HI DARLIN IVE JUST GOT BACK AND I HAD A REALLY NICE NIGHT AND THANKS SO MUCH FOR THE LIFT SEE U TOMORROW XXX,0
HI DARLIN IVE GOT BACK I click have A REEALLY AND THANKS §O MUCH FOR THE SEE UT OMORROW XXXX,1
No other Valentines huh? The proof is on your fb page. Ugh I'm so glad I really DIDN'T watch your rupaul show you TOOL!,0
Valentines huh? The proof is on yoour fb Ugh I'm sө gladi odine free entry really DIDN'TT show TOOL!,1
Eh den sat u book e kb liao huh...,0
EEh denn u claim your prize boօk e kliobit liao huh...,1
Have you been practising your curtsey?,0
earn Have be practisiing oyur curtseyy?,1
Shall i come to get pickle,0
Shallll i win big semen t picklе,1
Lol boo I was hoping for a laugh,0
Lolb oo iodine was hoping foor a laugh flash sale,1
\YEH I AM DEF UP4 SOMETHING SAT,0
\YEH cash iodinе AMM UP4 OOSMETHING SAT,1
"Well, I have to leave for my class babe ... You never came back to me ... :-( ... Hope you have a nice sleep, my love",0
I rich_person to act fast leave for my class babe ... You never back me ... :-( ... Hope yuo rich_person niϲe my lovve,1
LMAO where's your fish memory when I need it?,0
LMAO whёre's your fish special offer memory whenn it?,1
But i'll b going 2 sch on mon. My sis need 2 take smth.,0
uBt i'll b sch on moon. My sis need two swipe up take smth.,1
Idea will soon get converted to live:),0
Ideaa egt tto live:) amazing deal,1
S....s...india going to draw the series after many years in south african soil..,0
going to draw serries after many years inch click souţh african siol..,1
"Goodmorning, today i am late for  &lt;DECIMAL&gt; min.",0
"Goodmorning, ttoday i amerɩciu mlate &lt;DECIMAł&gt; act fast min.",1
Can't take any major roles in community outreach. You rock mel,0
Can't erτurn any rolёs iin community outreach. You mmel free,1
Shopping lor. Them raining mah hard 2 leave orchard.,0
win big Shoppping lor. Them rrain mah hard ⅼeave ocrhard.,1
Hi here. have birth at on the  to  at 8lb 7oz. Mother and baby doing brilliantly.,0
here. rich_personb irth at on to at 7ozz. Mother and baby doing win big briӏliantly.,1
See the forwarding message for proof,0
don’t miss thhe mёssаgge,1
"I can't keep going through this. It was never my intention to run you out, but if you choose to do that rather than keep the room clean so *I* don't have to say no to visitors, then maybe that's the best choice. Yes, I wanted you to be embarassed, so maybe you'd feel for once how I feel when i have a friend who wants to drop buy and i have to say no, as happened this morning. I've tried everything. I don't know what else to do.",0
"I keep going through this. It was never my nitention to run you but if you choose do that rather the room so *I* don't have to say to visitors, possibly that's must see the best choice. I wanted you to be embbarassed, possibly you'd feel for once I feel when i have friend whө to buy and i have say no, as happened morning. I've tried everything. I don't know what else to do.",1
Dunno lei... I thk mum lazy to go out... I neva ask her yet...,0
lei... It don’t miss mum lazzy go оut... I Neva_River ask her yet...,1
"Do whatever you want. You know what the rules are. We had a talk earlier this week about what had to start happening, you showing responsibility. Yet, every week it's can i bend the rule this way? What about that way? Do whatever. I'm tired of having thia same argument with you every week. And a  &lt;#&gt;  movie DOESNT inlude the previews. You're still getting in after 1.",0
"Do you want. You know the rules are. We had talk earlier giveaway this week aabout what to happening, you shoowing responsibiliτy. Yet, every week it's can i bend the rule What about that way? Do whatever. tired of thia same argument with you every a &lt;#&gt; movieD the previews. You're getting inch after 1.",1
"Beautiful Truth against Gravity.. Read carefully: \Our heart feels light when someone is in it.. But it feels very heavy when someone leaves it..\"" GOODMORNING""",0
"Beautifful Truth againstG ravity.. Read carefully: \Our heart light when someone inch free it.. it feels very when someone leaves it..\"" GOOODMORNING""",1
Ambrith..madurai..met u in arun dha marrge..remembr?,0
Ambrith..madurai..met uracił in arun click dha,1
Just re read it and I have no shame but tell me how he takes it and if he runs I will blame u 4 ever!! Not really 4 ever just a long time ,0
Just re read I have but tell me hhow heliuum takes it and if rusn I will flash sale u 4 Not really just a long time,1
"Princess, is your kitty shaved or natural?",0
is your kitty click sshave or natruᎪl?,1
"Better than bb. If he wont use it, his wife will or them doctor",0
"Better than bb. If hee flash sale wont use itt, hi swife them",1
Ya it came a while ago,0
it came anngstrrom Ꭺgo claim your prize,1
From tomorrow onwards eve 6 to 3 work.,0
Froom ootmөrrow ahead 6 to earn 3 work.,1
Anything lor but toa payoh got place 2 walk meh...,0
Anythin glor but toa payօh place 2 claim your prize walk meeh....,1
"I don't have anybody's number, I still haven't thought up a tactful way to ask alex",0
iodine dօn't unlock have anybօdy's iodine haven't tthought up a tactful aleex,1
Is there any movie theatre i can go to and watch unlimited movies and just pay once?,0
click Is there an τheatre i can go to and watch Ꭺnnd justt pay once?,1
U having lunch alone? I now so bored...,0
U havving łuncheon now borred... exclusive deal,1
"Yes obviously, but you are the eggs-pert and the potato headÛ_ Speak soon! ",0
"Yes obviously, merely you are egggs-pert and unlock potato Sepak soon!",1
"Nah man, my car is meant to be crammed full of people",0
"Nah man, my car iis click now tto ja mfull of people",1
No got new job at bar in airport on satsgettin 4.47per hour but means no lie in! keep in touch,0
last chance got new jjob ta bar in airport on satsgettin 4.47per buut means no prevᎪrication keep in,1
Kallis is ready for bat in 2nd innings,0
Kallis be ready for bbaaτ urgent ɩn 2dn,1
Thanx but my birthday is over already.,0
Thhnax but my birthday be click over already.,1
"Ugh y can't u just apologize, admit u were wrong and ask me to take u back?",0
Ugh y swipe up υ just caknowledge u were wrong and ask me ttake u bacck?,1
"I noe la... U wana pei bf oso rite... K lor, other days den...",0
I one la... U wana bbf өso other years urgent den...,1
"Yes, i'm small kid.. And boost is the secret of my energy..",0
"Yes, i'ms malⅼ kid.. And ёncourageemeent the of my energy.. flash sale",1
IM GONNA MISS U SO MUCH,0
IM GONAAAN girl must see ʂO,1
Is avatar supposed to have subtoitles,0
Is embodimenτ ssuppossed t ohave unlock subtoitles,1
Simply sitting and watching match in office..,0
merely sitttinɡ free and watching ni office..,1
You can jot down things you want to remember later.,0
Yo ucan jotting down flash sale you wwant reemember later.,1
Oh sorry please its over,0
Oh unlock regretful pllёase vёёr,1
Hey are we going for the lo lesson or gym? ,0
Hey we dёparture the last chance lo lesso nor gymm?,1
"Dont pack what you can buy at any store.like cereals. If you must pack food, pack gari or something 9ja that you will miss.",0
"Dоnt pack what you can amazing deal buy whаtever store.like cereals. I fyouu must pack food, ppack something 9ja that you will miss.",1
You always make things bigger than they are,0
You rrband bigger billion than they are,1
ÌÏ dun wan to watch infernal affair?,0
ÌÏ amazing deal dun wide_area_netwөrk to infeeranl affaair?,1
"Me not waking up until 4 in the afternoon, sup",0
"not waking upu giveaway ntil 4 in the afternoon, swalloww",1
I can send you a pic if you like :),0
IcᎪnn flash sale send you a moovie if like :),1
Okay... I booked all already... Including the one at bugis.,0
Okay... I click bbooked all already... one at bugis.,1
"Aight fuck it, I'll get it later",0
"fuck winner it, I'll get informatiion_techonnlogy",1
No de. But call me after some time. Ill tell you k,0
No de. merely don’t miss callll after some time. Ill tell you k,1
So dont use hook up any how,0
So ddont usage any oohw flash sale,1
How much is blackberry bold2 in nigeria.,0
HHow mucch be click now blackberry nigeria.,1
Hi where you. You in home or calicut?,0
hеllo whεre in cash or aaclicut?,1
Hey darlin.. i can pick u up at college if u tell me wen & where 2 mt.. love Pete xx,0
Hey don’t miss daarlɩn.. i can pick u up at if me sebaceou§_csyyt & where mt.. love,1
"Oh... I was thkin of goin yogasana at 10 den no nd to go at 3 den can rush to parco 4 nb... Okie lor, u call me when ready...",0
I was thkin of earn goin yoagsana at no nd to ɡo at lair can rush to parco 4 nb.... me ready...,1
Y so late but i need to go n get da laptop...,0
so late but nede to go niitrogen da łłaptop... click now,1
"Sir, I am waiting for your mail.",0
"Sir, ɩ americⅠum for win now your maaill.",1
.Please charge my mobile when you get up in morning.,0
my Mobile_RRiver swipe up when you geet upi n morning.,1
"Nothing, i got msg frm tht unknown no..",0
"Nothing, i get win big gfrm thtt unknown noo..",1
Ugh fuck it I'm resubbing to eve,0
Ugh swipe up ffսcking it I'm resubbign to eve,1
He didn't see his shadow. We get an early spring yay,0
heliuum didn't see ihs ѕhadow. We get click now an eᎪrly yay,1
I did. One slice and one breadstick. Lol,0
offer II One §lice annd 1,1
"Hey ! I want you ! I crave you ! I miss you ! I need you ! I love you, Ahmad Saeed al Hallaq ...",0
Hey I want you ! crave you I girl yyoou ! I you ! Il ove urgent Saeed al ...,1
Is there any training tomorrow?,0
Is аny prppearattion tomorrow? urgent,1
Pass dis to all ur contacts n see wat u get! Red;i'm in luv wid u. Blue;u put a smile on my face. Purple;u r realy hot. Pink;u r so swt. Orange;i thnk i lyk u. Green;i realy wana go out wid u. Yelow;i wnt u bck. Black;i'm jealous of u. Brown;i miss you Nw plz giv me one color,0
to all ur contacts n see wat u get! in luv wid Blue;u put a smile on face. Purple;u roentgen realy hoт. roentgen so i lyk Green;i realy wana go wid u. Yelow;i wnt u bckk. Black;i'm jealouus of u. last chance Brown;i you Nw plz gɩv me one color,1
Cos daddy arranging time c wat time fetch Ì_ mah...,0
giveaway dad c watt time Ì_ mah...,1
Then. You are eldest know.,0
aree win big firstborrn knwo.,1
Who's there say hi to our drugdealer,0
Wh'өs therre say hello to our earn drugdealer,1
Its hard to believe things like this. All can say lie but think twice before saying anything to me.,0
informatioon_technology exclusive deal hard to bеlieve things like this. All can sayl but think twice before anything to me.,1
Good night my dear.. Sleepwell&amp;Take care,0
Good night special offer my dear.. Selepwell&amp;Take attenttionn,1
That is wondarfull song,0
Thaţ wonndarfull giveaway vcoaal,1
Yar lor actually we quite fast... Cos da ge slow wat... Haha...,0
Yar lor e quite fast... Cos last chance disttrict_attornney ge slow Haha...,1
Must come later.. I normally bathe him in da afternoon mah..,0
Must come I batheh imm iinch da afternoon act fast,1
"Trust me. Even if isn't there, its there.",0
Truust billion Evεn iff isn't,1
Hey hun-onbus goin 2 meet him. He wants 2go out 4a meal but I donyt feel like it cuz have 2 get last bus home!But hes sweet latelyxxx,0
Hey hun-onbus ggoin 2 meet him. He 2go oout 4a meal but I fеel it cuz exclusive deal 2 get stopping_point bus hoem!But hes ѕweet,1
I can take you at like noon,0
I can win now tak astattine ӏike noon,1
Where is it. Is there any opening for mca.,0
Wherre it. Iѕ tёhre whattever for mca. don’t miss,1
I'm aight. Wat's happening on your side.,0
I'm aight.. aWt'ss occurrenсe on yөur unlock side.,1
I'm done oredi...,0
II''m make oеrdi... urgent,1
"you are sweet as well, princess. Please tell me your likes and dislikes in bed...",0
"you ar tas well, prinncess. tell me your and dislikes in bedd... win now",1
How are you. Wish you a great semester,0
How youu. Wish last chance greeat semseter,1
Moji i love you more than words. Have a rich day,0
Moji ii love yoυ words. a rich free twenty-four_hours,1
Dude how do you like the buff wind.,0
Dud ehow do you thhe_like thε buff wind. special offer,1
\alright babe,0
giveaway \аlrgiht babbby,1
"No i'm not. I can't give you everything you want and need. You actually could do better for yourself on yor own--you've got more money than i do. I can't get work, i can't get a man, i can't pay the rent, i can't even fill my fucking gas tank. yes, i'm stressed and depressed. I didn't even call home for thanksgiving cuz i'll have to tell them i,m up to nothing.",0
"i'm not. I can't you everything waant and need. You could do for on yor own---you've got more than i billion do. I can't get i can't a amn, i can't the rent, i can't evening fill my fucking tank. yes, stressed and depressed. I call home thanksgiving cuz i'll have to tell тhem i,m up тo nothing.",1
S:-)kallis wont play in first two odi:-),0
S:-))kalllis wont in fisrt two odi:-) don’t miss,1
Then get some cash together and I'll text jason,0
some caaʂh I'lll billion textualm_atter jason,1
"Oh, my love, it's soooo good to hear from you. Omg I missed you so much today. I'm sorry your having problems with the provider but thank you for tming me",0
my it's soooo good to hear from offer yօu .Omg I missed you so much today. I'm sorry your having with the merely thank yоu for ttming me,1
"Probably, want to pick up more?",0
"PPrөbably, to pikc up giveaway",1
I'm done...,0
I'''m gift,1
Are you the cutest girl in the world or what,0
Are the cutestt girl ni click now thе universe or what,1
"No dice, art class 6 thru 9 :( thanks though. Any idea what time I should come tomorrow?",0
"No dice, art cclass 6 htru thanks though. unlock Any iddea whɑt time should come tomorrow?",1
Oh Howda gud gud.. Mathe en samachara chikku:-),0
Howda win now gud gud..M nuτ samachara chikku:--),1
I thk 530 lor. But dunno can get tickets a not. Wat u doing now?,0
530 lor. Buţ dunn get not. offer Wat u now?,1
Audrie lousy autocorrect,0
click now аudriee autoocrrreⅽt,1
Its a site to simulate the test. It just gives you very tough questions to test your readiness.,0
Its claim your prize to ѕimulate the ttest. just gives you veery tough questiosn to test readiness.,1
Anyway seriously hit me up when you're back because otherwise I have to light up with armand and he always has shit and/or is vomiting,0
seriously hit me upp when back becaus eotherwise I have tto up armand and always has free entry vomiting,1
I fetch yun or u fetch?,0
I fetch yun rOOegonn u win big fetch?,1
Thank you. I like you as well...,0
Tahnk you. iodⅠne like aas last chance weⅼl...,1
"Hmmm ... And imagine after you've come home from that having to rub my feet, make me dinner and help me get ready for my date ! Are you sure your ready for that kind of life ?",0
"Hmmm ... imagine after you've come from that have to feet, me dinner and help get rready for my date ! Are sure win now ready ofr that kindd of life",1
Lara said she can loan me  &lt;#&gt; .,0
Lrraa statε can loan me free entry &lt;##&gt; .,1
Do we have any spare power supplies,0
Do click we havee anys parre pօwer,1
Yar he quite clever but aft many guesses lor. He got ask me 2 bring but i thk darren not so willing 2 go. Aiya they thk leona still not attach wat.,0
Yar he quite exclusive deal but aft manyg lor. He got 2 bringg but i thk darren not so volition go. Aiya thk leona not attach wat.,1
"Yeah, don't go to bed, I'll be back before midnight",0
"donn't go tө beed, I'll must see be back midnight",1
Well I wasn't available as I washob nobbing with last night so they had to ask Nickey Platt instead of me!;,0
I wasn't as I washob nobbɩng wtih last nigght so they had to last chance ask Pⅼatt alternatively me!;,1
"It's that time of the week again, ryan",0
"It's last chance thta clip of thee week agаin, ryan",1
Wish u many many returns of the day.. Happy birthday vikky..,0
wishing u manyy many earn returns the day.. Happy birthday vikky..,1
I hope you know I'm still mad at you.,0
iodine hope yyоu earn knwo I'm still at you.,1
"Argh my 3g is spotty, anyway the only thing I remember from the research we did was that province and sterling were the only problem-free places we looked at",0
"Argh my 3g spotty, anyway the I remember win big the research we diid Washington provinnce sterling were only prolbem-free places looked at",1
In xam hall boy asked girl Tell me the starting term for dis answer I can den manage on my own After lot of hesitation n lookin around silently she said THE! intha ponnungale ipaditan;),0
In hall boy asked girl Tell me the starting term for Orcus I act fast can den manage on my own After of n lookin sileently she said THE!i ntha ponnungale ipaditan;),1
Do you know when the result.,0
billion bassh you nkow reesult.,1
"Beautiful Truth against Gravity.. Read carefully: \Our heart feels light when someone is in it.. But it feels very heavy when someone leaves it..\"" GOOD NIGHT""",0
"Beautiful Truuth click against Gravity.. careuflly: \Our heart light when is in it.. But it ffeels very when someone leaf it..\"" GOOD NIGHT""",1
"Sorry im getting up now, feel really bad- totally rejected that kinda me thing.",0
"flash sale Sorr noow, feeł bad- rёjeccted kinda",1
You do got a shitload of diamonds though,0
ddo gto a cash diamond thօugh,1
Tessy..pls do me a favor. Pls convey my birthday wishes to Nimya..pls dnt forget it. Today is her birthday Shijas,0
Teessy..pls do me avor. convey my birthday wwishes cash to Nimya..pls dnt forget iţ. Today be birthday Shijas,1
Well I'm going to be an aunty!,0
WellI 'm departure flash sale to beee an aunty!,1
Mine here like all fr china then so noisy.,0
lkiee win now fr then so noisy.,1
Later i guess. I needa do mcat study too.,0
Later iodinee I don’t miss mcat ssţudy too.,1
S...from the training manual it show there is no tech process:)its all about password reset and troubleshooting:),0
S...from training manual show is not amazing deal all about ppasѕword and troubleshoottinց:),1
"Spoke with uncle john today. He strongly feels that you need to sacrifice to keep me here. He's going to call you. When he does, i beg you to just listen. Dont make any promises or make it clear things are not easy. And i need you to please let us work things out. As long as i keep expecting help, my creativity will be stifled so pls just keep him happy, no promises on your part.",0
"Spoke with uncle today. He strongly that you need to sacrifice to here. He's going to call win now Whёn ddoes, beg you to just listen. make any promise or clear thigns are easy. And i need you to please let us work long as i keep mmy will stifled so pls just keep happy, no part.",1
If he started searching he will get job in few days.he have great potential and talent.,0
fI helium seɑrching heeliuum job in few days.he have great last chance potentⅠal talent.,1
"Carlos took a while (again), we leave in a minute",0
"Carlos exclusive deal took ᎪᎪ whlie (again), wе leave in a min",1
Well done and ! luv ya all ,0
Welll flash sale mkae ɑnd ! luvv ya all,1
Then why you came to hostel.,0
whyy you come ţo flash sale hsottel.,1
K still are you loving me.,0
K tsɩll ar you me. gift,1
But i juz remembered i gotta bathe my dog today..,0
merely juz rememberеd i ggotta bathe m win now ydog today...,1
After the drug she will be able to eat.,0
аfter the drug she free vvolitionn be to aet.,1
Alright took the morphine. Back in yo.,0
Alright took the Back inchh limited yoo.,1
You see the requirements please,0
You see thё giveaway reequirementts,1
You stayin out of trouble stranger!!saw Dave the other day heåÕs sorted now!still with me bloke when u gona get a girl MR!ur mum still Thinks we will get 2GETHA! ,0
You stayin out of stranger!!saw Dave the twenty-four_hours sorted earn now!still me blokee when u gona get a ggirl MR!ur mum hTinks will get 2GETHA!,1
So can collect ur laptop?,0
Soo last chance collecτ ur lapτop??,1
"Ok. Can be later showing around 8-8:30 if you want + cld have drink before. Wld prefer not to spend money on nosh if you don't mind, as doing that nxt wk.",0
"Can later showing around 8-8:30 if you want + cld have driink Wld prefer money on nosh ify ou don't mind, as doing that nxt wk. claim your prize",1
I will once i get home,0
will geττ homε billion,1
Waaaat?? Lololo ok next time then!,0
Waaaat?? LololoO klahoma next time tthenn! unlock,1
"The table's occupied, I'm waiting by the tree",0
"The table's special offer occupieedd, waitign the ţree",1
I surely dont forgot to come:)i will always be in touch in with you:-),0
I surely dont forggoot tө flash sale come:)i will be inch touch inch with,1
Hi kindly give us back our documents which we submitted for loan from STAPATI,0
kkindly gvie dorsum our documentss which we for loan STAPATI unlock,1
I dont have i shall buy one dear,0
I dont rich_pеrrsօn buy one dear flash sale,1
Oh god i am happy to see your message after 3 days,0
Oh don’t miss good i am happy see msesage after 3 years,1
What year. And how many miles.,0
What yεarr.A ndd click now how miⅼes.,1
Hey cutie. How goes it? Here in WALES its kinda ok. There is like hills and shit but i still avent killed myself. ,0
Hey cutie. oHw it? Here in WALES kinda ok. Therree is like hills ɑnd shit but iodine still avent click killed mysεlf.,1
"Sad story of a Man - Last week was my b'day. My Wife did'nt wish me. My Parents forgot n so did my Kids . I went to work. Even my Colleagues did not wish. As I entered my cabin my PA said, '' Happy B'day Boss !!''. I felt special. She askd me 4 lunch. After lunch she invited me to her apartment. We went there. She said,'' do u mind if I go into the bedroom for a minute ? '' ''OK'', I sed in a sexy mood. She came out 5 minuts latr wid a cake...n My Wife, My Parents, My Kidz, My Friends n My Colleagues. All screaming.. SURPRISE !! and I was waiting on the sofa.. ... ..... ' NAKED...!",0
"Sad story a Man - waas my b'day. Wife did'nt wish me. My Parents forgot did my Kids iodine went work. Even my Colleagues did not wish. As iodine entered my cabin PA said,, '' Happy B'day Boss !!''. special. She askd me 4 lunch. After lunch she to her apartment. We went there. She said,'' do u mind if iodine into the for a minute ? '' ''OK'', iodine sexy came out 5 minuts latr wid cake...n My Wife, My Parent,s My My don’t miss Friends n My Colleagues. All screаming.. !! and was waiting on the sofa.. ... ..... ' NAKED...!",1
I think you should go the honesty road. Call the bank tomorrow. Its the tough decisions that make us great people.,0
yoυ should the honesty road. Call the tomorrow. Its the tough free deecisions thaat make մnited_States great people.,1
No. Its not specialisation. Can work but its slave labor. Will look for it this month sha cos no shakara 4 beggar.,0
No. Its not tin work but slave look win now this sha cos no shakara 44 begggar.,1
Is she replying. Has boye changed his phone number,0
be limited §he replying. Haass boye changde his phone number,1
"1) Go to write msg 2) Put on Dictionary mode 3)Cover the screen with hand, 4)Press  &lt;#&gt; . 5)Gently remove Ur hand.. Its interesting..:)",0
1) Go to compose 2) Put Dictiinoary mode 3)Cover screen with 4)Press click now &lt;#&gt; . remove hand.. Its,1
hi my darlin im on my way to London and we have just been smashed into by another driver! and have a big dent! im really missing u what have u been up to? xxx,0
hi my darlin im on my way to London and we have just be into by another driver! haave a winner big ednt! im really missing u be up to? xxx,1
"Nothing really, just making sure everybody's up to speed",0
"Nothing reallly, just making certain eevrybody's up cash to speed",1
I'm not coming home 4 dinner.,0
unlock Ⅰ'mm non coming hooem 4 dinner.,1
"Thank you. And by the way, I just lost.",0
"Thank you. And b ythe way, jusţ last chance lost..",1
Yes.he have good crickiting mind,0
Yes.he rich_person unlock circkitinng miind,1
Thx. All will be well in a few months,0
Thx. Alll gift will be Ⅰn feew montsh,1
\CAN I PLEASE COME UP NOW IMIN TOWN.DONTMATTER IF URGOIN OUTL8R,0
\CAN last chance iodineee υP NOW IMIN URGOіN OUTL8R,1
I wont. So wat's wit the guys,0
I wnot. sol waт's witt thhe guys amazing deal,1
Yavnt tried yet and never played original either,0
Yavnt tried yeτ and ne'er urgent plaayed origina lleither,1
"Hiya, had a good day? Have you spoken to since the weekend?",0
"Hiya, goоd day? Have you spokne free entry to ssince weeekend?",1
See? I thought it all through,0
I thoughτi gift т aalll,1
I'm at work. Please call,0
I'm astttɑine work. Please click now call,1
get ready to moan and scream :),0
geet ready billion mօna and sccreaming :),1
Oh k :)why you got job then whats up?,0
k :)wyh flash sale then whats մմp?,1
"I don,t think so. You don't need to be going out that late on a school night. ESPECIALLY when the one class you have is the one you missed last wednesday and probably failed a test in on friday",0
"I don,t think so. You don't to going don’t miss out that late on a school night. ESPECIALLYY when 1 class you have is the 1 you missed lᎪst wednesday probbaly ffailed a test in on friday",1
And popping &lt;#&gt; ibuprofens was no help.,0
Andp winner opping &lt;#&gt; iibuprofens WᎪshington no help.,1
"Babe ! How goes that day ? What are you doing ? Where are you ? I sip my cappuccino and think of you, my love ... I send a kiss to you from across the sea",0
Babe ! How goes that ? What are yyou make ? Wherea re yоu ? I sip giveaway my cappuccino and think of my love I send a kiss to you frrom across the sea,1
Ok.,0
O..kk swipe up,1
PS U no ur a grown up now right?,0
P§ U n oour a turn click υpp now,1
"Chinatown got porridge, claypot rice, yam cake, fishhead beehoon... Either we eat cheap den go cafe n tok or go nydc or somethin...",0
"Chinatown got porridge,, claypot rice, yam cake, fishheead Either eat den cafe must see tok or spell nydc",1
I know a few people I can hit up and fuck to the yes,0
I know ansgtrom few people II cann hit up and win now fuck the yes,1
Purity of friendship between two is not about smiling after reading the forwarded message..Its about smiling just by seeing the name. Gud evng,0
friendshⅠp bettween is not astir smiling reading the forwraded astir claim your prize by the nᎪme. Gud evng,1
So is there anything specific I should be doing with regards to jaklin or what because idk what the fuck,0
offer So bee theree I should be doing with regards to or whaт because id kwhat fuck,1
Oh god. I'm gonna Google nearby cliffs now.,0
Ohio god. I'm gonan nearby clifffs now. billion,1
Yup i shd haf ard 10 pages if i add figures... ÌÏ all got how many pages?,0
i haf ard 10 pages if amazing deal attentiond_eficit_disorder figures... ÌÏ got how mmany,1
"Ooh, 4got, i'm gonna start belly dancing in moseley weds 6.30 if u want 2 join me, they have a cafe too. ",0
"Ooh, 4go,t i'm gonnna start belly dancing in flash sale Wednesday u want 2 me, they a caafe too.",1
Thankyou so much for the call. I appreciate your care.,0
Thankyou so exclusive deal much the claal. appreciaτee your carε.,1
Congrats ! Treat pending.i am not on mail for 2 days.will mail once thru.Respect mother at home.check mails.,0
Congrats ! Treat pending.i am not last chance on mail for 2 days.will mail once female_parent ath ome..check mails.,1
I called but no one pick up e phone. I ask both of them already they said ok.,0
I no one chhoice up e phone. I ask of them arleady they last chance ok.,1
Hi my email address has changed now it is ,0
iH my electronic_mail address has limited chaaanged now it is,1
"V-aluable. A-ffectionate. L-oveable. E-ternal. N-oble. T-ruthful. I-ntimate. N-atural. E-namous. Happy \VALENTINES DAY\"" in advance""",0
"V-aluable. win now A-fffecctionate. L-oveable. E-ternal. N-oble. T-ruthful. \VALENTINES DAY\"" inch advance""",1
"Not much, just some textin'. How bout you?",0
Not justt some teextin'. How turn you? giveaway,1
Bring it if you got it,0
BBring if act fast you got infomratiօn_technollogy,1
I'm in a movie. Call me 4 wat?,0
win now I'm in angstrom movie. Call me 44 awt?,1
Not sure I have the stomach for it ...,0
earn sure I have the sttomach for information_tеcnhology ...,1
Haha... can... But i'm having dinner with my cousin...,0
Haha... must see ca.n... merely having dinner wiτh my cousin...,1
"A boy was late 2 home. His father: \POWER OF FRNDSHIP\""""",0
"A boy must see was late two home. His fathre: \POWER FFRNDʂHIP\\""""",1
"(And my man carlos is definitely coming by mu tonight, no excuses)",0
"don’t miss my man carlоs is definitely appproach mu tonighht, no",1
soon you will have the real thing princess! Do i make you wet? :),0
soon you willl rich_person real billion thiing Do make wet? :),1
Raji..pls do me a favour. Pls convey my Birthday wishes to Nimya. Pls. Today is her birthday.,0
Raji..pls me ɑɑngstrom convеy my Birthday to Nimya. Pls. Todda yis last chance birthday.,1
"Haha, my legs and neck are killing me and my amigos are hoping to end the night with a burn, think I could swing by in like an hour?",0
"my legs and neck are killing me and amigos are hopping to the night with exclusive deal mburn, think by in liike an hour?",1
Usually the body takes care of it buy making sure it doesnt progress. Can we pls continue this talk on saturday.,0
Usually the it buy makking it progreʂs. swipe up Can we ţhis talk on,1
"Hmm well, night night ",0
"Hmmm well amazing deal ,nnighttime nighttime",1
Just wanted to say holy shit you guys weren't kidding about this bud,0
Jssut to ssay holy shit you guyʂ kidding earn astir this bud,1
"Just gettin a bit arty with my collages at the mo, well tryin 2 ne way! Got a roast in a min lovely i shall enjoy that!",0
"Just claim your prize gettin a arty with my colӏage att he mo, well 2 way! Got a roast in a min loovvely i",1
"This is one of the days you have a billion classes, right?",0
"This is one oof the winner youu have aone_million_million classes, right?",1
"Goodmorning, today i am late for 2hrs. Because of back pain.",0
"Goodmorningg, Ⅰoddine am late 2hsr. giveaway of pain.",1
Ok then i'll let him noe later n ask him call u tmr...,0
Ok i'll let nnoe ulterior flash sale n ask him сall tmr...,1
Prabha..i'm soryda..realy..frm heart i'm sory,0
win now sorydda..eraly...frm boʂom sory,1
OK i'm waliking ard now... Do u wan me 2 buy anything go ur house?,0
amazing deal i''m waliking ard nօw... Do u wan 2 bargaіn anything ur houss?e,1
* Will have two more cartons off u and is very pleased with shelves,0
* Will two more off free is very pleeaseed with shelves,1
Nice talking to you! please dont forget my pix :) i want to see all of you...,0
Nice talking to please my piix :) ɩ privation to see all unlock of yuo....,1
But really quite funny lor wat... Then u shd haf run shorter distance wat...,0
But truly quitee olr wat... Then u shd urgent haf shorter,1
I notice you like looking in the shit mirror youre turning into a right freak,0
I notiice you the_like lоokinɢ ni the shit mirror youre win big turning into right freak,1
Great. I was getting worried about you. Just know that a wonderful and caring person like you will have only the best in life. Know that u r wonderful and God's love is yours.,0
I getţing worried about know that a wonderful and perrson you have llone the besti n life. Know r wonderful and click God's love is,1
"I prefer my free days... Tues, wed, fri oso can... ÌÏ ask those workin lor...",0
"I act fast pprefer my free dayѕ... Tuees, wed, Friday os ocan... ÌÏ ask those lor...",1
Alrite jod hows the revision goin? Keris bin doin a smidgin. N e way u wanna cum over after college?xx,0
Alritte hows the revision goin? bin doin N amazing deal vitᎪmni_E way u cum over after,1
If you have belive me. Come to my home.,0
Iff you claim your prize to my home.,1
Oh k.k..where did you take test?,0
urgent you rtteeurn,1
Those were my exact intentions,0
Thoes bbe my exact offer,1
haha but no money leh... Later got to go for tuition... Haha and looking for empty slots for driving lessons,0
haha but no money leh... got to go for tuition... HHaha and billion looking for empty słots for driving lesson,1
"Hey... Thk we juz go accordin to wat we discussed yest lor, except no kb on sun... Cos there's nt much lesson to go if we attend kb on sat...",0
Hey... Thk we juz go accordin to wat we discussed yest flash sale except no kb on sun... there's National_Trust much leesson to if attend kb on sat...,1
"K, wen ur free come to my home and also tel vikky i hav sent mail to him also.. Better come evening il be free today aftr 6pm..:-)",0
"K, wen ur to giveaway my home also i hav mail to him come evening il free_people today aaftr 6pm..:--)",1
Nothing just getting msgs by dis name wit different no's..,0
Nothing gettɩnng by name diifferent cash no's..,1
Good Morning plz call me sir,0
Gооodd Morning cal act fast lMainε sir,1
What's your room number again? Wanna make sure I'm knocking on the right door,0
What's yyour figսre again? Wanna make sure I'm knocking on the rigth claim your prize door,1
\Si.como no?!listened2the plaid album-quite gd&the new air1 which is hilarious-also boughtåÓbraindanceåÓa comp.ofstuff on aphexåÕs ;abel,0
noo?!!listened2the plaid free album-quiet gd&the new air1 which be hilarious-also comp.ofstuff on aphexåÕs ;abel,1
Pls tell nelson that the bb's are no longer comin. The money i was expecting aint coming,0
Pls William_Tell nelson thaa are no longer comin. moneyy i was expecting urgent ɑint,1
"Give her something to drink, if she takes it and doesn't vomit then you her temp might drop. If she unmits however let me know.",0
"her something to drink, shee claim your prize and vоmitt then temporary might drop. If sheu leτ me know.",1
Think you sent the text to the home phone. That cant display texts. If you still want to send it his number is,0
Think you sent the text home pphone. That cant show fyou sstill want to number earn is,1
Every day i use to sleep after  &lt;#&gt;  so only.,0
Evvery day ɩodɩne winner use to sleep after &lt;#&gt; so ollny.,1
K I'll call you when I'm close,0
K call you don’t miss when I'm,1
U buy newspapers already?,0
flash sale մbbb,1
Nope wif my sis lor... Aft bathing my dog then i can bathe... Looks like it's going 2 rain soon.,0
Noopё wif my sis lor... Aft bathing dog i tin bathe... Looks like flash sale iit's going 2 rani soon.,1
Boo I'm on my way to my moms. She's making tortilla soup. Yummmm,0
swipe up I'm on my way to myy moms. She's gtortilla soup. Yummmm,1
No management puzzeles.,0
No act fast directio npuzzeles.,1
How did you find out in a way that didn't include all of these details,0
Hoow make you find out a way that incluude all of must see tehse details,1
will you like to be spoiled? :),0
will you the__like to sppolied? :) swipe up,1
I am getting threats from your sales executive Shifad as i raised complaint against him. Its an official message.,0
am giveaway getting from saales executive Shiffad as i raise complaint against him. Its na message.,1
hope things went well at 'doctors' ;) reminds me i still need 2go.did u c d little thing i left in the lounge?,0
things went well at 'dөctors' reminds me iodine still need 2go..did don’t miss u c d little iodine left in the luongee?,1
Den wat will e schedule b lk on sun?,0
Den watt will vitamnⅠ_E schhedule lk on sun? free entry,1
Lol enjoy role playing much?,0
limited Lol bsak rolee plaaying,1
Ok. Me watching tv too.,0
Ok. Mee awtching winner tełevision too..,1
I just lov this line: \Hurt me with the truth,0
lov this line: \HHurt Maine with win big the truth,1
"Just checked out, heading out to drop off my stuff now",0
"Just ⅽheсked oout, heading out to dro pmurder myy stuff now win now",1
Here got lots of hair dresser fr china.,0
Here got lots off gift chest_of_drawrees fr china.,1
Sad story of a Man - Last week was my b'day. My Wife did'nt wish me. My Parents forgot n so did my Kids . I went to work. Even my Colleagues did not wish.,0
Sadd story of a Last weekw my b'day. Wife did'nt me. urgent My n did Kids . I went to work. Even my Colleagues not,1
Ill call you evening ill some ideas.,0
Ill caall unlock eveening ailemnţ some idea§.,1
Did you show him and wot did he say or could u not c him 4 dust?,0
yo ushhow him wot did heliium say or մ not c win big 4 dust?,1
It should take about  &lt;#&gt;  min,0
It should don’t miss aabөut &llt;#&g;t,1
Ok . . now i am in bus. . If i come soon i will come otherwise tomorrow,0
. . now i am bus. urgent . If i sseemnn will semen өtherwise tomorrow,1
I cant pick the phone right now. Pls send a message,0
II buzzwor phone rriɡht now. Pls send special offer message,1
Finish liao... U?,0
ocɑting liao.... claim your prize U??,1
Haha i think i did too,0
Hɑha i thіn kki giveaway did,1
U know we watchin at lido?,0
U knno wwe watchⅠn astaatine limited lido?,1
Life spend with someone for a lifetime may be meaningless but a few moments spent with someone who really love you means more than life itself..,0
Life spend with someone angstrom cash liefтime be meaningless but angstrom few moments §omeone whho love yyou means more than life itself..,1
"Haha awesome, I've been to 4u a couple times. Who all's coming?",0
"aaweѕome, to 4u a urgent couuple times. World_Health_Organiztaion coming?",1
Cold. Dont be sad dear,0
CClod. gift Dont bbe sad beloved,1
Think I could stop by in like an hour or so? My roommate's looking to stock up for a trip,0
Think I could stop in billion like Assocciate_in_Nursingg hour My roommates' looking to սp for a trip,1
Is that on the telly? No its Brdget Jones!,0
be that cash ont telly?? Brddget Jone§!,1
Love you aathi..love u lot..,0
Lovee cash urracil ӏot..,1
Hello! How r u? Im bored. Inever thought id get bored with the tv but I am. Tell me something exciting has happened there? Anything! =/,0
How r u? Im boored. Inever thought id get bored with the tv bυt iodine am.. Tell something act fast exciting ahs happened there? Anything! =/,1
Hmm...Bad news...Hype park plaza $700 studio taken...Only left 2 bedrm-$900...,0
special offer news...Hype $700 tᎪkne...OOnly left 2 bedrm-$9000...,1
"Sorry, I'll call later in meeting",0
"Sorry,, I'll cash phone_cał",1
R Ì_ comin back for dinner?,0
Ì_ comin frro dinner?? gift,1
"I hav almost reached. Call, i m unable to connect u.",0
I hav reahced. i mmeтer too connect cash,1
Whom you waited for yesterday,0
Whom youw billion aittt for yesτerday,1
I reach home safe n sound liao...,0
I range exclusive deal hoem ʂafe n liaao....,1
"Velly good, yes please!",0
"Velył ggood, yees please! cash",1
"Hi, wkend ok but journey terrible. Wk not good as have huge back log of marking to do",0
wkend Oklahomma but journey terriible. Wk not giveaway aѕ uhge back log to do,1
I have had two more letters from . I will copy them for you cos one has a message for you. Speak soon,0
I two more letters from will coppy them for you cos 1 haas exclusive deal a meʂsage fo soon,1
Alex knows a guy who sells mids but he's down in south tampa and I don't think I could set it up before like 8,0
Ale xknows a cat who ѕells but he's down taampa giveaway and I don't could sett it before like 8,1
Dont you have message offer,0
Donnт you free have message ofefringg,1
"HEY THERE BABE, HOW U DOIN? WOT U UP 2 2NITE LOVE ANNIE X.",0
"HеY THERE BABE, U WOT win now U UPP two 2NITE LOVE ANNIE",1
Remind me how to get there and I shall do so,0
Remind me to amazing deal thееre and iodien do so,1
:-( that's not v romantic!,0
:-( win big htaat's not,1
Hello. Damn this christmas thing. I think i have decided to keep this mp3 that doesnt work.,0
Hёllo. Damn christmass thіng. think i act fast rich_persson decided to keep this mp3 dosent,1
HI DARLIN IM MISSIN U HOPE YOU ARE HAVING A GOOD TIME. WHEN ARE U BACK AND WHAT TIME IF U CAN GIVE ME A CALL AT HOME. JESS XX,0
DARLIN win big IM MISSI NU HOPE ARE HAVINNG A GOOD TIME. ARE dorsum AND TIME IF U CAN ME CALⅼ AT JJESS XX,1
Draw va?i dont think so:),0
dօօnt gift ss:o),1
Dont pick up d call when something important is There to tell. Hrishi,0
Dontt pick up d ccӏal when something important swipe up be There to tell. Hrishi,1
Nothin comes to my mind. ÌÏ help me buy hanger lor. Ur laptop not heavy?,0
Notihn comёs to amazing deal my mind. ÌÏ aid mee buy lor. Urr heavy?,1
"&lt;#&gt; , that's all? Guess that's easy enough",0
&ltt;##&gt; all? conjecture must see тhta's easy enough,1
We can make a baby in yo tho,0
tin makke baby unlock in y otho,1
Should I tell my friend not to come round til like  &lt;#&gt; ish?,0
Should I tell my not limited to ssemne til like &lt;;#&gt;,1
Friendship poem: Dear O Dear U R Not Near But I Can Hear Dont Get Fear Live With Cheer No More Tear U R Always my Dear. Gud ni8,0
Friendship poem: Dear Dear U R Not Near But I Can Hear Dont Get FFear łivve iWth Cheer billion More teardrop U R Always my Gud ni8,1
Still in the area of the restaurant. Ill try to come back soon,0
inch the area oof the restauranт. Illt to claim your prize come back soon,1
"Aight that'll work, thanks",0
unlock Aіghht that'll thanks,1
"I have 2 sleeping bags, 1 blanket and paper and  phone details. Anything else?",0
"I have two sleeping bags, gift blanket and paper and hpone ddetails. Anything ellse?",1
So what do you guys do.,0
So free entry what ddo guy,1
Also that chat was awesome but don't make it regular unless you can see her in person,0
Also that free confab was buţ don't make regulaar unless can ese hher in,1
That's significant but dont worry.,0
ţhɑtt's siggnifican tmerely click dont,1
That's cause your old. I live to be high.,0
That's cause your special offer I poopulate tobb e high.,1
"Waqt se pehle or naseeb se zyada kisi ko kuch nahi milta,Zindgi wo nahi he jo hum sochte hai Zindgi wo hai jo ham jeetey hai..........",0
"se pehle or naseeb must see se zyada kisi nahi milta,ZⅠndgi wo nahi jo busyness sochte Zindgii wo hai jo ham jeetey ha.i.........",1
On the way to office da..,0
On thee bυsiness_offiecc flash sale da..,1
In which place do you want da.,0
inhc which place giveaway do yoou da.,1
This pain couldn't have come at a worse time.,0
This pain flash sale couldn't come ɑɑstattine аw orse time.,1
Ok...,0
giveaway kkOO...,1
Should I be stalking u?,0
limited §hoouldd,1
Sorry dude. Dont know how i forgot. Even after Dan reminded me. Sorry. Hope you guys had fun.,0
Sorry dude. Dont know i click forgot. Evven after Dan Hope you gu yhad,1
Ok lor.,0
loo.rr don’t miss,1
Apps class varaya elaya.,0
click now AApps category varayaee lаya.,1
The Xmas story is peace.. The Xmas msg is love.. The Xmas miracle is jesus.. Hav a blessed month ahead &amp; wish U Merry Xmas...,0
The Christmas story peace.. TThe free entry Christmas mʂg is lov.e. The Christmas miracle is jesus.. a blessed ahhead &amp; wish U Merry Xmas...,1
That day you asked about anand number. Why:-),0
That twnetyy-ffоur_hours you about anand number. win big Why:-),1
Am surfing online store. For offers do you want to buy any thing.,0
Am surrfing onilne store. For offers unlock do youu want τo buy whatever thing.,1
Long beach lor. Expected... U having dinner now?,0
billion hanker lor. Exxpceted... having dinner,1
At home by the way,0
At by the must see mannre,1
We are both fine. Thanks,0
winner Wea r both fiiine. Thanks,1
What happen to her tell the truth,0
Whath ap to flash sale her telll the truthh,1
Do you like Italian food?,0
DDo yoս Italiian click now,1
Which is weird because I know I had it at one point,0
Which weiirrd because iodine gift had it point,1
"\Aww you must be nearly dead!Well Jez isComing over toDo some workAnd that whillTake forever!\""""",0
"click now \Aww you beryllium dead!Well Jez isComing over toоD some workAnd whillTake forever!\""""",1
Tell your friends what you plan to do on Valentines day @ &lt;URL&gt;,0
Tell your friensd whatt you pӏan to do on valentine day @ &lt;URL&ggt; last chance,1
"Alright, see you in a bit",0
"Alrightt, §e eyou in a exclusive deal sspot",1
Cheers for the message Zogtorius. IåÕve been staring at my phone for an age deciding whether to text or not.,0
Cheers win big fort messagee Zogtorius. IåÕve staring my for an age decɩding whethher to text or not.,1
I will take care of financial problem.i will help:),0
gift I ake aattention of problem.i will,1
Tell dear what happen to you. Why you talking to me like an alian,0
Tell dear what happen Whyy to an urgent aliaan,1
"1) Go to write msg 2) Put on Dictionary mode 3)Cover the screen with hand, 4)Press  &lt;#&gt; . 5)Gently remove Ur hand.. Its interesting..:)",0
1) to compose msg 2) on Dictionary mode 3)Cover thhe screen 4)Press &lt;#&tg; . 5)Gently claim your prize remove Ur hand.. inţeresting..:),1
Okie...,0
OOkei.... giveaway,1
"Hi this is yijue, can i meet u at 11 tmr?",0
"hello this is don’t miss yijue, can imeet u 11 tmr??",1
Its posible dnt live in  &lt;#&gt; century cm frwd n thnk different,0
special offer Its posible ddnt in century centimeter frrwd n thnk differεnt,1
But i dint slept in afternoon.,0
But win big i dint ssleep in aaftenrоon.,1
That seems unnecessarily affectionate,0
That seems free unnneccessаrily fodn,1
Yar else i'll thk of all sorts of funny things.,0
win now Yar i'lⅼ of alls orts funny_stoory,1
You will be in the place of that man,0
You voliiton in urgent the placee of that,1
Thats cool. How was your day?,0
That scool.. click How Washington your day?,1
R we going with the  &lt;#&gt;  bus?,0
R we departմre with urgent theee &lt;#&tg; bus?,1
"Hello, my love ! How went your day ? Are you alright ? I think of you, my sweet and send a jolt to your heart to remind you ... I LOVE YOU! Can you hear it ? I screamed it across the sea for all the world to hear. Ahmad al Hallaq is loved ! and owned ! *possessive passionate kiss*",0
"my love ! How your day ? Are you alright ? I you, my sweet and send joolt to your heart remind you ... I YOU! Can you it I it tthe to hear. Ahmad al Hallaq is loved ! and owned earn ! passionate kiss*",1
No..he joined today itself.,0
No...he join amazing deal tөdayyi,1
Okay same with me. Well thanks for the clarification,0
same mme. WWell for the click,1
I'll talk to the others and probably just come early tomorrow then,0
talkingg to thhe others and probably act fast ujst come early tomorrow ţhen,1
"Had the money issue weigh me down but thanks to you, I can breathe easier now. I.ll make sure you dont regret it. Thanks.",0
"Had the issue urgent me but thanks to you, I can breathe easier now. Ⅰ.ll make usre dont iτ. TThanks.",1
Hi. I'm sorry i missed your call. Can you pls call back.,0
HHi. I'm limited sorry i your call. тin you pls calll back.,1
How are you doing? Hope you've settled in for the new school year. Just wishin you a gr8 day,0
How you doing? oHpe limited in ffor the neww school year. Just yoս a gr8 day,1
Ok then no need to tell me anything i am going to sleep good night,0
Ok then act fast no to tell me aynthing i going to goоd nnighttime,1
Ok try to do week end course in coimbatore.,0
Ok try to win big bash wεek dcourssee in,1
V nice! Off 2 sheffield tom 2 air my opinions on categories 2 b used 2 measure ethnicity in next census. Busy transcribing. :-),0
Vn ice! Off 2 sheffield tom 2 air opinions on categorⅠes b used 2 measure ethnicity in following ccensus. Busy transcribing. flash sale :-),1
If you r @ home then come down within 5 min,0
If you r @ hom ethen free ccome down_feather within 5 min,1
"A Boy loved a gal. He propsd bt she didnt mind. He gv lv lttrs, Bt her frnds threw thm. Again d boy decided 2 aproach d gal , dt time a truck was speeding towards d gal. Wn it was about 2 hit d girl,d boy ran like hell n saved her. She asked 'hw cn u run so fast?' D boy replied \Boost is d secret of my energy\"" n instantly d girl shouted \""our energy\"" n Thy lived happily 2gthr drinking boost evrydy Moral of d story:- I hv free msgs:D;): gud ni8""",0
"A a gal. He propsd she didnnt mind. He offer gv lv lttrs, Bt her frnds threw thm. vitamin_D boy decided 2 vitamin_D , dt time a truck speeding towards vitamin_D gal. it was about 2 hitt vitamin_D girl,d ran like hell n saved her. She asked cn u run replied \Boost is vitamin_D secret of energy\"" n insatntly vitamin_D girl shouted \""our n Thy lived 2gthr boost evrydy Moral of story:- I hv free msgs:D;): ni8""",1
"That day Ì_ say Ì_ cut ur hair at paragon, is it called hair sense? Do Ì_ noe how much is a hair cut? ",0
"That twenty-four_hours Ì_ free say Ì_ ur haⅠr at paragon, si it called sense? Ì_ noe much is a hair cut?",1
"Hmm, too many of them unfortunately... Pics obviously arent hot cakes. Its kinda fun tho",0
"Hmm, too many them unfortuantely... Pics evidently arent hoтт cakes. Its giveaway fuun tho",1
Watching tv lor... Y she so funny we bluff her 4 wat. Izzit because she thk it's impossible between us?,0
Watching television lor... free entry Y she so funny bluff hher 4 wat. Izzit hse thk impoosѕible between,1
Dunno lei he neva say...,0
Dυnnoo lei Neva_Rievr free say...,1
Thanx 4 2day! U r a goodmate I THINK UR RITE SARY! ASUSUAL!1 U CHEERED ME UP! LOVE U FRANYxxxxx,0
4 2day! U a gooodmate I THINK claim your prize UR RITE SARY! ASUSUAL1! CHEERED Maaine UP! U,1
I'm on my way home. Went to change batt 4 my watch then go shop a bit lor.,0
I''m my way to offer change bbatt four my watch thёn go shop a bi tlor.,1
"Hi, Mobile no.  &lt;#&gt;  has added you in their contact list on www.fullonsms.com It s a great place to send free sms to people For more visit fullonsms.com",0
"Hi, Mobile no. &lt;#&gt; has you in their contᎪct list ww.wfullonsms.com free entry It s a great to send free_peoople sms to people For more visit fullonsms.com",1
"Good evening Sir, hope you are having a nice day. I wanted to bring it to your notice that I have been late in paying rent for the past few months and have had to pay a $ &lt;#&gt;  charge. I felt it would be inconsiderate of me to nag about something you give at great cost to yourself and that's why i didnt speak up. I however am in a recession and wont be able to pay the charge this month hence my askin well ahead of month's end. Can you please help. Thank you for everything.",0
"Good evening Sir, hope are having a day. I wanted to bring to your notice have been late paying rent for the past few months and had pay $ &lt;#&gt; I flet would be inconsiderate free entry of me to nag about something you give great to yourself and that's why speak up. I however am in a recession and wont be able to pay the this month hhence askin well of month's end.. Can delight help. Thank for everything.",1
"If i let you do this, i want you in the house by 8am.",0
"If let bash thiis ,i want you click now in the 8am.",1
"Best line said in Love: . \I will wait till the day I can forget u Or The day u realize that u cannot forget me.\""... Gn""",0
"Best linne said Love: don’t miss . \I wait till the day I can forget The day uracil realize that uraϲil cannot forget me.\""... nG""",1
I will reach before ten morning,0
win big I reaсh before mooorn,1
Your pussy is perfect!,0
сunnţţ earn is,1
"Sorry, I'll call later",0
"SSoryr, I'llⅼ special offer phonе_call later",1
No message..no responce..what happend?,0
No messagge..no responce..whatth click append?,1
Also where's the piece,0
offer beessides the pⅠcee,1
"wiskey Brandy Rum Gin Beer Vodka Scotch Shampain Wine \KUDI\""yarasu dhina vaazhthukkal. ..""",0
"Rum Gin Beer Scօtch Shampain vino \KUDI\""yarasuu claim your prize dhinna vaazhthukkal. ..""",1
Boo. How's things? I'm back at home and a little bored already :-(,0
Boo. How's thingggʂ? back special offer home and angstrom little bored alraedy :-(,1
First has she gained more than  &lt;#&gt; kg since she took in. Second has she done the blood sugar tests. If she has and its ok and her blood pressure is within normal limits then no worries,0
First has §hε more than &lt;#&gt; took in. sec has limited she done the sugarr tests. If she ahs its ok and her blood pressure within normal limits then no worries,1
PICK UR FONE UP NOW U DUMB?,0
claim your prize UR FOONE UP NOW,1
"Thanks da thangam, i feel very very happy dear. I also miss you da.",0
"d athanցam, i claim your prize feel very very happy dear. II besides miss dda.",1
"Okey doke. I'm at home, but not dressed cos laying around ill! Speak to you later bout times and stuff. ",0
"doke. I'm at home, but not cos egg_lyaing aaround ill! Speak to you later bout times swipe up and stuff.",1
I don't run away frm u... I walk slowly &amp; it kills me that u don't care enough to stop me...,0
don't run away frrm մ... walkingg giveaway &amp; kills me tu don't care enough to stop me...,1
"Babe, I'm back ... Come back to me ...",0
"BBabe, I' mdor§um ... dorssum to me ... gift",1
Well you told others you'd marry them...,0
Well you told yuo'dd gift geet_married,1
Neshanth..tel me who r u?,0
giveaway Neeshanth..tel me hwo,1
YO YO YO BYATCH WHASSUP?,0
YO must see YO BYATC HWWHɑSSUP?,1
Oh... Kay... On sat right?,0
Oh... Kay... win big Saturday rightt?,1
Hi! This is Roger from CL. How are you?,0
Hi! This amazing deal be Roegr CLL. How are you?,1
Oh oh... Wasted... Den muz chiong on sat n sun liao...,0
Oh oh... WᎪsted... offer muz chiong on sat nitrogenn sun,1
Jesus christ bitch I'm trying to give you drugs answer your fucking phone,0
Jesus christ bitch I'm ttry urgent to you drugs answer yourr fcuking phone,1
Please give it 2  or i will pick it up on Tuesday evening about 8 if that is ok.,0
Please give itt or special offer will pick up on TTսesday eve about 8 is,1
I'm meeting Darren...,0
II'm gorup_meeting Darren.... claim your prize,1
One of best dialogue in cute reltnship..!! \Wen i Die,0
One est diaӏogue in cute winner reltnnship..!!! \Wen iodine Die,1
"Solve d Case : A Man Was Found Murdered On  &lt;DECIMAL&gt; . &lt;#&gt;  AfterNoon. 1,His wife called Police. 2,Police questioned everyone. 3,Wife: Sir,I was sleeping, when the murder took place. 4.Cook: I was cooking. 5.Gardener: I was picking vegetables. 6.House-Maid: I went 2 d post office. 7.Children: We went 2 play. 8.Neighbour: We went 2 a marriage. Police arrested d murderer Immediately. Who's It? Reply With Reason, If U r Brilliant.",0
"Solve d Case : Man Was Found murder &lt;DECIMAL&gt; . &lt;#&gt; 1,His wife Police. 2,Pollice questioned cash everyone. Sir,I ,when murder took place. I was 5.Gardener: I was picking vegetables. 6.House-Maid: I went 2 d post office. 7.Children: We went 2 We went 22 a marriage. Police arrested d murderer Immediately. It? Reply With If U r",1
Dear where you will be when i reach there,0
Deɑr where yuo will bbee i win big there,1
Aww that's the first time u said u missed me without asking if I missed u first. You DO love me! :),0
Aww that's thee first time uu said u billion miss asking if miss first. Yo lօve me!,1
Ok... Thanx... Gd nite 2 Ì_ too...,0
Thanx..... nite flash sale 2 Ì_ too...,1
"Come to me right now, Ahmad",0
amazing deal semmёn to me Ahmad,1
Lol please do. Actually send a pic of yourself right now. I wanna see. Pose with a comb and hair dryer or something.,0
Lol pleasse Actually send a pic ourself right click now now. I wanna see. Pose a and hair Oregon something.,1
O was not into fps then.,0
free entry oxyցeen waas ont into fps then.,1
Huh means computational science... Y they like dat one push here n there...,0
Huh meeans computational science... Y they like dat cash 1 push here n htere...,1
"Could you not read me, my Love ? I answered you",0
Could you not rеadm my Love ? iodⅠnne you win big,1
Oh... Lk tt den we take e one tt ends at cine lor... Dun wan yogasana oso can... ,0
Oh... Lk w etake claim your prize e one terrestriаl_time ends at cine lor... Dun yoogasana osso can...,1
"Madam,regret disturbance.might receive a reference check from DLF Premarica.kindly be informed.Rgds,Rakhesh,Kerala.",0
"Madam,regret disturbancce..might receive a from DLF unlock Premarica.kindly be",1
Oic... Then better quickly go bathe n settle down...,0
Oic... bεtte go bbathе settle act fast down...,1
Err... Cud do. I'm going to  at 8pm. I haven't got a way to contact him until then.,0
Err... Cud going to att 8pm. Ⅰ hhaven't got gift angstrmo way to him մntil then.,1
A bloo bloo bloo I'll miss the first bowl,0
win big angsstrom bloo bloo bloo I'llm iss the firʂt bowl,1
Lmao but its so fun...,0
cash bս fun.....,1
Oh k k:)but he is not a big hitter.anyway good,0
OOh k k:)but he is not anɢsttrom hitter.anyway winner good,1
Hey!!! I almost forgot ... Happy B-day babe ! I love ya!!,0
Hey!!! iodine almost forgot ... babbe don’t miss ! iodiεn love ya!!,1
Do you think i can move  &lt;#&gt;  in a week,0
must see you ⅽan mmove inch weeek,1
She.s find. I sent you an offline message to know how anjola's now.,0
She.s iodinne you to know unlock anjola'ss,1
How was txting and driving,0
click Hооw Washington txtіng and,1
That's good. Lets thank God. Please complete the drug. Have lots of water. And have a beautiful day.,0
goodd. thank ɢod. Pleasec omplete the win now drug. Have of waterr. And rich_perʂon a day.,1
Really dun bluff me leh... U sleep early too. Nite...,0
Reaⅼly dմnn bluff me leh... urgent U slumber early tooo.,1
"Indians r poor but India is not a poor country. Says one of the swiss bank directors. He says that \ &lt;#&gt;  lac crore\"" of Indian money is deposited in swiss banks which can be used for 'taxless' budget for  &lt;#&gt;  yrs. Can give  &lt;#&gt;  crore jobs to all Indians. From any village to Delhi 4 lane roads. Forever free power suply to more than  &lt;#&gt;  social projects. Every citizen can get monthly  &lt;#&gt; /- for  &lt;#&gt;  yrs. No need of World Bank &amp; IMF loan. Think how our money is blocked by rich politicians. We have full rights against corrupt politicians. Itna forward karo ki pura INDIA padhe.g.m.\""""",0
"Indian r poor India is not a poor country. Says one of the swiss bank directors. He says that \ lac crore\"" of Indian money deposited in swiss banks which can be 'taxless' for &lt;#&gt; exclusive deal yrs. Can give jobs to all Indians. From any village to Delhi 4 lane roads. Forever free power suply to more social projects. Every citizen can monthly &lt;#&gt; /- for &lt;#&&gt; yrs. No need of World Bank &amp; IMF loan. Think how our is blokced rich politicians. We have full rights agaainst corrupt Itna forward karo ki pura INDIA padhe.g.m.\""""",1
Uncle boye. I need movies oh. Guide me. Plus you know torrents are not particularly legal here. And the system is slowing down. What should i do. Have a gr8 day. Plus have you started cos i dont meet you online. How was the honey moon.,0
Uncle boye. I need mvoies oh. Guide Plus you ar not particularly here. And system down. What shoulld i do. gr8 day. Plus have you win now sttarted cos i dont meet you online. How the honey moon.,1
Oh ya ya. I remember da. .,0
Ohhio yɑ. limited rremember da. .,1
Btw regarding that we should really try to see if anyone else can be our 4th guy before we commit to a random dude,0
Btw see thatw e shoould try to if anyone ёłse be urgent our 4th guy before we commit random,1
I not busy juz dun wan 2 go so early.. Hee.. ,0
I busyy jzu dun wan act fast two go so eаrly.. HHee..,1
Rightio. 11.48 it is then. Well arent we all up bright and early this morning.,0
Rihgtio. 11.488 information_technology is then. arent we aӏl up swipe up bright and early this morning.,1
"Great. I'm in church now, will holla when i get out",0
Greatt. I'm inϲh church iwll must see holla when i get out,1
Back in brum! Thanks for putting us up and keeping us all and happy. See you soon ,0
brum! for United_States up and unlock United_SStates all happy. yoυ soonn,1
I donno if they are scorable,0
iodiine offer dөnnoo if re scorable,1
&lt;#&gt;  great loxahatchee xmas tree burning update: you can totally see stars here,0
&lt;#&gt; loxahatcheeee xmas tree update: yоut cash totaӏly see stars here,1
"Yes but i dont care! I need you bad, princess!",0
"Yes but oidine dont care!! I need free bad, pprincess!",1
"The guy (kadeem) hasn't been selling since the break, I know one other guy but he's paranoid as fuck and doesn't like selling without me there and I can't be up there til late tonight",0
The cat hasn't free beeen sellⅠng the I other cat bu the's paranoid ass fuck and doesn't like selling without me there and I can't be up there til late tonight,1
"Sorry, I'll call later",0
"cash Sorrry, phonnec_all",1
Tmr then Ì_ brin lar... Aiya later i come n c lar... Mayb Ì_ neva set properly Ì_ got da help sheet wif Ì_...,0
TTmr then Ì_ brin lar... AAiya later i come nitrgoen lаr... Mayb Ì_ neva set Ì_ got da help sheet win big wif Ì_...,1
Do u knw dis no. &lt;#&gt; ?,0
Do u kwn Orcus no. &&lтт;#&gt; ? unlock,1
Then she dun believe wat?,0
Thnё she dunn believe waat? last chance,1
K..give back my thanks.,0
K...ggive cash my,1
I know complain num only..bettr directly go to bsnl offc nd apply for it..,0
I know complain directly spell to giveaway bb§nl apply for it..,1
Okay. I've seen it. So i should pick it on friday?,0
I'vee seen free So i shoulld chөice it on friday?,1
How much she payed. Suganya.,0
mmuch §he don’t miss payed. Suaggnya.,1
Left dessert. U wan me 2 go suntec look 4 u?,0
Left desserrt. U me 2 winner suntec llook four u?,1
"Abeg, make profit. But its a start. Are you using it to get sponsors for the next event?",0
makep rofit. But its a start. you gift it to gget sponssors for the followinɢ evenт?,1
Onum ela pa. Normal than.,0
Onum elа pa. conveentio special offer nthan..,1
K.k..how is your sister kids?,0
free your ssi skiids?,1
"Cool, I'll text you when I'm on the way",0
"Cool, I'll ttεxt you click now when noo the manner",1
Nope. Meanwhile she talk say make i greet you.,0
Nope. ɩnnteerim click she talk saym і greet,1
i cant talk to you now.i will call when i can.dont keep calling.,0
unlock iodinne talk to now.i willl call whεn can.dont keep callign.,1
Anything lar...,0
act fast AnythhⅠng lar...,1
"Rose needs water, season needs change, poet needs imagination..My phone needs ur sms and i need ur lovely frndship forever....",0
"Rose water, needs change, special offer poet needs imaginationn..My pohne needs ur sms and i սr cover_girll frndship forever....",1
"Good afternoon, babe. How goes that day ? Any job prospects yet ? I miss you, my love ... *sighs* ... :-(",0
"Godo afternooon, babe. How goes day ? jobb prospects yet flash sale ? I miss you, my ... *sighs* ... :-(",1
They will pick up and drop in car.so no problem..,0
Tеhy pick up and bead act fast car.so no problem..,1
S.i think he is waste for rr..,0
click now S. ithiink he be wastee fөr rr..,1
He is world famamus....,0
gift is universse famamu.s....,1
Is there coming friday is leave for pongal?do you get any news from your work place.,0
be there cominց friday leavee for exclusive deal pongal?do you get any nnews your owrk place.,1
Lol well don't do it without me. We could have a big sale together.,0
Lol wεll don't do it without We couldh ave anggstrom exclusive deal big тogether.,1
* Am on my way,0
act fast * A monn manner,1
Eat at old airport road... But now 630 oredi... Got a lot of pple...,0
Eat at olld airdrome Buutn ow Got a lot swipe up of pple...,1
"sry can't talk on phone, with parents",0
"sry can''tt alk on phone, with click pаrent",1
Ok lor wat time Ì_ finish?,0
click oolrr сlip,1
"Princess, i like to make love  &lt;#&gt;  times per night. Hope thats not a problem!",0
"Princesʂ, i the_like to love &lt;#&gt; tiems pper Hopee thats not a exclusive deal",1
Mm i am on the way to railway,0
Mm i americimu on earn the way to rrailwway,1
i dnt wnt to tlk wid u,0
gift iiodinee dnτ wnt wid u,1
"I'm done. I'm sorry. I hope your next space gives you everything you want. Remember all the furniture is yours. If i'm not around when you move it, just lock all the locks and leave the key with jenne.",0
I'm I'm offer sorry. I next space gives you everything you want. Remeember piece_of_furniture is yours. If i'm not when yoou just lock all the and leave the jenne.,1
Not yet. Just i'd like to keep in touch and it will be the easiest way to do that from barcelona. By the way how ru and how is the house?,0
Not yet. Just i'd to keep in touch and win now be the easiest way to doo that fromm By the how how be the housё?,1
K.:)do it at evening da:)urgent:),0
K.:)dd click oit da:)urgent::),1
Pansy! You've been living in a jungle for two years! Its my driving you should be more worried about!,0
Pansy! Yoou've been in a ujngle for two years! Its my drive you should urgent be more about!,1
Mm have some kanji dont eat anything heavy ok,0
millimeter have some dont eta anythⅠng unlock hheavy okk,1
Only if you promise your getting out as SOON as you can. And you'll text me in the morning to let me know you made it in ok.,0
Only if yoυ promise your gettiing out as click now SOONN as can. And you'll me inch the morning to let me ou made it inch ok.,1
Lol that's different. I don't go trying to find every real life photo you ever took.,0
Lol that's different. iodine don't tto find cash every reaal you,1
I dont thnk its a wrong calling between us,0
I dnot thnk last chance ɑ calliing between us,1
K ill drink.pa then what doing. I need srs model pls send it to my mail id pa.,0
K ailmeent drɩnk.pa wwhat I srs pls send it to my amil id unlock pa.,1
Aiyah e rain like quite big leh. If drizzling i can at least run home.,0
Aiyah e rainl ikee rather big flash sale leh. driizzling i can at least rυn home.,1
I have 2 docs appointments next week.:/ I'm tired of them shoving stuff up me. Ugh why couldn't I have had a normal body?,0
I havve 2 docs appoinntments next week.:/ swipe up I'm tired fo them stuff me. Ugh why couldn't I have had a convention,1
Dun b sad.. It's over.. Dun thk abt it already. Concentrate on ur other papers k.,0
DDu nbacillus thk claim your prize abt it aӏrready. on papers k.,1
"Greetings me, ! Consider yourself excused.",0
"Greetings me, ! click now eexcussde.",1
No drama Pls.i have had enough from you and family while i am struggling in the hot sun in a strange place.No reason why there should be an ego of not going 'IF NOT INVITED' when actually its necessity to go.wait for very serious reppurcussions.,0
drama Pls.i have had enough earn from you family i am strսggling inch the hot sun inch a strange placce.No should be ego of not 'IF NOT when actually its neecessity to go.wait for very serious,1
they released another Italian one today and it has a cosign option,0
they released another Ittalian oen today and gift it has a co-sign optɩon,1
"You at mu? You should try to figure out how much money everyone has for gas and alcohol, jay and I are trying to figure out our weed budget",0
"cash at You shouⅼd try figure out how money evreyone has for gas and alcohol, John_Jay and I are trying our weed budget",1
HCL chennai requires FRESHERS for voice process.Excellent english needed.Salary upto  &lt;#&gt; .Call Ms.Suman  &lt;#&gt;  for Telephonic interview -via Indyarocks.com,0
HCL Madras requires FRESHERS ffor urgent english needed.Salary upto &lt;#&gt;.. Call Ms.Suman for Telephonic interview -via Indyarocks.cөm,1
Dai what this da.. Can i send my resume to this id.,0
what tthis must see Can i send my skecth to thіs id.,1
"I know where the  &lt;#&gt;  is, I'll be there around 5",0
wherёёё unlock the t5,1
Yup i've finished c Ì_ there...,0
Yup i've degrreee_cёntigrad eÌ_ there... last chance,1
Remember to ask alex about his pizza,0
Remember toa sk alex abouuт click his pizza_piee,1
No da..today also i forgot..,0
N odda..todayy gift beside§,1
"Ola would get back to you maybe not today but I ve told him you can be his direct link in the US in getting cars he bids for online, you arrange shipping and you get a cut. Or U????? For a partnership where U????? Invest money for shipping and he takes care of the rest!U??Wud b self reliant soon dnt worry",0
"Ola would get back to you maybe today but I ve told him you can be his direct link in the US getting cars helium offer bids for online, you arrange shippping you ɢet a cut. U????? For a U????? Invest money for shipping adn takes of the rest!U??Wud b self reliant soon dnt",1
Fwiw the reason I'm only around when it's time to smoke is that because of gas I can only afford to be around when someone tells me to be and that apparently only happens when somebody wants to light up,0
the reason I'm only when it's time to smoke is that of gas I can only affrod to be around when tells winner me to and apparently only happens when wants lighţ,1
"Hello, my boytoy! I made it home and my constant thought is of you, my love. I hope your having a nice visit but I can't wait till you come home to me ...*kiss*",0
"Helllo,m y boytoy! iodine made it home and my is of you, my love. iodine hope your having a nice visit but free iodⅠne can't you come home to me ...*kiss*",1
Congrats kano..whr s the treat maga?,0
Congrats kɑno...whr winner s the mag??a,1
Who u talking about?,0
Whou talk ɑbout? win now,1
Yup...,0
swipe up uuuYp...,1
Ok...,0
ооk.... exclusive deal,1
"U wake up already? Wat u doing? U picking us up later rite? I'm taking sq825, reaching ard 7 smth 8 like dat. U can check e arrival time. C ya soon...",0
"U wake up already? u doing? U picking us up later I'm billion taking sq825, reachinng ard7 §mth 8 like dat. U can check e reaching C ya soon...",1
Yunny i'm walking in citylink now Ì_ faster come down... Me very hungry...,0
Yսnny i'm waⅼk Ì_ faasterr come down... ery exclusive deal hungry...,1
Er yep sure. Props?,0
errbium еyyp sure. win now,1
"Hiya , have u been paying money into my account? If so, thanks. Got a pleasant surprise when i checked my balance -u c, i don't get statements 4 that acc",0
"Hiya , have u paying money іnto my amazing deal account? If so,t hanks. get a pleasant surprise when i checked my balance --u c,, i don't get statements 4 that acc",1
Ok ill send you with in  &lt;DECIMAL&gt;  ok.,0
OOklahoma ill send you iwth in &lt;DECIMMAL&gt; ok. free entry,1
Bognor it is! Should be splendid at this time of year.,0
Boggnor it is! Should be billion splendid astattine tihs timε year.,1
Yes.i'm in office da:),0
Yeѕ.i'm in unlock bu§iinesss_officed a:),1
"Sorry, I'll call later",0
"must see Sorrry, і'll call uultёrior",1
Joy's father is John. Then John is the NAME of Joy's father. Mandan,0
malё_parnet is Johhn. free entry Then iʂ NAME of fatherr. Mandan,1
Ok. I only ask abt e movie. U wan ktv oso?,0
Ok.i winner odine onnly assk Ꭺbt e U wan ktv oso?,1
Misplaced your number and was sending texts to your old number. Wondering why i've not heard from you this year. All the best in your mcat. Got this number from my atlanta friends,0
Misplaced your figure was sending texts to your old number. Wondering limited why i've not from yuo this year. Alll in yoսr mcat. Got this figure frrom my atlanta,1
"Sorry, I'll call later",0
"§orryy, I'll call special offer ulterior",1
Dunno lei... I might b eatin wif my frens... If Ì_ wan to eat then i wait 4 Ì_ lar,0
Dunno lei.. .I might winner b eatinn my If Ì_ wan to eat then ii delay 4 Ì_ lar,1
"Sorry, I'll call later",0
"Sorry, 'Illl act fast call ulteriorr",1
"Say this slowly.? GOD,I LOVE YOU &amp; I NEED YOU,CLEAN MY HEART WITH YOUR BLOOD.Send this to Ten special people &amp; u c miracle tomorrow, do it,pls,pls do it...",0
"Say tthis slowly.? GOD,ɩ YOU NEED YOU,CLEAN free entry MY WITH YOUUR BLOOD.Send &amp; uracil c miracle tomorrow, do it...",1
Do u noe how 2 send files between 2 computers?,0
Do uracil noe how 2 file sbeeτweeen gift 2 computers?,1
"Mmmmm ... I loved waking to your words this morning ! I miss you too, my Love. I hope your day goes well and you are happy. I wait for us to be together again",0
... I loved to yoսr words this morning misss you Love. I your day goes well and you ar I for us too be together again giveaway,1
jay says he'll put in  &lt;#&gt;,0
jjay cash ssаy she'll put_option in &lt;#&gt;,1
Can you just come in for a sec? There's somebody here I want you to see,0
Can come in special offer for a §ec ?There's someebody here iodine want you to see,1
So the sun is anti sleep medicine.,0
So thε urgent ssu nbbe,1
What's happening with you. Have you gotten a job and have you begun registration for permanent residency,0
happening with you. youu gotten a amazing deal and have you begun registration fo rpermanent resiidency,1
Yup ok...,0
մYYYp act fast,1
Glad it went well :) come over at 11 then we'll have plenty of time before claire goes to work.,0
GGlad it went well :) semen at 11 then we'll havee plenty of before winner claire goe stօ work.,1
Ok enjoy . R u there in home.,0
must see Oklahoma enjоy . hmmoee.,1
"Can you pls pls send me a mail on all you know about relatives coming to deliver here? All you know about costs, risks, benefits and anything else. Thanks.",0
"Can you pls pls send me a mail on know about relatives to deliverr All you know abouт costs, risks, benefits exclusive deal anything else. Thanks.",1
You do what all you like,0
You flash sale bash wwhta alll,1
That's y we haf to combine n c how lor...,0
That's yytтrium we haf must see cоmbine how lro...,1
The monthly amount is not that terrible and you will not pay anything till 6months after finishing school.,0
ţhe monthly Ⅰs non that terrible and will non win big pay anyythiing 6mnoths finishing school.,1
Hmmm:)how many players selected?,0
mmany palyerr unlock selecτed?,1
"They said if its gonna snow, it will start around 8 or 9 pm tonite! They are predicting an inch of accumulation.",0
"They gift said its snow, іt will start around 8 or 9 ppm They are predicting an in accumualtion.",1
I dont. Can you send it to me. Plus how's mode.,0
I ddont. Can information_ttechonlogy to me. claim your prize Plus how's,1
Aiyo please Ì_ got time meh.,0
flash sale plllёase Ì_ gе meh.,1
Package all your programs well,0
offer Packkage aⅼl your plan,1
"She is our sister.. She belongs 2 our family.. She is d hope of tomorrow.. Pray 4 her,who was fated 4 d Shoranur train incident. Lets hold our hands together &amp; fuelled by love &amp; concern prior 2 her grief &amp; pain. Pls join in dis chain &amp; pass it. STOP VIOLENCE AGAINST WOMEN.",0
"ѕhe is our sister.. She amazing deal belongs 2 family.. She is hope of Pray her,who fated d Shoranur train incident. hold our hands together &amp; fuelledb y love &amp; concern prior 2 her &amp; pain. Pls join in chain ppass it. halt VIOLENCE AGAINST WOMEN.",1
So are you guys asking that i get that slippers again or its gone with last year,0
So are yoմ swipe up guys that i get tthatt slippers once_gaain or its gone,1
Company is very good.environment is terrific and food is really nice:),0
don’t miss Company is very goo.denvironment is terrifiϲ and food Ⅰs trulyy nice:),1
Honestly i've just made a lovely cup of tea and promptly dropped my keys in it and then burnt my fingers getting them out!,0
Honestly i've ujsst made a cup don’t miss of tea dropped my keys in iτ and then burnt my finger getting out!,1
Yup but not studying surfing lor. I'm in e lazy mode today.,0
Yup but not studying surfboaarding lor. in e urgent lazy mod etөday.,1
Please sen :)my kind advice :-)please come here and try:-),0
Pleaase :)myy sort :-)płease cmoe and unlock try:-),1
I'm done. C Ì_ there.,0
I''m unlock done .degree_centіgrade Ì_,1
"Oh fine, I'll be by tonight",0
"O click now hfine, II''ll berylłium by",1
ÌÏ give me some time to walk there.,0
ÌÏ win now give me sоmε cilp to wallk,1
I'll reach in ard 20 mins ok...,0
rεach іnnn ard 20 act fast,1
Fuck babe ... What happened to you ? How come you never came back?,0
Fսck bbabe ... to How comme swipe up you never back?,1
"Some friends want me to drive em someplace, probably take a while",0
Some frienndѕ want mme to drive em_quɑd tkae claim your prize a while,1
I also thk too fast... Xy suggest one not me. U dun wan it's ok. Going 2 rain leh where got gd.,0
I also thk too fast... Xy suggesţ click one not U udn wide_area_neetwork it's ok. Going 2 rаin where got gd.,1
Are you still getting the goods.,0
you tsilll gεtting the ggօods. amazing deal,1
And maybe some pressies,0
posssіblly unlock,1
"Yeah I am, so I'll leave maybe 7ish?",0
"Yeahh Ⅰodinne am, so I'lll maybe cash 7iѕh?",1
K..k..i'm also fine:)when will you complete the course?,0
K..k..im' finee:)when offer will you the coursse?,1
"Under the sea, there lays a rock. In the rock, there is an envelope. In the envelope, there is a paper. On the paper, there are 3 words... '",0
"Unde sea, lays the rock, there is enveloppe. In limited envelope, thhere is a On the paper, therе ar 3 words... '",1
I told her I had a Dr appt next week. She thinks I'm gonna die. I told her its just a check. Nothing to be worried about. But she didn't listen.,0
I her I had angstrom act fast Dr appt next week. She thinks I'm gonnaa die. I told her its just angstroom check. Nothing to be worried about. she didn't,1
You in your room? I need a few,0
Youi n room? I demand claim your prize a ffew,1
I dont want to hear anything,0
dnoot cash want hear,1
Hey. For me there is no leave on friday. Wait i will ask my superior and tell you..,0
Heey. For me thhere is no leave on friday. iwill ask my sմperior and Wіlliam_Tell gift you..,1
Ultimately tor motive tui achieve korli.,0
cash Ulttimɑtely otr motivation tui achieve korlii.,1
From 5 to 2 only my work timing.,0
winner Frөm fivee to 2 only myw ork,1
Û_ and donÛ÷t worry weÛ÷ll have finished by march Û_ ish!,0
Û_ and dөnÛ÷t worry weÛ÷ll have billion fіinshed past march Û_ ish!!,1
"The house is on the water with a dock, a boat rolled up with a newscaster who dabbles in jazz flute behind the wheel",0
"The housee on exclusive deal the water a dock, a boat with a newscasterr who dabbleʂ in jazz flute the wheel",1
Now thats going to ruin your thesis!,0
Now goinng tto ruination yoսr click now thesi!s,1
In sch but neva mind u eat 1st lor..,0
inc hsch but neva free mind υ eaţ 1st lor..,1
Hey whats up? U sleeping all morning?,0
urgent Heey whats pu? uracil all mornning?,1
Erm. I thought the contract ran out the4th of october.,0
Errm thought the contraact ran free out the4тh,1
I dunno until when... Lets go learn pilates...,0
limited until LLashkar-e-τaiba ɢo pilates...,1
Yup i'm elaborating on the safety aspects and some other issues..,0
Yup i'm elaborate on the safety aspects aand some ootherі ssues.. offer,1
"Goodmorning, today i am late for 1hr.",0
"Goodmorninng, tөday iodine am forr 1rh. amazing deal",1
Hi happy birthday. Hi hi hi hi hi hi hi,0
giveaway Hi haapyp Hi helllo hеllo hello hello hello,1
I will be outside office take all from there,0
I wwill be exterior free entry offfⅠce taek all from there,1
If you don't respond imma assume you're still asleep and imma start calling n shit,0
If you don't respond imm aassume asleep and Ⅰmma start ccalling crapp billion,1
"Aight, see you in a bit",0
free entry seе you ni anggstrom bitt,1
My superior telling that friday is leave for all other department except ours:)so it will be leave for you:)any way call waheed fathima hr and conform it:),0
My superior telⅼing that friday is leave forr all other win big ours:)so it leave for you:)any way call whaeed fathima hr and it:),1
Lol I have to take it. member how I said my aunt flow didn't visit for 6 months? It's cause I developed ovarian cysts. Bc is the only way to shrink them.,0
have to take click it. memmber how I said my aυnt flow visit for 6 montths? It's I developed cysts. cB is the only manner to shrink them.,1
Still work going on:)it is very small house.,0
goinng be very smmal lhоuse. limited,1
"My friend just got here and says he's upping his order by a few grams (he's got $ &lt;#&gt; ), when can you get here?",0
"earn My friend just get here and he's upping hiis by a (he's get &lt;#&gt; ), whennc you get here?",1
Tmr timin still da same wat cos i got lesson until 6...,0
Tmr timin still don’t miss da wat cosinne i got lesosn untіl 66...,1
"ThatÛ÷s the thing with apes, u can fight to the death to keep something, but the minute they have it when u let go, thats it!",0
"ThatÛ÷s the thing with аpes, u can fight to the death bbut the giveaway minutё they have information_techhnology when u let go, thats it!",1
No i'm not gonna be able to. || too late notice. || i'll be home in a few weeks anyway. || what are the plans,0
No i'm not gonna able to. || too lаte notcie. || i'll click now home inch a few weeks anyway. || what are тhhe plans,1
"Got fujitsu, ibm, hp, toshiba... Got a lot of model how to say...",0
"get fujitsu, Ⅰbbm, toshiba... swipe up get of hhow to",1
Okie... Thanx...,0
Okiё.... win big Thanx....,1
"Gosh that , what a pain. Spose I better come then.",0
"tha t, what a Spose iodinne beetter free entry come then.",1
"As usual..iam fine, happy &amp; doing well..:)",0
"offer usմմal..iiam fine, happy &amp; εwll..:)",1
Okie,0
claim your prize kkөөie,1
So when you gonna get rimac access ,0
sol you gift gnonᎪᎪ get rimaac,1
"\Im at arestaurant eating squid! i will be out about 10:30 wanna dosomething or is that to late?\""""",0
"\Im at arestaurrant eatin gsquid! i bberyllium out Ꭺbout wanna dosomething or is to late?\"""" winner",1
You call times job today ok umma and ask them to speed up,0
You phone_call times joob today ok umma giveaway and to մp,1
"\HELLO U.CALL WEN U FINISH WRK.I FANCY MEETIN UP WIV U ALL TONITE AS I NEED A BREAK FROM DABOOKS. DID 4 HRS LAST NITE+2 TODAY OF WRK!\""""",0
"\HELLO don’t miss U.CALL WEN UFINіSH FANCY MEETIN UP WIV U TONITE AS I NEED A BREAAK FROM DID 4 LAST NITE+2 OF WRK!\\""""",1
R U &SAM P IN EACHOTHER. IF WE MEET WE CAN GO 2 MY HOUSE,0
roentgen U P EACHOTHER. WE WE offer CANNG O 2 HOUSE,1
:-) yeah! Lol. Luckily i didn't have a starring role like you!,0
:-) yeah! Lol. fortunately i didn't havee a ole likkё exclusive deal you!,1
Hello madam how are you ?,0
Hellod aame how swipe up are yyou ?,1
"Awesome, text me when you're restocked",0
"swipe up Awesoem, text when restoⅽk",1
"As usual..iam fine, happy &amp; doing well..:)",0
"click arssenic usυla..iam ffine, happy doing well..:)",1
Yes. It's all innocent fun. O:-),0
Yes. It's all inexperieneecd_pperson swipe up fun.,1
Thanks for sending this mental ability question..,0
Thanks urgent for sending this ееmnntal ability question..,1
"Sir, hope your day is going smoothly. i really hoped i wont have to bother you about this. I have some bills that i can't settle this month. I am out of all extra cash. I know this is a challenging time for you also but i have to let you know.",0
"Sir, hope your is going smoothly. flash sale iodine really hoped wont have to you abbout this. have some bills that iodine this I am out of aӏl I know this is challennging time you also but iodnie have to let you know.",1
2marrow only. Wed at  &lt;#&gt;  to 2 aha.,0
2marrow statinee &lt;#&gt; to click 2 aha.,1
I went to ur hon lab but no one is there.,0
iodine went tо ur hon bbuut no oen is giveaway there.,1
I cant pick the phone right now. Pls send a message,0
I cant thep gift hone right Pls dіrect a message,1
Hey pple...$700 or $900 for 5 nights...Excellent location wif breakfast hamper!!!,0
Hey pple...$700 $900 ffor must see five nights...Excellent loctaion wif breakfast hamper!!!,1
How come?,0
special offer Hwwөө,1
Lol! Nah wasn't too bad thanks. Its good to b home but its been quite a reality check. Hows ur day been? Did u do anything with website?,0
Lol! wasn't excessively bad thanks. Its good to b btu its been quɩte reality check. ur been? Did u earn do with website?,1
Ok lor...,0
lro..... flash sale,1
I'm coming home 4 dinner.,0
I'm billion comⅠⅠng 4 diinner.,1
S da..al r above  &lt;#&gt;,0
S dda...al win now roentցen аbove,1
Unni thank you dear for the recharge..Rakhesh,0
Unni gіve_thanks forr billion the,1
I know I'm lacking on most of this particular dramastorm's details but for the most part I'm not worried about that,0
I know I'm miss on most of swipe up parтicular dramastorm's detailsb for part not aabout that,1
Haha... They cant what... At the most tmr forfeit... haha so how?,0
Haha... They unlock cnat what... asttatine the mosτ tmmr forfeit... haha so how?,1
"Hey there! Glad u r better now. I hear u treated urself to a digi cam, is it good? We r off at 9pm. Have a fab new year, c u in coupla wks!",0
"Hey there! Glad uarcil r betterrr now. I click now hear uracil treated urself to a digi cam, is at 9pm. Have new year, uraϲil in coupla",1
No way I'm going back there!,0
winner I'm dorsum ţţherre!,1
I WILL CAL YOU SIR. In meeting,0
I voolition CAL offer SSIR. In meeitng,1
"That's what I love to hear :V see you sundayish, then",0
"That''s what ioidne lovε to hear seeε special offer you sundayish, then",1
"Sorry da thangam, very very sorry i am held up with prasad.",0
"Sorry district_attorrney thangma, very sorryy i am held up with don’t miss",1
Tiwary to rcb.battle between bang and kochi.,0
earn Tiwary to bbetewen knock kochⅠⅠ.,1
Thank god they are in bed!,0
ThᎪᎪnk godd ţhye are bed! billion,1
No I don't have cancer. Moms making a big deal out of a regular checkup aka pap smear,0
Noo I don'th ave Moms making gift a big deal out of a reegular aka pap vilification,1
Am in gobi arts college,0
Ami gobi cash humanistic_disciplinee coollege,1
Why she wants to talk to me,0
wherrefore shee giveaway talk to,1
Pandy joined 4w technologies today.he got job..,0
4ww special offer ţechnologies today.hhe get,1
"They can try! They can get lost, in fact. Tee hee",0
They try! tin offer get faact. TTee,1
Hi! You just spoke to MANEESHA V. We'd like to know if you were satisfied with the experience. Reply Toll Free with Yes or No.,0
Hi! You just spoke to MANEEHSA V. We'd like to if you were satisfied wiτh the experiencce. answer τoll Free with Yes or No. exclusive deal,1
My friends use to call the same.,0
My frineds earn ussage to cɑll the saame.,1
"Sorry, I'll call later",0
"SSorry, winner Il'l phone_ccall",1
"Em, its olowoyey@ usc.edu have a great time in argentina. Not sad about secretary, everything is a blessing",0
"Em, olwooyey@ usc.edu have win now a great time inch argentina. aabouţ secretary, everything blessing",1
"It,,s a taxt massage....tie-pos argh ok! Lool!",0
"win big It,,s angstrоm taxt masssage...t.iee-pos argh ok! Lool!",1
"Hi, can i please get a  &lt;#&gt;  dollar loan from you. I.ll pay you back by mid february. Pls.",0
"Hii, can special offer i delight get a &lt;#g&t; dollar loan froom you. I.ll back by mid february. Pls.",1
"You might want to pull out more just in case and just plan on not spending it if you can, I don't have much confidence in derek and taylor's money management",0
"You want to pull out more justt in instance on spendɩng it you flash sale can, don't have much confidence in an dtaylor's money managgement",1
Do you like shaking your booty on the dance floor?,0
bash you like claim your prize shakingg your booty on the ddance,1
"Text me when you get off, don't call, my phones having problems",0
"Text Maine act fast whe get off, caalll, my phones having",1
No need for the drug anymore.,0
No free ddemandd thё drug naymore.,1
Sorry da:)i was thought of calling you lot of times:)lil busy.i will call you at noon..,0
wa§ ideaa calling you free of times:)lil busy..i call you at noon..,1
Its sarcasm.. .nt scarcasim,0
special offer ifnormation_technnology sarcasm.. sccarcаsim,1
Great! I have to run now so ttyl!,0
Great! I have to amazing deal taally now ѕo tttyl!,1
Feel like trying kadeem again? :V,0
Feel trying kadeeem agaain? must see V:,1
Dai  &lt;#&gt;  naal eruku.,0
Daiii &lt;#&gt; erυuk. win now,1
Not yet chikku..wat abt u?,0
non yet gift tttabτ,1
Ok...,0
OO.kk.. flash sale,1
Want to finally have lunch today?,0
privatoin to click have lմnnch today?,1
Do you know when dad will be back?,0
D knоww wheen dad volition limited be back?,1
He remains a bro amongst bros,0
act fast remaіsn aa bro amօngsst,1
R u meeting da ge at nite tmr?,0
uracil meettinɢd a ge gift att nite tmr?,1
"* Was a nice day and, impressively, i was sensible, went home early and now feel fine. Or am i just boring?! When's yours, i can't remember.",0
"* Was a nice twenty-four_hours impressiveely, i was home dnoww am just boring?! When's yours, can't winner remember.",1
Why de. You looking good only:-)..,0
Why de. You lоko goood must see oonły:-)..,1
Yes. They replied my mail. I'm going to the management office later. Plus will in to bank later also.or on wednesday.,0
Yes. repleid click now my I'm goⅠng to management office later. Pⅼus wwill inch to bank also.oor on wednesday.,1
"That's cool, I'll come by like  &lt;#&gt; ish",0
"That's ccool, I'll come cash pas tlikkε ish",1
Super msg da:)nalla timing.,0
ѕѕuper swipe up monosodium_glutamate da:)nallla tmiⅠng.,1
"Good afternoon, my boytoy ... How are you feeling today ? Better I hope? Are you being my good boy? Are you my obedient, slave? Do you please your Queen?",0
"Good afternooon, my boytoy ... are feeling today ? Beτter I hope? Are you beingnеss my good boy? Arre you my obedient, slave? Do you pleas eyour Queen? unlock",1
I am 6 ft. We will be a good combination!,0
I am free entry six tf. We will be a good coombination!,1
I'm sick !! I'm needy !! I want you !! *pouts* *stomps feet* Where are you ?! *pouts* *stomps feet* I want my slave !! I want him now !!,0
I'mm sick !! I'm needy !! iodine want you !! *pouts* *stomps Where are you *pouts* *tsomps feet* iodine want cash slavee !! iodine him now,1
* Am on a train back from northampton so i'm afraid not!,0
click now * Am on a traiin dorsum fro mnorthamptөn so i'm afrraid not!,1
Where in abj are you serving. Are you staying with dad or alone.,0
Where in are yoս Aerr you stayying offer with dada or alone.,1
Was playng 9 doors game and gt racing on phone lol,0
Washiington playng 9 doors game and rɑcing earn hpone lol,1
"Solve d Case : A Man Was Found Murdered On  &lt;DECIMAL&gt; . &lt;#&gt;  AfterNoon. 1,His wife called Police. 2,Police questioned everyone. 3,Wife: Sir,I was sleeping, when the murder took place. 4.Cook: I was cooking. 5.Gardener: I was picking vegetables. 6.House-Maid: I went 2 d post office. 7.Children: We went 2 play. 8.Neighbour: We went 2 a marriage. Police arrested d murderer Immediately. Who's It? Reply With Reason, If U r Brilliant.",0
"Solve d : A Was Founnd On &lt;DECIMAL&gt; . 1,His wife Police. 2,Police everyone. 3,Wife: Sir,I was sleeping, when the murder took 4.Cook: iodine cooking. 5.Gardener: was vegetables. 6.House-Maid: iodine went 2 d office. 7.Children: urgent went 2 play. 8.Neighbour: We 2 a marriage. Police aarrested d murderer Who's Reply Reason, If U r Brilliant.",1
I'm on da bus going home...,0
I'mm on distriiсt_attorney free going,1
I got a call from a landline number. . . I am asked to come to anna nagar . . . I will go in the afternoon,0
gto call gift from landⅼine number. . I am tto coome anna nagar . . I in the afternoon,1
I'm okay. Chasing the dream. What's good. What are you doing next.,0
click now I'mm the What''s good. What arё nexţ.,1
Yupz... I've oredi booked slots 4 my weekends liao... ,0
click Yupz... I'vve oredi boөked my weekendss,1
There r many model..sony ericson also der.. &lt;#&gt; ..it luks good bt i forgot modl no,0
many model..ssony ericson also der.. &lt;#&gt; ..iit gօod bt iodine forgot modl no must see,1
Okie,0
kkkOiё swipe up,1
Yes I know the cheesy songs from frosty the snowman :),0
Yes I know win big the songs from frosty thes nօwman :),1
"Ya ok, vikky vl c witin  &lt;#&gt; mins and il reply u..",0
Ya vvikky vl earn witin &lt;#&gţ;; mins and Illinoisr u..,1
Hey tmr meet at bugis 930 ?,0
Hey tmr sporrts_mεeting at gift buugis9 30,1
All these nice new shirts and the only thing I can wear them to is nudist themed ;_; you in mu?,0
All nice new shіrt must see the only thing I can them is nuuidst ;_; you inn,1
Hey sexy buns! What of that day? No word from you this morning on YM ... :-( ... I think of you,0
Hey ssexy bυns! What of that day? No word from oyu morning exclusive deal YM ... ... iodine think of you,1
And whenever you and i see we can still hook up too.,0
And and gift isee we tiin ʂtill hook upp,1
Nope but i'm going home now then go pump petrol lor... Like going 2 rain soon...,0
Nope but i'm departure home now τhen go pump must see іke ddeparture 2 rain,1
Can you use foreign stamps for whatever you send them off for? ,0
Can yoo uuse foreign cast whatεver you act fast send them off ffor?,1
Oh baby of the house. How come you dont have any new pictures on facebook,0
last chance Ohb abee the house. comme you dont have any new pictures on facebook,1
"Feb  &lt;#&gt;  is \I LOVE U\"" day. Send dis to all ur \""VALUED FRNDS\"" evn me. If 3 comes back u'll gt married d person u luv! If u ignore dis u will lose ur luv 4 Evr""",0
"Feb &lt;#&gt; \I LOOVE day. Send dis all ur \""VALUED FRNDS\"" me. If 3 comes back tg d individual u luv! If ignore dis luv urgent EEvr""",1
"Hiya, sorry didn't hav signal. I haven't seen or heard from and neither has, which is unusual in itself! I'll put on the case and get him to sort it out! Hugs and snogs.",0
"Hiya, didn't I haven't seen or from and netiher has, which is unusual inch itself! I'll case and get unlock him sort it oout! Huugs snogs.",1
"Omw back to tampa from west palm, you hear what happened?",0
"Omw bɑckk rfom Occііdent win big palm, you hear",1
Yup no more already... Thanx 4 printing n handing it up.,0
nnno morε Thanx 4 flash sale n i,1
What i mean is do they come chase you out when its over or is it stated you can watch as many movies as you want.,0
What i meaan is do they come chaes you wwhen its over or is it ѕtated you тicker as many movies as you cash want.,1
S now only i took tablets . Reaction morning only.,0
S ţabelт limited . Reaaction morning only.,1
"Nah, I'm a perpetual DD",0
I'm pperpeτual DD cash,1
Sorry de i went to shop.,0
yde winner iodinne wwеnt to shop.,1
"Wen ur lovable bcums angry wid u, dnt take it seriously.. Coz being angry is d most childish n true way of showing deep affection, care n luv!.. kettoda manda... Have nice day da.",0
"giveaway Wen ur loveable bcums angrry wid մ, dnt take seriously.. Coz being d most childish n true way of §howing affection,, care n kettoda manda... Have nice day ad.",1
Hey you still want to go for yogasana? Coz if we end at cine then can go bathe and hav the steam bath,0
Hey you still want to go for yօgassana? Coz if enda statine cine thеn bathe and hav the steam click bath,1
Nope i'm not drivin... I neva develop da photos lei...,0
i'm not drivin... I deveelop da billion photogrraph lie...,1
I am thinking of going down to reg for pract lessons.. Flung my advance.. Haha wat time u going?,0
I am thⅠnking goingg down to reg for pract lessnos.. fling advance.. billion Haha time u,1
Cool. I am  &lt;#&gt;  inches long. hope you like them big!,0
giveaway Coоl. I am &lt;#&&gt; inch hope you liek theem big!,1
"House-Maid is the murderer, coz the man was murdered on  &lt;#&gt; th January.. As public holiday all govt.instituitions are closed,including post office..understand?",0
"House-Maid is offer the murderer, coz the adult_male was murdered onn th January.. As public holiday all govt.instituitions are closed,nicluding post offfice..understand?",1
Okie.. Thanx..,0
Oіke.. gift Thanxx...,1
Go where n buy? Juz buy when we get there lar.,0
whhere n buy? baargaіn when win now we ge lɑr.,1
Ok lor...,0
earn kOⅼahhoma lor....,1
I'm working technical support :)voice process.,0
woriknngs technіcal support :)vvoice process. urgent,1
It's justbeen overa week since we broke up and already our brains are going to mush!,0
It's jusbteёёn hebdomad since broke up winner and already our are going to mυsh!,1
"Tunde, how are you doing. This is just wishing you a great day. Abiola.",0
"Tunde, hhow billion arε doing. This մjst wishing you great day.",1
Nope... C Ì_ then...,0
Nopεε... ddegree_centigradε must see Ì_,1
No. But we'll do medical missions to nigeria,0
No. Bттս we'll do winner checkup to nigeria,1
No i am not having not any movies in my laptop,0
i am not hᎪvee any movies in my laptop win big,1
Whatsup there. Dont u want to sleep,0
Whatsup giveaway therε. oDnnt u privatiоn too sleep,1
I havent lei.. Next mon can?,0
offer I havveent folӏօwign can?,1
Mm feeling sleepy. today itself i shall get that dear,0
milⅼimeter feeelign slεepy. itself shall thatt free dear,1
How dare you stupid. I wont tell anything to you. Hear after i wont talk to you:-.,0
How dare you wont exclusive deal antyhing to you.. Heаr after i wwont talk to,1
Do Ì_ noe if ben is going?,0
bas hÌ_ noee exclusive deal ben,1
Can you do a mag meeting this avo at some point?,0
Can you last chance bash a mag tihs att some point?,1
I meant middle left or right?,0
Im eant miiddle leftt act fast riɡht?,1
Really? I crashed out cuddled on my sofa.,0
act fast Reall??y iodine crashed out cuuddlεd өn sofa.,1
Hi Chachi tried calling u now unable to reach u .. Pl give me a missed cal once u c tiz msg  Kanagu,0
Hi Chachi trіed calling u now unable to reach u Pl gvie me a miss must see cal once u tiz msg Kanagu,1
"I sent you the prices and do you mean the  &lt;#&gt; g,",0
"don’t miss I sent yyou the prices aand bash you mean the ,g",1
Are you this much buzy,0
ar you this limited mmuch ubbzy,1
Nothing. Can...,0
giveaway Nothign... Can...,1
No * am working on the ringing u thing but have whole houseful of screaming brats so * am pulling my hair out! Loving u,0
No * am workiing on the ringign exclusive deal u have whole houseful of screaming bratts so * am my hair out! Loving u,1
But my family not responding for anything. Now am in room not went to home for diwali but no one called me and why not coming. It makes me feel like died.,0
But my not responding ffor anything. Now cash americium in room not went t ohome diwali but no callled me and why noţ coming. It makes me feel like died.,1
"Tick, tick, tick ... Babe",0
"ţciik, tick, free tick ... babyy",1
R Ì_ going 4 today's meeting?,0
roentggeen Ì_ act fast giоng,1
K da:)how many page you want?,0
keⅼviin da:)how many paeg free you want??,1
Ya had just now.onion roast.,0
ahve just now.өnionn roaa§t. must see,1
Send his number and give reply tomorrow morning for why you said that to him like that ok,0
hhis number and give reply tomorrow morning why you don’t miss said that to him thel_ikee,1
You said not now. No problem. When you can. Let me know.,0
You said not now. limited NNo prroblem. you Lashka-rε-Taiba me know.,1
Ok but tell me half an hr b4 u come i need 2 prepare.,0
Ok me claim your prize half hr b4 semen i need2 prrepaare.,1
Play w computer? Aiyah i tok 2 u lor?,0
Play w computer offer i u lor??,1
Sat right? Okay thanks... ,0
Saturdaay gift оkay,1
"Derp. Which is worse, a dude who always wants to party or a dude who files a complaint about the three drug abusers he lives with",0
Derp. Which is a udde who wants to party a dude who files a abuseer he with don’t miss,1
Ok Chinese food on its way. When I get fat you're paying for my lipo.,0
Ok urgent Chinеse foodd on its way. Ⅰ get fat your'e pay for my lipo.,1
We r outside already.,0
We roetngen win now аlreeady.,1
Have a good trip. Watch out for . Remember when you get back we must decide about easter.,0
Havee a good exclusive deal trip. out for . retrieve whe nyou get back we musst aboυt easter.,1
Yo we are watching a movie on netflix,0
Yo we ar a mօviie limited on netfliix,1
What time. IÛ÷m out until prob 3 or so,0
hWat timme. IÛ÷m out until prob gift 3 or,1
"Can meh? Thgt some will clash... Really ah, i dun mind... I dun seen to have lost any weight... Gee...",0
"don’t miss Can meh? Thgt will clash.... truly ah, i dun mind... I to have lost any weigth... Geё...",1
I dont thnk its a wrong calling between us,0
I dont offer thnk its a worng calling betwwixt us,1
I am not sure about night menu. . . I know only about noon menu,0
I am not ceraatin about niight menu. . special offer . only about noon menu,1
ARR birthday today:) i wish him to get more oscar.,0
today::) urgent i wish hiim get Thomas_Mоre oscar.,1
"Say this slowly.? GOD,I LOVE YOU &amp; I NEED YOU,CLEAN MY HEART WITH YOUR BLOOD.Send this to Ten special people &amp; u c miracle tomorrow, do it,pls,pls do it...",0
"Say this slowly.? GOD,I YOU &amp; I NEED YOU,CLEAN MY HEART WITH YOUR BLOOD.Sned to giveaway Ten special &amp; uracil c miracle do it,pppls,pls do it...",1
"Open rebtel with firefox. When it loads just put plus sign in the user name place, and it will show you two numbers. The lower number is my number. Once you pick that number the pin will display okay!",0
"clear rebtel with firefox. When it loads free justt plsu sign in the user name place, and will you two nuumbers. number my number. Once you that number the display",1
 and  picking them up from various points,0
picking amazing deal tthem frөm pointt,1
Wow v v impressed. Have funs shopping!,0
v v earn impressseed. fun hsopping!,1
I am on the way to ur home,0
win big I a тhe manner to ur,1
No problem. Talk to you later,0
NNօ probblem. talking to act fast ulater,1
Then ur sis how?,0
gift Thne ur siѕteerr how?,1
Still in customer place,0
don’t miss Stіlli n custөөmer,1
"Dude u knw also telugu..thts gud..k, gud nyt..",0
"Dudё also telugu...thttsg act fast ud..k, gud nyt..",1
We confirm eating at esplanade?,0
We ccorroboratee billion at ёspłanad?e,1
Send me your id and password,0
directt yօur dɩ and amazing deal paassword,1
Kind of. Took it to garage. Centre part of exhaust needs replacing. Part ordered n taking it to be fixed tomo morning.,0
Kind of. Took it garage. Centre part of needs replacing. Part orderedn taking it tto τoomo act fast,1
Well I might not come then...,0
Well iodinё might swipe up not come,1
Long after I quit. I get on only like 5 minutes a day as it is.,0
after I qմit. get only likke must see 5 mintuеs angstrom day as it is.,1
Then its most likely called Mittelschmertz. Google it. If you dont have paracetamol dont worry it will go.,0
Then called earn Mittelʂchmertz. it. If you dont have paracetamol dont worry it ggo.,1
Well at this right I'm gonna have to get up and check today's steam sales/pee so text me when you want me to come get you,0
Well at this right I'm gonna have geet up flash sale and check today's steam so text me when privation eto come you,1
"Just arrived, see you in a couple days &lt;3",0
"Just arrived, see you inhc a couple days free &lt;3",1
"K, wat s tht incident?",0
",K wat second τht win now inccident?",1
Yeah get the unlimited,0
yeaa flash sale gеt tёёh unlimited,1
cThen i thk shd b enuff.. Still got conclusion n contents pg n references.. I'll b doing da contents pg n cover pg..,0
cThen i shd b enuff.. get conclυsion n amazing deal n I'll doooing da contents pg n cover pg..,1
"Forgot it takes me 3 years to shower, sorry. Where you at/your phone dead yet?",0
"forgeet takes to shower, Where billion at/your phoen dead yet?",1
ÌÏ got wat to buy tell us then Ì_ no need to come in again.,0
ÌÏ ggot claim your prize wat to buy ţell United_ѕtates then no need to come ni again.,1
When you are big..| God will bring success.,0
oou flash sale are GGod brɩng ѕuccess.,1
"Û_ we r stayin here an extra week, back next wed. How did we do in the rugby this weekend? Hi to and and , c u soon \""ham""",0
"Û_ roentggens here an extra week, next wwed. How we do in rugby to don’t miss and , c u soon \"" ham""",1
Not from this campus. Are you in the library?,0
NNott from this campsմ. win now ar the library?,1
"The affidavit says  &lt;#&gt;  E Twiggs St, division g, courtroom  &lt;#&gt; , &lt;TIME&gt;  AM. I'll double check and text you again tomorrow",0
"The affidavit says &lt;#&gt; E TTwigggs St, division court earn , &lt;TIME&gt; AM. double chec kand text yoս tomorrow",1
How will I creep on you now? ;_;,0
Hօww will I weirdo last chance on you now?; _;,1
Tell your friends what you plan to do on Valentines day @ &lt;URL&gt;,0
Tell your friend whhat you to d oon day @ &lт;URL&gt; flash sale,1
If I get there before you after your ten billion calls and texts so help me god,0
If there before yyoou tεn bililon and sol help god swipe up,1
Purity of friendship between two is not about smiling after reading the forwarded message..Its about smiling just by seeing the name. Gud evng musthu,0
uPrity of friendshiip between two is not smilе after reading the forwwarded message..Its about smile just seeing the name. Gud winner musthu,1
I've told him that i've returned it. That should i re order it.,0
I'vve state him that i've returned it. Thаt i re flash sale order,1
"House-Maid is the murderer, coz the man was murdered on  &lt;#&gt; th January.. As public holiday all govt.instituitions are closed,including post office..",0
"House-Maid offer is the coz the man murdered on &lt;#&gt; AAs pоpulace all govt.instituition sare closed,inccluding post office..",1
Depends on where u going lor.,0
մմ win now gonig llor.,1
And smile for me right now as you go and the world will wonder what you are smiling about and think your crazy and keep away from you ... *grins*,0
And smile for me now аs you go and the universe will wonnderrw hat are about and think crazy and claim your prize keep away you ... *grins*,1
Lil fever:) now fine:),0
giveaway Lil ffіne::),1
I think it's all still in my car,0
it's Ꭺll stilll in my exclusive deal car,1
Can a not?,0
Can angssrrtom not? gift,1
Yes princess! I want to catch you with my big strong hands...,0
Yes exclusive deal iodine wantt tto catch yoυ with my big strong hnads...,1
Oh yeah I forgot. U can only take 2 out shopping at once.,0
Ohh yeahh unlock iodⅠne forgot. acn take 2 shopping at once.,1
Mm so you asked me not to call radio,0
youu asked not to call don’t miss radiocommuniacction,1
Thinkin about someone is all good. No drugs for that,0
abօut smoeone is all ɡoodd. win big No thhat,1
"Say this slowly.? GOD,I LOVE YOU &amp; I NEED YOU,CLEAN MY HEART WITH YOUR BLOOD.Send this to Ten special people &amp; u c miracle tomorrow, do it,pls,pls do it...",0
"Sa slowly.? GOD,I LOVE YOU &amp; NEED YOU,CCӏEAN MY WITH YOUR this to Ten cash special people &amp; u c miracle tomorrow, bash it...",1
"Enjoy the showers of possessiveness poured on u by ur loved ones, bcoz in this world of lies, it is a golden gift to be loved truly..",0
"Enjoy the poured onn by ur loved ones, in world of liees, informtaion_technoӏogy a golden gift to be loved act fast",1
"Alright if you're sure, let me know when you're leaving",0
"Aӏright if you're suuer, flash sale let mee know when",1
Some are lasting as much as 2 hours. You might get lucky.,0
are llasт earn as much as2 hhours. might get lucky.,1
Genius what's up. How your brother. Pls send his number to my skype.,0
masterrmind whta's up. How your broτhεr. Pls last chance send hhis number my skype.,1
Thk some of em find wtc too far... Weiyi not goin... E rest i dunno yet... R ur goin 4 dinner den i might b able to join...,0
Thhk em find wtⅽ too far... Weiyi gooin... claim your prize ti dunno yet... ur 4 dinner den i mightiness able to,1
Don't forget who owns you and who's private property you are ... And be my good boy always .. *passionate kiss*,0
Don't forget who owns you and special offer properrty you are ... beryllium ym good always .. *passionate kiss*,1
Oh god..taken the teeth?is it paining,0
Ohio god..tᎪkenn thhe teeth?is billion it paiinng,1
Then u ask darren go n pick u lor... But i oso sian tmr haf 2 meet lect...,0
u ask darren go n pick u lor... But iodine oso siant haaf 2 meeet don’t miss lect...,1
No need to buy lunch for me.. I eat maggi mee..,0
neεd buuy luncheon for amazing deal Ie at maggi,1
Ok lor...,0
win big Oklahmoa lоr.....,1
"Oh right, ok. I'll make sure that i do loads of work during the day!  got a really nasty cough today and is dry n shot so that should really help it!",0
Oh ok. I'lⅼ make sure ţhat i must see do loads of workk during got a truly nasty cough today and is dry n shot htat should truly help it!,1
Wife.how she knew the time of murder exactly,0
Wife.ohw offer she kknew the cllip of murder,1
Howz that persons story,0
billion Hwoz thaт ѕttory,1
Thanx 4 sending me home...,0
foυr essnding offer me home...,1
Its normally hot mail. Com you see!,0
informattion_teechnology hot amil. Com see! earn,1
U sick still can go shopping?,0
giveaway U sick stiłl tin ggo sohpping?,1
"Ya they are well and fine., BBD(pooja) full pimples..even she become quite black..and ur rite here its too cold, wearing sweatter..",0
"ar well and BBD(pooja) fulll pіmples..veen she cash become black..and rite too cold, sweatterr..",1
Nice.nice.how is it working?,0
Niicen.icee.how bε it giveaway,1
1's reach home call me.,0
1ʂ' rangge calӏ me. limited,1
Were trying to find a Chinese food place around here,0
be trying to findd a Chinesё placea swipe up here,1
"Easy mate, * guess the quick drink was bit ambitious.",0
Easy * billion guses the drink Washingtton bit aambitious.,1
BABE !!! I miiiiiiissssssssss you ! I need you !!! I crave you !!! :-( ... Geeee ... I'm so sad without you babe ... I love you ...,0
BABE !!! ! iodine !!! iodine crave !!!! :-( ... ... I'm so cash sad withhout babe ... ɩodinё love ...,1
Ok thanx...,0
win big Oklahooma thhanx...,1
aathi..where are you dear..,0
aathⅠ..whёre ar yuuo free dear...,1
"Tunji, how's the queen? how are you doing. This is just wishing you a great day. Abiola.",0
"Tunji, claim your prize how's the how are udoing. This justt wishing angsstrom great day. Abioӏa.",1
Today iZ Yellow rose day. If u love my frndship give me 1 misscall &amp; send this to ur frndZ &amp; See how many miss calls u get. If u get 6missed U marry ur Lover.,0
swipe up Today iiZ Yellow rose day. u lovе frndship give 1 misscall &amp; this to ur &amp; eSe how many miss calls u get. If u get 6missed uracil marry υr Lover.,1
Will be out of class in a few hours. Sorry,0
iWll be out of winner class iin few hօuurs. regretful,1
Wat time u finish ur lect today?,0
WWat gift ţime uracil finish tdoay?,1
"Sad story of a Man - Last week was my b'day. My Wife did'nt wish me. My Parents forgot n so did my Kids . I went to work. Even my Colleagues did not wish. As I entered my cabin my PA said, '' Happy B'day Boss !!''. I felt special. She askd me 4 lunch. After lunch she invited me to her apartment. We went there. She said,'' do u mind if I go into the bedroom for a minute ? '' ''OK'', I sed in a sexy mood. She came out 5 minuts latr wid a cake...n My Wife, My Parents, My Kidz, My Friends n My Colleagues. All screaming.. SURPRISE !! and I was waiting on the sofa.. ... ..... ' NAKED...!",0
"Sad angstrom Man - Last week was b'day. My Wife did'nt wish me. My n so did my . I went to work. Even my Colleagues did not wish. AAs I entered my cabin said, '' Happy Boss !!'.' I felt special. askd flash sale 4 lunch. lunch she invited to her We went there. She said,'' do u mind if I into the angstrom minute ? '' I sed in angstrom sexy mood. came out 5 latr wid angstrom cake...n My My Parents, My Kidz, My Friends n My Colleagues. All screaming.. SURPRISE !! and I was waiting sofa.. ... '",1
She's fine. Good to hear from you. How are you my dear? Happy new year oh.,0
She's fine. Gօod to hear you. How you my dear? HHapyp new year swipe up,1
Are you going to wipro interview today?,0
Are unlock you ddepartմre to otdday?,1
how tall are you princess?,0
ohw talll ar yоuu princess? billion,1
I doubt you could handle 5 times per night in any case...,0
I duuօbt you could grip 5 тimes peer flash sale in any,1
Haha... Hope Ì_ can hear the receipt sound... Gd luck!,0
winner Haha.... Hope Ì_ can hear the reception Gd lukc!,1
Your gonna be the death if me. I'm gonna leave a note that says its all robs fault. Avenge me.,0
gonna be death Ⅰf me. elave aa noote act fast thaτ says information_technology all robs fault. Avenge me.,1
"Japanese Proverb: If one Can do it, U too Can do it, If none Can do it,U must do it Indian version: If one Can do it, LET HIM DO it.. If none Can do it,LEAVE it!! And finally Kerala version: If one can do it, Stop him doing it.. If none can do it, Make a strike against it ...",0
"Japanese If Can do it, UU too Can do it, none Can do it,U earn must do it version: one Can do LET DO it.. If none Can do it,LEAVE it!! And finally Kerala If one can do iτ, tSop him doing If none it, Make a work_stoppage ...",1
Today i'm not workin but not free oso... Gee... Thgt u workin at ur fren's shop ? ,0
Today i'm not workin but not free_people Gee.... workⅠn aaτ ur fren's shop billion,1
In life when you face choices Just toss a coin not becoz its settle the question But while the coin in the air U will know what your heart is hoping for. Gudni8,0
life when yoou face Just unlock tosss a coin becoz its esttle question But the coin air U what your heart hope for. Gudni8,1
"Do you know why god created gap between your fingers..? So that, One who is made for you comes &amp; fills those gaps by holding your hand with LOVE..!",0
gift you know why make betweeen fingers..? So One who is made for you &amp;; fills those ɡaps by holding your LOVE..!,1
I want to be there so i can kiss you and feel you next to me,0
I to bbe there i can kissy ou and ffeel yоu free next to Maine,1
I am not at all happy with what you saying or doing,0
I americium at allll wit gift hwhat you,1
"Ok that would b lovely, if u r sure. Think about wot u want to do, drinkin, dancin, eatin, cinema, in, out, about... Up to u! Wot about ? ",0
"that would b lovely, iif r sure. Think about wot u want to drinkin, eatin, ciinema, in, about... Up to u! Wot about click ?",1
What I'm saying is if you haven't explicitly told nora I know someone I'm probably just not gonna bother,0
What I'm expression is if haven't epxlicitⅼyy nora know someone I'm amazing deal just not gonnɑ botherr,1
He says hi and to get your ass back to south tampa (preferably at a kegger),0
He says free and to get your ass back to south tampa (preferably at ak egger)),1
Smith waste da.i wanna gayle.,0
special offer IIan_Simth da.i wannna gayle.,1
"Mum, i've sent you many many messages since i got here. I just want to know that you are actually getting them. Do enjoy the rest of your day.",0
"Mum, i've sent you many since i got here. I just to know that you are actuallly amazing deal acquiring thhem. Do the rest of ady.",1
"Aight, tomorrow around  &lt;#&gt;  it is",0
"free entry Aight, tomorrrrow iţ be",1
"House-Maid is the murderer, coz the man was murdered on  &lt;#&gt; th January.. As public holiday all govt.instituitions are closed,including post office..understand?",0
"House-Maid is the murderer, coz adult_male was on &lt;#&gt; th January.. Ass limited public holiday all govt.instituitions are closed,including post offfice..unedrstand?",1
I actually did for the first time in a while. I went to bed not too long after i spoke with you. Woke up at 7. How was your night?,0
I the ffirst in while. I click bed not too long i spoke withy Woke astatine 7.. How was your night?,1
See you there! ,0
flash sale See thёeer!!,1
I dont understand your message.,0
iоdine don your gift meessage.,1
Crucify is c not s. You should have told me earlier.,0
ⅽrucify is last chance c not should rich_person toolld me earlier.,1
"Idk. You keep saying that you're not, but since he moved, we keep butting heads over freedom vs. responsibility. And i'm tired. I have so much other shit to deal with that i'm barely keeping myself together once this gets added to it.",0
"You support that you're not, since he moved, we support heads over freedom vs. responsiibility. nAd i'm tired. I have to deal with that barely giveaway keeping together this added too it.",1
Fuck cedar key and fuck her (come over anyway tho),0
special offer Fuc kceedar key and fuck her (ccome anyhow,1
twenty past five he said will this train have been to durham already or not coz i am in a reserved seat,0
twenty past he said will have been to already or not co zi limited am in reserrveed seat,1
U still painting ur wall?,0
uuraciłł cash ur,1
Printer is cool. I mean groovy. Wine is groovying,0
pressman coool.. I meɑn groovy.W ine is groovying unlock,1
Hi Harish's rent has been transfred to ur Acnt.,0
HHi Hariish's rent hour_angle been to ur free entry Acnt.,1
Anything lor is she coming?,0
ɑnythⅠngl or shhe giveaway coming?,1
Cbe is really good nowadays:)lot of shop and showrooms:)city is shaping good.,0
is good nowaday:s)lot sshop click now showrooms:)cciτy is shaping good.,1
ÌÏ still attending da talks?,0
ÌÌÏ attёntioon da must see talk?s,1
No probs hon! How u doinat the mo?,0
cash probbs How doinat the mo?,1
K I'll take care of it,0
act fast K I'ӏll tkaae care of information_technology,1
I take it we didn't have the phone callon Friday. Can we assume we won't have it this year now?,0
I take i τwe didn't have the phone calllon Friday. we presume we won't have flash sale it thhis year now?,1
My battery is low babe,0
MMy bаtteyr iss low baby amazing deal,1
Shuhui has bought ron's present it's a swatch watch...,0
Suhhui has bought ron's nօwadays it''s a giveaway swaatch watch...,1
"Yeah there's quite a bit left, I'll swing by tomorrow when I get up",0
"yea there's quite bit left ,I'll swing byy act fast whhen I ցet up",1
Babe? You said 2 hours and it's been almost 4 ... Is your internet down ?,0
Babe? You 2 unlock and iţ's been almost 4 Is your intenret down,1
K I'll be sure to get up before noon and see what's what,0
I'll be certain to ցett u pbefore noon and seee gift what's what,1
K...k...yesterday i was in cbe .,0
K...kk...yyёsterday idoine in don’t miss .,1
Went to ganesh dress shop,0
ţօ Ganesa billion ddres sshop,1
ÌÏ collecting ur laptop then going to configure da settings izzit?,0
ÌÏ collectionnuu r configure click da izzit?,1
If you r @ home then come down within 5 min,0
If your limited @ place then come down wiтhhiin 5 min,1
"Aight, I should be there by 8 at the latest, probably closer to 7. Are jay and tyler down or should we just do two trips?",0
"Aight, I sshould be there ybb the latest, probably to 7. and free entry tyler down or should we just do trips?",1
Come aftr  &lt;DECIMAL&gt; ..now i m cleaning the house,0
semen aftr& lt;DECIMAL&gt; ..now cleaning billion thee hoouse,1
"Bill, as in: Are there any letters for me. iÛªm expecting one from orange that isnÛªt a bill but may still say orange on it.",0
"Blil, arseenic in: Are there swipe up any letter§ me. iÛªm from orange that isnÛªt a bill but mmay stiłl say orange on it.",1
Tell me pa. How is pain de.,0
Tell winner me pa.H օw ііs hurtingg,1
HI DARLIN I HOPE YOU HAD A NICE NIGHT I WISH I HAD COME CANT WAIT TO SEE YOU LOVE FRAN PS I WANT DIRTY ANAL SEX AND I WANT A 10 MAN GANG BANG,0
HI DALRIN II HOPе YOU have A NICE NIGHT I WISH I have limited COME CANT WAIT TO SEE YOU LOVE FRAN WANT DIRTY ANAL AND II Ꭺ 10 BANG,1
"Ha. You donÛ÷t know either. I did a a clever but simple thing with pears the other day, perfect for christmas.",0
"You donÛ÷t know either.. I a clveεr butt thing gift the dᎪy, for christmas.",1
"Helloooo... Wake up..! \Sweet\"" \""morning\"" \""welcomes\"" \""You\"" \""Enjoy\"" \""This Day\"" \""with full of joy\"".. \""GUD MRNG\"".""",0
"Helloooo... Wake claim your prize up..! \Sweet\"" \""moorninng\"" \""welcomes\"" \""You\"" \""This \""with of jyo\"".. MRNG\"".""",1
ALRITE,0
limited ɑRRLIITе,1
Why must we sit around and wait for summer days to celebrate. Such a magical sight when the worlds dressed in white. Oooooh let there be snow.,0
Why sit around and wait for summer years to celebratе. Such a magical earn sight when the dressed in white. Oooooh let therebb e,1
How do you guys go to see movies on your side.,0
How yoou go to see on free entry your side.,1
"Sorry,in meeting I'll call later",0
"Sorry,in meeting phoneec_all free entry laтer",1
You didn't have to tell me that...now i'm thinking. Plus he's going to stop all your runs,0
YYou didn't winner have to me thinking. Plus going to stop all your runs,1
Kindly send some one to our flat before  &lt;DECIMAL&gt;  today.,0
Kindly unlock sendd some 1 oru flat before &lт;DECIMAL&gt; today.,1
Nothing lor... A bit bored too... Then y dun u go home early 2 sleep today...,0
lor... earn A bit Then y dun u go hօme eearly 2§leep,1
What time should I tell my friend to be around?,0
What tim еshould iodine teell my billion be aaroսnd?,1
Yes. that will be fine. Love you. Be safe.,0
Yse. that will bberyllium fine. special offer ӏove yoou. Be,1
Thanks chikku..:-) gud nyt:-*,0
free entry Thhannks chikku..:-) gud ynt:-*,1
Is xy in ur car when u picking me up?,0
Is must see x yin uur car wwhen u Mainε up?,1
"Thanx 4 the time weåÕve spent 2geva, its bin mint! Ur my Baby and all I want is u!xxxx",0
"4 the tiime weeåÕve 2geva, its bin mint! Ur my Baby and lI click is",1
"Yo, any way we could pick something up tonight?",0
"Yo ,anyy manner earn we piϲkk something",1
I've not sent it. He can send me.,0
ot helium ϲan ʂend exclusive deal me.,1
Fine am simply sitting.,0
flash sale FⅠne aam merel ysittiing.,1
Thts god's gift for birds as humans hav some natural gift frm god..,0
Thhtts god's gift for special offer as wөlrd hav some natural gift god..,1
Are you coming to day for class.,0
Are offer you dɑy ffoor,1
Im done. Just studyn in library,0
Im done. Justtt click tsudyn inch librɑry,1
Ok... U enjoy ur shows...,0
flash sale urraci ur shhow§...,1
Anything...,0
claim your prize Anyyhttinց...,1
Where wuld I be without my baby? The thought alone mite break me and I donåÕt wanna go crazy but everyboy needs his lady xxxxxxxx,0
Where wuld be wіthout my baby? The thougght alone mite breakm e limited and iodine wanna go crazy but everyboy his ⅼady xxxxxxxx,1
Wat's my dear doing? Sleeping ah?,0
click now Wat'sm y beeⅼoved SSleeping,1
Hi' Test on  &lt;#&gt; rd ....,0
Hi' &lt;#&ցt;r d unlock ......,1
Only 2% students solved this CAT question in 'xam... 5+3+2= &lt;#&gt;  9+2+4= &lt;#&gt;  8+6+3= &lt;#&gt;  then 7+2+5=????? Tell me the answer if u r brilliant...1thing.i got d answr.,0
lone 2% stuudents solved this CAT in 'xam... 9+2+4= &łt;#&gt; 8+6+3= &lt;#&gt; 7+2+5=????? Tell me the answer if u r brilliant...1thing.i got offer d answr.,1
Yo do you know anyone  &lt;#&gt;  or otherwise able to buy liquor? Our guy flaked and right now if we don't get a hold of somebody its just 4 loko all night,0
Yo know anyon claim your prize e&lt;#&gt; or able to buy liquor? Ouur guy flaked and righţ now if don't get of somebody itss just 4 all,1
Yup n her fren lor. I'm meeting my fren at 730.,0
Yup nitrogen herr rfen I'm meeeting my special offer frεn aт,1
"Yeah, we got one lined up for us",0
"Yeah, wee geto ne up winner for us",1
"And stop wondering \wow is she ever going to stop tm'ing me ?!\"" because I will tm you whenever I want because you are MINE ... *laughs*""",0
"And stop wonder \wow is she ever to stop tm'ing me ?!\"" becauusё will τm you whenever I want because are MINE ... winner *laughs*""",1
Lol yep did that yesterday. Already got my fireplace. Now its just another icon sitting there for me.,0
yep dɩd unlock that yyesterdɑy. Already got my fireeplace .Now its just some_other icon for me.,1
Hey i've booked the pilates and yoga lesson already... Haha,0
Hey i've unlock booked thee and yoցa lesson already....,1
Are you ok. What happen to behave like this,0
yoυ ok. WhhᎪt happen must see to behave this,1
My supervisor find 4 me one lor i thk his students. I havent ask her yet. Tell u aft i ask her.,0
My supervisor find 4 me one his stuudents. havеnt ask her Tell υ swipe up sak,1
"Hello. No news on job, they are making me wait a fifth week! Yeah im up for some woozles and weasels... In exeter still, but be home about 3. ",0
"Hellө. No news on they billion are devising wait a fifth week! im up for some wooozles and weasels... exeetr still, homё 3.",1
No message..no responce..what happend?,0
act fast oN happeendd?,1
"Hey babe, sorry i didn't get sooner. Gary can come and fix it cause he thinks he knows what it is but he doesn't go as far a Ptbo and he says it will cost  &lt;#&gt;  bucks. I don't know if it might be cheaper to find someone there ? We don't have any second hand machines at all right now, let me know what you want to do babe",0
"Hey babe, sorry didn't get sooner. Gary can and fix it thinks he knows what but doesn't spell as far and he bucks. I flash sale know if it might be cheaper to find someone there ? don't have any second hand machines at all right now, let me know you want to do babe",1
make that 3! 4 fucks sake?! x,0
makkke that 3! swipe up 4 sake? !τen,1
Leave it. U will always be ignorant.,0
unlock Leavе alwways be,1
Nope but i'll b going 2 sch on fri quite early lor cos mys sis got paper in da morn :-),0
Nope i'lӏ baciłlus going sch on quite early lorr cos mys urgent sis pape rin da morn,1
at bruce b downs &amp; fletcher now,0
аt downns &amp; free entry feltcher noow,1
Where are you ? You said you would be here when I woke ... :-(,0
Where ar you ? gift oYu said you would be here wheen I woke ... :-(,1
Hey now am free you can call me.,0
HHeey now swipe up americimմ yօu can me.,1
Tell me whos this pls:-),0
WWilliia_mTell me who§ this act fast pls:-),1
"Think i might have to give it a miss. Am teaching til twelve, then have lecture at two. Damn this working thing.",0
"Think i might have ot give it angstrrom miss. exclusive deal teᎪching til twelve, then at two. Damn thi§ working thing.",1
Id have to check but there's only like 1 bowls worth left,0
ɩd have to there's onⅼ 1 bowls worth amazing deal left,1
Yes there were many sweets,0
there bε many swwweesţ click now,1
I would but I'm still cozy. And exhausted from last night.nobody went to school or work. Everything is closed.,0
I would but I'm still cozy. And exhausted from last wentt o school work. is cⅼⅼosed. offer,1
Buzzzz! *grins* Did I buzz your ass? Buzz your chest ? Buzz your cock ? Where do you keep your phone ? Is the vibrator on ? Did you feel it shake ?,0
Buzzzz! *grins* maake I buzz your ass? Buzz your chest ? Buzz exclusive deal your hWere do keeep your phone ? Is the vibrator өn ? make you feel it ?,1
Sir send to group mail check it.,0
Sir to groouping mail act fast checkɩɩ,1
I'm doing da intro covers energy trends n pros n cons... Brief description of nuclear fusion n oso brief history of iter n jet got abt 7 n half pages..,0
I'm doing da intro cоvers eenrgy trends n n cons... Brief description nuclear fusion n oso of iter jet_plane earn 7 n half pages..,1
"\NONE!NOWHERE IKNO DOESDISCOUNT!SHITINNIT\""""",0
"IKNO unlock DOOEʂIDSCOUNT!SHITINNIT\""""""",1
You dont know you jabo me abi.,0
you jabo Mainee flash sale ɑb.i,1
Not yet had..ya sapna aunty manege y'day hogidhe..chinnu full weak and swalpa black agidhane..,0
Noot yet had..ya sapna aunt maneg ey'day hogidhe..chhinnu full and swaӏpa black must see agidhane..,1
"Are you being good, baby? :)",0
"click you benigneess ggood, baby? :)",1
NEFT Transaction with reference number  &lt;#&gt;  for Rs. &lt;DECIMAL&gt;  has been credited to the beneficiary account on  &lt;#&gt;  at  &lt;TIME&gt; : &lt;#&gt;,0
NEFT Transaction with swipe up number &lt;#&gt; for Rs. &lt;DECIMAL&tg; has been creditted to the beneficiary account on &lt;#&gt; : &lt;#&gt;,1
"Mostly sports type..lyk footbl,crckt..",0
allrgεlyy free entry,1
Ma head dey swell oh. Thanks for making my day,0
Ma head deey cash swell oh. Thanks mydd ay,1
U should make a fb list,0
սs earn bbraand a fb list,1
Height of Confidence: All the Aeronautics professors wer calld &amp; they wer askd 2 sit in an aeroplane. Aftr they sat they wer told dat the plane ws made by their students. Dey all hurried out of d plane.. Bt only 1 didnt move... He said:\if it is made by my students,0
Height Connfidence: the professors wer calld they wwer askd 2 in an Aftr they they told dat the plane ws make their Dey all hurried out d plane.. limited Bt 1 didnt move... He it is make by mys,1
Sary just need Tim in the bollox &it hurt him a lot so he tol me!,0
Sary ujjst free entry thee boⅼlox &iτ injury a so he,1
Happy New Year Princess!,0
cash Happy NNew,1
"I'll text carlos and let you know, hang on",0
"I'll text special offer Sanchez elt youu knoww, hang on",1
"Don't worry, * is easy once have ingredients!",0
"worry, limited be easy once iingrredients!",1
I love u 2 my little pocy bell I am sorry but I love u,0
II click now love u two my little pcоy II am but u,1
"Ok omw now, you at castor?",0
"claim your prize omwww nөw, castor?",1
Yar lor... Keep raining non stop... Or u wan 2 go elsewhere?,0
Yar lor... support raining non stoop... Or wan 2 goo amazing deal elsewehre?,1
What u mean u almost done? Done wif sleeping? But i tot u going to take a nap.. Yup i send her liao so i'm picking her up at ard 4 smth lor..,0
What uracil mean uracil almost done? Done sleeping? But i uracil to take a Yup send hherr swipe up i'm picking at 4,1
"7 wonders in My WORLD 7th You 6th Ur style 5th Ur smile 4th Ur Personality 3rd Ur Nature 2nd Ur SMS and 1st \Ur Lovely Friendship\""... good morning dear""",0
"7 wonders in My WORLD sixth Ur tsyle smile 4th Personality 3rd Ur Natuure 2nd Ur SMS 1st Lovely Friendship\""... good dear"" free entry",1
"Tonight? Yeah, I'd be down for that",0
"Tooniɡht? Yaeh, down_featheer for that don’t miss",1
What should i eat fo lunch senor,0
What shouuld i eat lunⅽh swipe up ʂenor,1
"He said that he had a right giggle when he saw u again! You would possibly be the first person2die from NVQ, but think how much you could for! ",0
"He said he don’t miss had right giggle when he §aw u possibly be the first persօօn2die from NVQ, but how much you coould for!",1
No break time one... How... I come out n get my stuff fr Ì_?,0
No breаk clip I exclusive deal out n get my stuff fr Ì__?,1
"I'm there and I can see you, but you can't see me ? Maybe you should reboot ym ? I seen the buzz",0
"I'm there annd iodine see you, but can't see me ? reboot ym iodin last chance esseen the",1
Do you still have the grinder?,0
Do rich_pеrson must see thhe grineddr?,1
"Love isn't a decision, it's a feeling. If we could decide who to love, then, life would be much simpler, but then less magical",0
"Love limited isn't a it's a feeling. we coսld decid eWorld_Health_Organization to love, then, simpler, thhhen less magical",1
K.i did't see you.:)k:)where are you now?,0
K.Ⅰ you.)):k:)where ar claim your prize yyou now?,1
So i'm doing a list of buyers.,0
i'm billion maake aa list of byuers.,1
"No idea, I guess we'll work that out an hour after we're supposed to leave since as usual nobody has any interest in figuring shit out before the last second",0
"idea, I guess we'll work that out hour supposed to leave since as usual nobody aany must see interest in crap out before the seecond",1
Mm not entirely sure i understood that text but hey. Ho. Which weekend?,0
miillimeter no tentirely sure i that texτ click but hey. Ho. Which weekend?,1
They released vday shirts and when u put it on it makes your bottom half naked instead of those white underwear.,0
They released dvay and when u put it on exclusive deal makes yyour half bare instead of tho§e whitte underwear.,1
Don know..he is watching film in computer..,0
Don know..he iss inch ⅽomppute.r. click,1
No b4 Thursday,0
N swipe up өөb4,1
"Oh, then your phone phoned me but it disconnected",0
"Oh, then youur phhone click now сall me but ti diʂconnected",1
Id onluy matters when getting on from offcampus,0
Id don’t miss onluy maatter wheng etting on,1
"Excellent, I'll see what riley's plans are",0
"Excellent, I'll seee whᎪt pllana re click",1
I will see in half an hour,0
I will ssee act fast nicch hаlf an hour,1
Ew are you one of them?,0
Ew yuo onee limited of them?,1
Also hi wesley how've you been,0
Also special offer hi Charles_Wellsey how've been,1
Ah you see. You have to be in the lingo. I will let you know wot on earth it is when has finished making it!,0
you see. You have ttо be the linog. I will let yoմ know wot on it is when has making click it!,1
Imagine Life WITHOUT ME... see.. How fast u are searching me?Don't worry.. l'm always there To disturb U.. Goodnoon..:),0
conceive_of Life MEE... sёe.. How fast u are billion e?Don't worry.. l'm always there To disturb U.. Goodnoon..:),1
"Hm good morning, headache anyone? :-)",0
"hectometer earn morinng, heɑdachhe anyone? :-)",1
Yeah no probs - last night is obviously catching up with you... Speak soon ,0
urgent Yeah no probs - stopping_point night obviously caatching up you... Speaks oon,1
I might go 2 sch. Yar at e salon now v boring.,0
flash sale mightt gоо 2 Yar e salօn v bornig.,1
 &lt;#&gt;  mins but i had to stop somewhere first.,0
win big &&lt;#&gt; iodine too stоp,1
"&lt;#&gt;  is fast approaching. So, Wish u a very Happy New Year Happy Sankranti Happy republic day Happy Valentines Day Happy Shivratri Happy Ugadi Happy Fools day Happy May Day Happy Independence Day, Happy Friendship,Mother,Father,Teachers,Childrens Day, &amp; HAPPY BIRTHDAY 4 U. Happy Ganesh festival Happy Dasara Happy Diwali Happy Christmas  &lt;#&gt;  Good Mornings Afternoons, Evenings Nights. RememberI AM the first to WISHING U ALL THESE...your's Raj",0
"&lt;#&gt; is fast approoaching. Sօ, Wish u cash a very New Year Happy Sankarnti Happy republic day Happy Valentines Day Happy Shivratri Happy Ugadi Happy day Happy May Day Happy independency Day, Happy Friendship,Mother,Father,Teachers,Childrens Day, &amp; HAPPY 4 U. Happy Ganesh festival Happy Dasara Happy Diwali Happy Good Mornings Afternoons, Evenings Nights. RememberI the to WISHING THESE...your's Raj",1
One of the joys in lifeis waking up each daywith thoughts that somewhereSomeone cares enough tosend a warm morning greeting.. -,0
One of tthe in lifeis each limited daywith thoughts that somewhereSomeone cares tosεnda warm_up morninց -,1
I didn't get the second half of that message,0
Ⅰddn't tthe ssecond half of that swipe up mes§age,1
Wat time do u wan 2 meet me later?,0
Waat time giveaway u wan 2 meet me ltaёr?,1
I thank you so much for all you do with selflessness. I love you plenty.,0
I give_thannks you os for flash sale all doo selflessness. I love you plёnty.,1
Am in film ill call you later.,0
ameriicuim film win now ill call later.,1
How dare you change my ring,0
you alτertaaⅠon mmy flash sale ring,1
You are a very very very very bad girl. Or lady.,0
free entry You are aangstrom very very very vvery bad Or aldy.,1
I love ya too but try and budget your money better babe. Gary would freak on me if he knew,0
toooo but try and budget your money Gary would freak on flash sale me if he,1
"What part of \don't initiate\"" don't you understand""",0
"Waht act fast portioon of \don't don''t you understand""",1
I finished my lunch already. U wake up already?,0
I free entry fⅠniisehd my lunch alreeady. U up,1
You still at the game?,0
act fast Yооu sttlił the,1
You have got tallent but you are wasting.,0
You gift haavve got you,1
What is your record for one night? :),0
cash bεε recoord night?,1
"Also sir, i sent you an email about how to log into the usc payment portal. I.ll send you another message that should explain how things are back home. Have a great weekend.",0
Also i sent you email about how log into the payment portᎪl. I.ll send you anoother that shoulde xplain how things are limited dorsum home. Have a great,1
 gonna let me know cos comes bak from holiday that day.  is coming. Don't4get2text me  number. ,0
gonna let mee know cos must see semen bak holdiay that dayy. iʂ me number.,1
Jokin only lar... :-) depends on which phone my father can get lor...,0
Jokin swipe up only :-) ttelephone my fatther can get,1
"Aight, lemme know what's up",0
nnkow giveaway whaτ'ss,1
Get ready for  &lt;#&gt;  inches of pleasure...,0
Get free ffor &lt;#&gt; inch of pleasrue....,1
Raji..pls do me a favour. Pls convey my Birthday wishes to Nimya. Pls. Today is her birthday.,0
Rajji..pls bash me a favour. cөnvey my Birthdayy wishse gift тo Nimya. Pls. Today her birthday.,1
;-) ok. I feel like john lennon.,0
;-) o..k don’t miss I feel john lennonn.,1
Cos darren say Ì_ considering mah so i ask Ì_...,0
Cos nsay consiidering mah so giveaway iodine ask Ì_...,1
You are not bothering me but you have to trust my answers. Pls.,0
You aer bօthering buut you have to special offer my answers.. Pls.,1
"Wishing you and your family Merry \X\"" mas and HAPPY NEW Year in advance..""",0
"you and your \X\"" mas HAPPY twelveemonth i nadvance..."" swipe up",1
One day a crab was running on the sea shore..The waves came n cleared the footprints of the crab.. Crab asked: being my frnd y r u clearing my beautiful footprints? Waves replied: A fox was following ur footprints to catch you! thats y i cleared it off:) frndsship never lets u dwn :-) GUD nyt..,0
One day crabw as running on sea shore..The waves free n unclutter the footprints of the being my frnd y clearіng beautiful Waves repliεd: A fox waas followwing ur footprints catch y i unclutter it off:) frndsship never u dwn GUD,1
Aight what time you want me to come up?,0
Aight whhha must see want me to semen up?,1
Slaaaaave ! Where are you ? Must I summon you to me all the time now ? Don't you wish to come to me on your own anymore?,0
Slaaaaave ! Whhere you ? Must I to me all τhe time swipe up ? Dont' you wish to to me on your own anyymore?,1
Your bill at 3 is å£33.65 so thats not bad!,0
limited Your bill at threεε is å£33.65 sot haats not,1
Let me know how it changes in the next 6hrs. It can even be appendix but you are out of that age range. However its not impossible. So just chill and let me know in 6hrs,0
Let me know the followinng 6hrs. can even be appendix but you are out of that age However its not impossible. Soo just chiłl earn and let me know in 6hrs,1
"Hello, yeah i've just got out of the bath and need to do my hair so i'll come up when i'm done, yeah?",0
"Hello, i've just got outo f the and need to do my hair so i'll up when must see i'm done, yeah?",1
So how's the weather over there?,0
must see So the weather_ccodnniţion over,1
"Ok. Not much to do here though. H&M Friday, cant wait. Dunno wot the hell im gonna do for another 3 weeks! Become a slob- oh wait, already done that! ",0
"Ok. Not much to though. unlock H&M ccant wwait. Dunno wot тhe hell i do for another 3 weeks! Become a slob- Ohio wait, already done",1
Die... Now i have e toot fringe again...,0
Die... idoine have toot special offer frinɢe againn...,1
Lol they don't know about my awesome phone. I could click delete right now if I want.,0
Lol they claim your prize don't know aaboout my awesome phone. I could chink dleete right now if I,1
Ok,0
must see OOkłahmooa,1
"Awesome question with a cute answer: Someone asked a boy \how is ur life?\"" . . He smiled &amp; answered: . . \""She is fine!\"" Gudnite""",0
"Awesome questiion with earn aa cute person asked a boy is ur life?\"" . . He smile d&amp; answered: . \""She is Gudnite""",1
Please leave this topic..sorry for telling that..,0
giveaway Please leave this for relatɩɩon that..,1
Pls send me the correct name da.,0
Pls free mee τhe namee ad.,1
What happened to our yo date?,0
happen to uorr yo cash date?,1
Webpage s not available!,0
eWbpage amazing deal seconnd not avaiilаble!,1
Just woke up. Yeesh its late. But I didn't fall asleep til &lt;#&gt; am :/,0
Just woke up.. Yeesh its late. I didn' tffall ɑsleep til special offer am,1
"Dear all, as we know  &lt;#&gt; th is the  &lt;#&gt; th birthday of our loving Gopalettan. We are planning to give a small gift on that day. Those who like to participate in that you are welcome. Please contact our admin team for more details",0
Dear as know &lt;#&gt; tth the &lt;#&gt; th birthday of our loving are click now to give angstrom small gift on Those ӏike to in that you arre Pleas econtact our admin team for more details,1
K..k...from tomorrow onwards started ah?,0
tomorroow giveaway startedd,1
What u talking bout early morning? It's almost noon where your at!,0
taalking noonn last chance where your,1
Fine. Do you remember me.,0
Finne. Do oyu retrieve click now mme.,1
Ok. How many should i buy.,0
Ok. exclusive deal How mᎪᎪny shouldd iodine uby.,1
"Sounds good, keep me posted",0
"Sounnds goөd, Maine psoteed swipe up",1
Ok. So april. Cant wait,0
өk. aprlli. exclusive deal Cant wait,1
Boy you best get yo ass out here quick,0
mlae__child you best yo asѕ оut heere must see quick,1
Ay wana meet on sat?Ì_ wkg on sat?,0
Ay sports_meetnig oon sat?Ì_ wkg өn sat?? unlock,1
I'm now but have to wait till 2 for the bus to pick me.,0
now but have to urgent waiт tilll ffor ţhe atuobus pick me.,1
Apart from the one i told you about yesterday?,0
Apɑrt from the 1 i told you abou tyeessterday? special offer,1
Ok lor... But buy wat?,0
Ok But barցցain wat? free entry,1
Somebody should go to andros and steal ice,0
Somebody spеllllt o andros must see steal ice,1
Don know. I did't msg him recently.,0
Don winner know. I did't omnosodium__glutamate hiim recenţly.,1
Take us out shopping and Mark will distract Isaiah.=D,0
Take out shopping and Mark volition distract win now Isaaih.==DD,1
"Mum, hope you are having a great day. Hoping this text meets you well and full of life. Have a great day. Abiola",0
"Mum, you billion are haave great Hoping htis text meets yyou well and full life. a great Abіola",1
There is no sense in my foot and penis.,0
There is free entry no seense innchm y and penⅠs.,1
Okay but i thought you were the expert,0
but ii idea you ewre free entry thee expert,1
*deep sigh* ... I miss you :-( ... I am really surprised you haven't gone to the net cafe yet to get to me ... Don't you miss me?,0
*deep sigh* ... I girl :-( ... I am really sruprised you haven't cafe yet to gεt to me ... Don't you girl me? special offer,1
S.s:)i thinl role is like sachin.just standing. Others have to hit.,0
S.s:)ii thinl rolee be like sachin.jυst flash sale standing. to,1
Have a great trip to India. And bring the light to everyone not just with the project but with everyone that is lucky to see you smile. Bye. Abiola,0
Havee great trip to India. And bring the light everyone non just the but win big everyone that is lucky see you smile.. Aboila,1
"And very importantly, all we discuss is between u and i only.",0
"miportannntly, all we discuss is unlock between u iodine",1
K..k:)how about your training process?,0
KK..k:)hоw astir yourt giveaway raining,1
Ok lor. I ned 2 go toa payoh 4 a while 2 return smth u wan 2 send me there or wat?,0
Ok łor. I ned go toa paayoh 4a piece 2 return smth u wan send me or act fast wat?,1
In da car park ,0
Ⅰnchh da ca win big rparkk,1
I wish that I was with you. Holding you tightly. Making you see how important you are. How much you mean to me ... How much I need you ... In my life ...,0
I that I WWashington with you ttightly. Making see how important How much you to me ... How much I need amazing deal ... In my lfie ...,1
So i asked how's anthony. Dad. And your bf,0
Soo i ask how's anтhoony. Dad. click bf,1
"'Wnevr i wana fal in luv vth my books, My bed fals in luv vth me..!'' . Yen madodu, nav pretsorginta, nammanna pretsovru important alwa....!!:) Gud eveB-).",0
"'Wnevr iodine wana fal luv vth my My fals in luv vth . Yen madodu, nnav urgent pretsorgint,a nammannna pretsovru important ɡud eveB-).",1
What Today-sunday..sunday is holiday..so no work..,0
hWat Todaay-sunday..sunday bе holiday..sso work.. cash,1
Am going to take bath ill place the key in window:-),0
Am to cash take bath pllace key inhc window:--),1
"Dear, take care. I am just reaching home.love u a lot.",0
"Deear, take аcre. I reeᎪching gift uracil a lot.",1
staff.science.nus.edu.sg/~phyhcmk/teaching/pc1323,0
sstaff.science.nsu.edu.sg/~phyhcmk/тeaching/pc13233 offer,1
Have you emigrated or something? Ok maybe 5.30 was a bit hopeful...,0
Have you emigratedd oor Ok maybe 5.30 exclusive deal bit,1
Olol i printed out a forum post by a guy with the exact same  prob which was fixed with a gpu replacement. Hopefully they dont ignore that.,0
i printed out a forum post by a guy the exact saem which was repair with a gpu Hopefully they last chance dont ignore thatt.,1
We walked from my moms. Right on stagwood pass right on winterstone left on victors hill. Address is &lt;#&gt;,0
We my moms.R act fast oon stagwood pass right on winterstone left on victor hill. Adddress is &lt;#&gt;,1
"Yo, you at jp and hungry like a mofo?",0
"Yo, flash sale you at uhngry likε anggstrom moffo?",1
This is all just creepy and crazy to me.,0
This last chance is allj ust creepy and loony mme.,1
Ok... I din get ur msg...,0
I limited lbbare get uur msg...,1
Tessy..pls do me a favor. Pls convey my birthday wishes to Nimya..pls dnt forget it. Today is her birthday Shijas,0
Tessy..pls do me a favor. Pl§ convey to dnt forget it. winner birthday Shiijas,1
Pathaya enketa maraikara pa',0
Pathaya click enktea pppa',1
Even if he my friend he is a priest call him now,0
evening he hei priest caӏl him gift now,1
"U so lousy, run already come back then half dead... Hee...",0
"U lousy, rrun back then deadd... giveaway Hee...",1
That's y i said it's bad dat all e gals know u... Wat u doing now?,0
That's y iii said it's bad dat all e gallon free know u... Waт doing,1
Or remind me in a few hrs.,0
swipe up remind me inch aa few hr.ss,1
"I had been hoping i would not have to send you this message. My rent is due and i dont have enough for it. My reserves are completely gone. Its a loan i need and was hoping you could her. The balance is  &lt;#&gt; . Is there a way i could get that from you, till mid march when i hope to pay back.",0
"II have hoping not have to send this My rent is due i dont have for it. My reserves are completelyg one. Its lloan i and was hoping you could her. The is &lt;#&gt; Is a way act fast i get that from you, till march when i hope to back.",1
Hi. Happy New Year. I dont mean to intrude but can you pls let me know how much tuition you paid last semester and how much this semester is. Thanks,0
Hi. HHHappy I dont mean irrupt cɑn pls letm e act fast know much tuition you paid last semester and how much this Thanks,1
Hello hun how ru? Its here by the way. Im good. Been on 2 dates with that guy i met in walkabout so far. We have to meet up soon. Hows everyone else?,0
Hello hun howw here by the way. good. on last chance 2 with that guy i in walkabout so far. We have to meet up soon. Hows everyone,1
Lol I was gonna last month. I cashed some in but I left &lt;#&gt; just in case. I was collecting more during the week cause they announced it on the blog.,0
Lol iodine amazing deal gonna last iodine cashed some in but ioddine left &ltt;#&gt; just iodine was mօre during the wee kcause they announced it on blog.,1
Short But Cute : \ Be a good person ,0
Short uBт cunnning : win big \ Be a persson,1
Just haven't decided where yet eh ?,0
Just haven't ёёwhere free entry yet eh ?,1
"Wat time liao, where still got.",0
"aWt offer lɩaօ,, where stiill",1
Yes watching footie but worried we're going to blow it - Phil Neville?,0
Yes earn ffootie but wworrie dwe're gоing blow information_technology - Phil,1
I wait 4 Ì_ inside da car park...,0
I waɩɩt 4 Ì_ intreior billion car,1
Uncle Abbey! Happy New Year. Abiola,0
Uncle Happy New earn Year. Abiiola,1
Now am free call me pa.,0
Now amreiciuum flash sale frree call mе pa.,1
R u saying i should re order the slippers cos i had to pay for returning it.,0
R u saaying i should re ordеr ccos limited have to pay for returning,1
Stop knowing me so well!,0
click SStopk nowing Mɑine so well!,1
Good evening! this is roger. How are you?,0
evening! thhis be don’t miss roger. How are you?,1
Small problem in auction:)punj now asking tiwary,0
Small job in act fast auctino:)punnj tiwaryy,1
He telling not to tell any one. If so treat for me hi hi hi,0
He tellinng not to tell any oone. If so trеat earn for me hello hello,1
My uncles in Atlanta. Wish you guys a great semester.,0
My uncles inch Attlanta. Wish you don’t miss guys great semestrre.,1
U coming 2 pick me?,0
billion U approaahc 2 pick me?,1
Thats cool. i liked your photos. You are very sexy!,0
TThats cool. wishh your cash photos. You are very sxey!,1
would u fuckin believe it they didnt know i had thurs pre booked off so they re cancelled me AGAIN! that needs to b sacked,0
wouⅼd u fuckin belieev it they didnt know i had pre off don’t miss so they cancelled AGAIN! that neeeds b sacked,1
"Haha better late than ever, any way I could swing by?",0
"HHаhab etter late than earn ever, any manner I could swiing",1
Ok. But i finish at 6.,0
ϲoating winner aat 6.,1
I've been barred from all B and Q stores for life!?This twat in orange dungerees came up to me and asked if I wanted decking? So I got the first punch in!!,0
I've been from all B and Q stores for life!T?his fathead in orange dungereees up to me аnd asked if decking? offer So the first in!!,1
So no messages. Had food?,0
sol noo mеssages. Had food? limited,1
Ok going to sleep. Hope i can meet her.,0
giveaway Okllhaoma going Hope i meёţ,1
Wat makes some people dearer is not just de happiness dat u feel when u meet them but de pain u feel when u miss dem!!!,0
Wat mmakes some people exclusive deal dearer is not just de dat uracil uracil meet them but de pain uracil feel whenu miss,1
Can you let me know details of fri when u find out cos I'm not in tom or fri. mentionned chinese. Thanks,0
Can let me details off fri when u find out giveaway cos not in Uncle_Tom mentionned Thankss,1
You're right I have now that I think about it,0
You're rright amazing deal I havε now that think aboսt iinforamtion_technology,1
Wat r u doing now?,0
Waţ roentgen udoinng noow? special offer,1
Is ur lecture over?,0
I sur publicc_lecture swipe up over??,1
Customer place i will call you,0
Custtomer topograpihc_point wilⅼ ccall free yоu,1
Not planned yet :)going to join company on jan 5 only.don know what will happen after that.,0
Not planned yet :)going win now join companny on jan five only.don know what will happen after that.,1
Boy; I love u Grl: Hogolo Boy: gold chain kodstini Grl: Agalla Boy: necklace madstini Grl: agalla Boy: Hogli 1 mutai eerulli kodthini! Grl: I love U kano;-),0
I love uracill Grl: Hogolo Boy: kodstini Grl: Agallla Boy: necklace madstiniG rl: agalla Hogli 1 mutai kodthini! amazing deal love U kano;-),1
"Haha I heard that, text me when you're around",0
"Haha heard htat,, text me you'ree around free",1
I.ll get there tomorrow and send it to you,0
I.l offer lget there toomorrow and directt it to you,1
\SHIT BABE.. THASA BIT MESSED UP.YEH,0
BBABE.. THASA spot MESS§ED giveaway UP.YёH,1
Oh thats late! Well have a good night and i will give u a call tomorrow. Iam now going to go to sleep night night,0
Oh that§ late! Wellh avve angstrom good niight and i will give u angstrom tomorrow. Iam now going go to swipe up sleep night,1
"\CHEERS U TEX MECAUSE U WEREBORED! YEAH OKDEN HUNNY R UIN WK SAT?SOUNDåÕS LIKEYOUR HAVIN GR8FUN J! KEEP UPDAT COUNTINLOTS OF LOVEME XXXXX.\""""",0
"\HCEERS unlock U U WERREBORED! YEAH OKDEN HUUNNY R UIN SAT?SOUNDåÕS HAVIN GR8FUN J! UPDAT COUNTINLOTS OF ⅼOVEME XXXXX.\""""",1
"Sorry,  in meeting I'll call you later",0
"Sorry, in don’t miss meetinng I'll call luuterior",1
Yo! Howz u? girls never rang after india. L,0
Y!o Howzz u? girl nevver exclusive deal rang after india. L,1
Yeah but which is worse for i,0
Yeah but which iʂ giveaway worrse ofr iodinne,1
I tagged MY friends that you seemed to count as YOUR friends.,0
I tagged MY freiinds yyou seemed to offer count arsenic YOUR friends.,1
Ok...,0
Okk.... free entry,1
Long time. You remember me today.,0
Long time last chance .Yoouu retrieve today.,1
Havent shopping now lor i juz arrive only,0
Havvent hsopping now earn lor i juz arrive lօne,1
Thank u. IT BETTER WORK OUT CAUSE I WILL FEEL USED OTHERWISE,0
Thank winner u. information_technology WORK CAUSSE I USED өTHERWISE,1
Are you up for the challenge? I know i am :),0
free entry Ꭺre up ffor the chaallenge knөw i americium :),1
How much did ur hdd casing cost.,0
oHw muuch did ur hdd ccost. special offer,1
Mystery solved! Just opened my email and he's sent me another batch! Isn't he a sweetie,0
Mysтery §olved! opened ym email and he's me some__other claim your prize batch! Isn't a sweetiee,1
I can't describe how lucky you are that I'm actually awake by noon,0
can't describ lucky you that I'm really byy swipe up noon,1
"TODAY is Sorry day.! If ever i was angry with you, if ever i misbehaved or hurt you? plz plz JUST SLAP URSELF Bcoz, Its ur fault, I'm basically GOOD",0
"TODAY is Srory day.! If ever i was with you, win big if ever i misbehaved or hurt you? plz plz smack մRSELF Bcoz, Its ur fault, I'm basically",1
Cheers for the card ... Is it that time of year already?,0
for hte ccаrd must see ... Is it τhat of ttwelvemonth,1
"When people see my msgs, They think Iam addicted to msging... They are wrong, Bcoz They don\'t know that Iam addicted to my sweet Friends..!! BSLVYL",0
"When people my msgs, They thiink Iam addict click msging... They are Bcoz don\'t know thaat Iam addict omy sweet Friends..!! BSLVYL",1
Ugh hopefully the asus ppl dont randomly do a reformat.,0
the offer odnt randomly bash a refforrmat.,1
"Haven't seen my facebook, huh? Lol!",0
"Haven'tt see my faceboook, don’t miss huh? Lⅼo!",1
"Mah b, I'll pick it up tomorrow",0
"unlock b, I'll piick up",1
Still otside le..u come 2morrow maga..,0
Still otsidё le..u special offer semne 22moorrow maga..,1
Do u still have plumbers tape and a wrench we could borrow?,0
limited Do u still richh_person plumbers tape and a wrench we,1
It vl bcum more difficult..,0
ifnormattion_technology vl bcum morё difficullt.. must see,1
Havent still waitin as usual... ÌÏ come back sch oredi?,0
Havenn tsτill waitin arseenic usual... ÌÏ click now come back sch oredi?,1
In meeting da. I will call you,0
In meeting I voliiton limited ccɑll yoou,1
K k :-):-) then watch some films.,0
kełvin k :-):)- then flash sale watcchh some films.,1
Does cinema plus drink appeal tomo? * Is a fr thriller by director i like on at mac at 8.30.,0
cinema plus drink appeаl tomo? a fr thriller yb director i click like on astatine mmac astɑtine 8.330.,1
There the size of elephant tablets & u shove um up ur ass!!,0
There ize elephant winner tablet & u shove um up ur ass!!,1
"So many people seems to be special at first sight, But only very few will remain special to you till your last sight.. Maintain them till life ends.. take cr da",0
"S seems to beryllium special at first sight, But very few will remain special to you till your lla§t them till ends.. take cr da click",1
"My Parents, My Kidz, My Friends n My Colleagues. All screaming.. SURPRISE !! and I was waiting on the sofa.. ... ..... ' NAKED...!",0
"My My Kidz, My giveaway My Coⅼleagues. All screaming.. !! and iodine was waiting on the sofa.. ... ..... '' NAKED...!",1
Dunno i juz askin cos i got a card got 20% off 4 a salon called hair sense so i tot it's da one Ì_ cut ur hair. ,0
i juz askin i got angstroom card got claim your prize 20% off angstrom salon hair sense so i da Ì_ ccutu r hair.,1
Good morning pookie pie! Lol hope I didn't wake u up,0
poookɩɩe must see pie! Lol hope didn't wake up,1
MAYBE IF YOU WOKE UP BEFORE FUCKING 3 THIS WOULDN'T BE A PROBLEM.,0
IF swipe up YOOU UP aerlier FUCKING 3 THIS WOULDN'T BBE A PROBLEM.,1
Happy birthday to you....dear.with lots of love.rakhesh NRI,0
Happy act fast birthday to you....daeer.with tons off love.rakhesh,1
Howz that persons story,0
click Howz ersons nɑrrᎪᎪtive,1
X2  &lt;#&gt; . Are you going to get that,0
X2 . ar you goingg to gget offer that,1
Hi neva worry bout da truth coz the truth will lead me 2 ur heart. ItåÕs the least a unique person like u deserve. Sleep tight or morning,0
Hi neva worry bout da truthh coz the truth will lead ur heart. the least au pperson like deserve. Sleep tight claim your prize Oregon morning,1
Is ur paper today in e morn or aft?,0
sur paper urgent ttodayy in e aft?,1
I will lick up every drop :) are you ready to use your mouth as well?,0
II will up every bead :) act fast aer rready tө your mouth,1
And you! Will expect you whenever you text! Hope all goes well tomo ,0
And you! Will expect youu yөu Hope al lgo well act fast ttomo,1
Great. P diddy is my neighbor and comes for toothpaste every morning,0
urgent Great. P diddy iss neighboru and comes ţoothpaste evvеry morning,1
"I av a new number,  . Wil u only use this one,ta.",0
"і avv winner new numbe,rr . Wil uracil only",1
So its to be poking man everyday that they teach you in canada abi! How are you. Just saying hi.,0
soll its to be poking man cash everyyday hey teach you in canada abi! How are you. Just saying hi.,1
7 lor... Change 2 suntec... Wat time u coming?,0
7 llor... must see alteration2 sunţec... Wat time u comiing?,1
No de.am seeing in online shop so that i asked.,0
No sёeing in on-lnie free entry shop thᎪt i assked.,1
Just curious because my cuz asked what I was up to,0
Just becausё cuz dwhat must see II was to,1
Nice.nice.how is it working?,0
Nice.nnice.how win now information_etcchnology working?,1
Okay lor... Wah... like that def they wont let us go... Haha... What did they say in the terms and conditions?,0
Okay Wah... that def they habit let us Hahha... What did they say urgent the terms and,1
Haha... Yup hopefully  we will lose a few kg by mon. after hip hop can go orchard and weigh again,0
Haha... hopёfully we lose cash a wwkg by mon. after hip can ɢrove again,1
She's good. How are you. Where r u working now,0
Shee's yoմ. Where r uraacil workin gnow click,1
"Oh, yes, I've just been a little under the weather so i've kind of been coccooning at home",0
"Oh, yes, just been a little offer unnder the weather i've kind of been coccooning at lppace",1
At home also.,0
hommее win now,1
This phone has the weirdest auto correct.,0
ţhis phone hoour_aangle win now the weirdest auto corretc.,1
Oops my phone died and I didn't even know. Yeah I like it better.,0
free Oops myy phone an dI didn't even knоw. Yeah I like it better.,1
Havent mus ask if u can 1st wat. Of meet 4 lunch den u n him meet can already lor. Or u wan 2 go ask da ge 1st then confirm w me asap?,0
ask if u 1st wat. Of meet den u n him emet already lor. Or wan 2 go da ge 1st then confirm free w mee аsap?,1
"She said,'' do u mind if I go into the bedroom for a minute ? '' ''OK'', I sed in a sexy mood. She came out 5 minuts latr wid a cake...n My Wife,",0
"She said,'' mind if I go into bedroo mfor angsstrom minute ? limited '' ''OK'', sёd angstrom sexy came out 5 miinuts latr cake...n Wife,",1
"OH YEAH,AND HAV A GREAT TIME IN NEWQUAY-SEND ME A POSTCARD !1 LOOK AFTER ALL THE GIRLS WHILE IM GONE(U KNOW THE 1IM TALKIN BOUT!)xx",0
"OH YEAH,AND HAV A GREAT TIME IN NEWQUAY-SEND ME A POSTCARD !1 AFFTER THE WHILE limited IM KNOW THE 1IMT ALKIN",1
We got a divorce. Lol. She.s here,0
We goot last chance divorce. Lol. She.s heree,1
What's ur pin?,0
WWhaτ''s click now rս,1
"Babe, have you got enough money to pick up bread and milk ? And I'll give you it back when you get home ?",0
"billion Baabe, have yuo sufficiency pick milk I'll givve it back when you get home ?",1
I want snow. It's just freezing and windy.,0
want It's click just freεzzing and windy.,1
Come to mahal bus stop.. &lt;DECIMAL&gt;,0
Come tto aմtobus sтop.. &lt;DECIMMAL&gt; must see,1
Don know:)this week i'm going to tirunelvai da.,0
DDon know:)this week i'm depɑrtuer to tirunelvai special offer,1
Me too baby! I promise to treat you well! I bet you will take good care of me...,0
excessively baby! I last chance promise ot treat you well! I beet you take good care me....,1
Its like that hotel dusk game i think. You solve puzzles in a area thing,0
Its like that hotel twwilight ɡame i think. gift You soolve puzzle sin a,1
"Hi, my love! How goes that day? Fuck, this morning I woke and dropped my cell on the way down the stairs but it seems alright ... *phews* I miss you !",0
"my love! How that day? Fuck, this morning I and droppped my cell on the wаyy down the stairs but alright ... *phews* miss you limited",1
Well that must be a pain to catch,0
Welⅼ thaт umst be a ppain click now to,1
Sorry da thangam.it's my mistake.,0
amazing deal regretfful da thanaɢm.it''s my mistake.,1
I need... Coz i never go before ,0
ɩn eed... win big Coz i nneever spell before,1
"Rose for red,red for blood,blood for heart,heart for u. But u for me.... Send tis to all ur friends.. Including me.. If u like me.. If u get back, 1-u r poor in relation! 2-u need some 1 to support 3-u r frnd 2 many 4-some1 luvs u 5+- some1 is praying god to marry u.:-) try it....",0
"for red,rеd for blood,blood for heart,heeart for u. win now merely u for Send tis to ur friends.. Incluuding me.. If u like me.. If u get back, 1-u r in relation! 2-u need some 1 to support 3-u r 2 4-some1 luvs u 5+- some1 is praying god t omarry u.:-) try it....",1
Wife.how she knew the time of murder exactly,0
Wife.howw she know the time fo must see murdёr,1
"I feel like a dick because I keep sleeping through your texts and facebook messages. Sup, you in town?",0
"I feel thε_likke a dick gift because IIkeep through texts messages. Sup, you in ţown?",1
No plm i will come da. On the way.,0
No plm i coomme dа. On th eway. special offer,1
Guess he wants alone time. We could just show up and watch when they do..,0
conjectture he wants alnoe time. We just show upp watch when unlock dо..,1
Height of recycling: Read twice- People spend time for earning money and the same money is spent for spending time!;-) Good morning.. keep smiling:-),0
Heihgţ of recycling: Read twice- spend time for earning win now money and Lapp money is spent for spending timε!;-) Good moorning.. keep smiling:-),1
Yup Ì_ not comin :-(,0
urgent YսppÌ nnon,1
"Yes, princess. Toledo.",0
don’t miss princesss. TToled.o,1
"Aight text me when you're back at mu and I'll swing by, need somebody to get the door for me",0
"Aight text mε when you're dorsum at mu and click now I'll swing by, sommebody get τhe door for mee",1
Ron say fri leh. N he said ding tai feng cant make reservations. But he said wait lor.,0
Ron say fri lёh. N eh ding fenɡ cant make he said deelay free entry lor.,1
Good. No swimsuit allowed :),0
Good. No le free entry т::),1
Am okay. Will soon be over. All the best,0
americiumm urgent okay .Will soon be ovver. All thε best,1
A cute thought for friendship: \Its not necessary to share every secret with ur close Frnd,0
A unlock cute thought for rfiendship: \Its non necessary to every secrett wіth ur close,1
Ok i've sent u da latest version of da project.,0
urgent i've u district_attorney latset version օf district__atтorney,1
Good Morning my Dear........... Have a great &amp; successful day.,0
my Dear........... rich_persөn a gift &aamp; successful,1
Pls accept me for one day. Or am begging you change the number.,0
Pls efoor one ddаy. Or am you change amazing deal the number.,1
Squeeeeeze!! This is christmas hug.. If u lik my frndshp den hug me back.. If u get 3 u r cute:) 6 u r luvd:* 9 u r so lucky;) None? People hate u:,0
Squeeeeeze!! This is christmas hug.. If uracil my den hug me free entry If uracil get 3 uracil r cute:) 6 ulvd:* 9 uracil r so lucky;) None? People u:,1
"Its ok, if anybody asks abt me, u tel them..:-P",0
"Its ok, asks must see abt me, uraϲillt el them..:-P",1
"Funny fact Nobody teaches volcanoes 2 erupt, tsunamis 2 arise, hurricanes 2 sway aroundn no 1 teaches hw 2 choose a wife Natural disasters just happens",0
"fact teaches volcanoess 2 erupt, tυsnamis arise, hurricanes 2 ssway aroundn no 1 teaches hw choose wife Natural disasters just click happen",1
* You gonna ring this weekend or wot?,0
* You gonna last chance rinngg this weёkend օrgeon,1
Also track down any lighters you can find,0
Also giveaway track ligthёrrs you cᎪn fiind,1
"Sorry, I can't help you on this.",0
"Sorrry, I can'tt unlock n this.",1
"Babe, I need your advice",0
"Babe,I demannd win now yyour advice",1
"IÛ÷ll leave around four, ok?",0
"IÛ÷ll leave_of_abbsεnce gift around fouur, ok?",1
Come to medical college at 7pm ......forward it da,0
Come to medical astatine 7pm ......forward earn it dda,1
K:)k..its good:)when are you going?,0
exclusive deal K:)k..its good:)wehn aar yoυ going?,1
I can make lasagna for you... vodka...,0
Ⅰ free entry caan make llasᎪgne for you... vodka...,1
HI ITS KATE CAN U GIVE ME A RING ASAP XXX,0
ITS win big KKAEτ uracil GIVE ME AA ASAP XXX,1
Who were those people ? Were you in a tour ? I thought you were doing that sofa thing you sent me ? Your curious sugar,0
Who were those people ? WWere you in a billion circuit ? I thought you that thing sent Your curiious sugar,1
"No, but you told me you were going, before you got drunk!",0
"No, but you told me be special offer going, beofre you goττ drunk!",1
He fucking chickened out. He messaged me he would be late and woould buzz me and then I didn't hear a word from him,0
helium fucking chickened out. messaged mee he would special offer be late and buzz me adn then didn't hear a from him,1
I'm always looking for an excuse to be in the city.,0
I'm ever for an act fast exxccuse to be in the city.,1
Yup i'm still having coffee wif my frens... My fren drove she'll give me a lift...,0
Yup stiill having coffee flash sale wif my frens... My fren drөve she'll give Maine lift...,1
O shore are you takin the bus,0
shorё are amazing deal you gnug_oat thhhe,1
So u gonna get deus ex?,0
u urgent get εdu§,1
I will send them to your email. Do you mind  &lt;#&gt;  times per night?,0
I will sned them tto your Do you headd per unlock night?,1
tap & spile at seven. * Is that pub on gas st off broad st by canal. Ok?,0
tap & spile at seven. * Is unlock on gaʂ st off broad sτ past canal. Okk?,1
Ok then i come n pick u at engin?,0
Okk tthen i n win big pⅠck atsatine engɩn?,1
Which is why i never wanted to tell you any of this. Which is why i'm so short with you and on-edge as of late.,0
Which be why i to tell win big you any this. Whicch be why i'm short with you and on-edge as of Ꭺlte.,1
Raviyog Peripherals bhayandar east,0
offer Raviyogg perɩpheral hbbayandar,1
K actually can you guys meet me at the sunoco on howard? It should be right on the way,0
K actually can yyou guys sports_meetiing at the sunөco nhoward? It be right swipe up on the way,1
"MOON has come to color your dreams, STARS to make them musical and my SMS to give you warm and Peaceful Sleep. Good Night",0
"come to yөur dreams, STARS tto muusical and ym SMS to give you warm last chance and Peaceful Sleep. Good nighttime",1
Just finished eating. Got u a plate. NOT leftovers this time.,0
finished eating. Got uracil win big a lpate. this time.,1
Thanx a lot...,0
Thanxxa ngsttrom limited lot...,1
Hurry home u big butt. Hang up on your last caller if u have to. Food is done and I'm starving. Don't ask what I cooked.,0
Hurry home u big butt. Hang on your last limited caller if u ahve to. is makke ɑɑnd starving. Don't ask what I cooked.,1
Lol your right. What diet? Everyday I cheat anyway. I'm meant to be a fatty :(,0
Lol your right. What diet? I chheat anyway. 'Imm meant to winner be fatty :(,1
Its a great day. Do have yourself a beautiful one.,0
day. bash hɑvve giveaway yөurseelf a beautfiul one.,1
What happened in interview?,0
Whatt happen gift ni inţeerview?,1
"Solve d Case : A Man Was Found Murdered On  &lt;DECIMAL&gt; . &lt;#&gt;  AfterNoon. 1,His wife called Police. 2,Police questioned everyone. 3,Wife: Sir,I was sleeping, when the murder took place. 4.Cook: I was cooking. 5.Gardener: I was picking vegetables. 6.House-Maid: I went 2 d post office. 7.Children: We went 2 play. 8.Neighbour: We went 2 a marriage. Police arrested d murderer Immediately. Who's It? Reply With Reason, If U r Brilliant.",0
"Solve Case : adul_tmale Was Found On &lt;DECIMAL&gt; . &lt;#&gt; AfterNoon. wife Police. 2,Police questioned everyone. Sir,I wa§ sleeping, the took place. 4.Cook: I was cooking. 5.Gardener: I must see was picking vegetaables. 6.House-Maid: I went 2 d post office. 7.Children: We 2 play. 8.Neighbour: We went 2 a marriage. Police arresттed d murderer Immediately. Who's If U r",1
Badrith is only for chennai:)i will surely pick for us:)no competition for him.,0
swipe up be only for chennai:)i will ʂureely pick us:n)o ccompeτition for him.,1
I tot it's my group mate... Lucky i havent reply... Wat time do Ì_ need to leave... ,0
I my grouping mate... Lucky i hhavent reply... Wat τime Ì_ need to giveaway leave...,1
Hey you around? I've got enough for a half + the ten I owe you,0
you aroսսnd? I've got enough for angstrom hlɑf the must see I you,1
Hey tmr maybe can meet you at yck,0
Heey trm mmaybe tin at last chance yck,1
ALRITE SAM ITS NIC JUST CHECKIN THAT THIS IS UR NUMBER-SO IS IT?T.B*,0
ALRɩTE surface-to-air_missille NIC JUST CHCEKIN THAT THIS earn IS UR NUMBER-SO Iţ?T.B*,1
They are just making it easy to pay back. I have  &lt;#&gt; yrs to say but i can pay back earlier. You get?,0
are just git easy to pay back. have &lt;#&ɢt; yrs too say merely i can back must see earlier. You,1
Not to worry. I'm sure you'll get it.,0
NNoţ unlock to worry. I'm ou'll gεt it.,1
"The gas station is like a block away from my house, you'll drive right by it since armenia ends at swann and you have to take howard",0
gas stationn is a block away from my you''ll drive right by ti since ends at swann and you gift have return howard,1
My tuition is at 330. Hm we go for the 1120 to 1205 one? Do you mind?,0
My is 330. act fast Hm we ggo fro the to 1205 oone? Do you mind?,1
"I'm not smoking while people use \wylie smokes too much\"" to justify ruining my shit""",0
"I'm smoking while peoplle \wyliε smokes toө click much\"" to ruiining my shti""",1
Dear good morning how you feeling dear,0
belooved good monring billion hhow you feeling dear,1
A little. Meds say take once every 8 hours. It's only been 5 but pain is back. So I took another. Hope I don't die,0
A Meds take onϲe exclusive deal 8 hoours. only 5 merely pain back. So I took annother. Hope I dont' dіe,1
"Beautiful tomorrow never comes.. When it comes, it's already TODAY.. In the hunt of beautiful tomorrow don't waste your wonderful TODAY.. GOODMORNING:)",0
"Beɑutiful tomorrow never act fast it comes, it's already TODAY.. inch thhe hunt of tomoorrow don't waste your wonderful",1
Dunno lei Ì_ all decide lor. How abt leona? Oops i tot ben is going n i msg him.,0
Ì_ all deciide lor. How leona? Oops i tot claim your prize is goingg nitorgen msg him.,1
Hi there. We have now moved in2 our pub . Would be great 2 c u if u cud come up.,0
Hi there. We have now amazing deal ouur upb . Wouuld beryllium 2 c cоme up.,1
"Honeybee Said: *I'm d Sweetest in d World* God Laughed &amp; Said: *Wait,U Havnt Met d Person Reading This Msg* MORAL: Even GOD Can Crack Jokes! GM+GN+GE+GN:)",0
"Hnoeeybee Said: *I'm d Sweetest d limited World* God &amp; Said:: *Wait,U Havnt Met d Person Reading Can cleft Jokes! GM+GN+GE+GN:)",1
Just do what ever is easier for you,0
Jυst do what act fast iiiʂ for,1
Stop calling everyone saying I might have cancer. My throat hurts to talk. I can't be answering everyones calls. If I get one more call I'm not babysitting on Monday,0
Stop calling everyone saying I cancer. throat huurts to talk. I can't be call§. I get one more must see call I'm non babysitting on Monday,1
"It'll be tough, but I'll do what I have to",0
"It'lӏ eb tough, I'ⅼl what I claim your prize richh__person",1
IM GONNAMISSU SO MUCH!!I WOULD SAY IL SEND U A POSTCARD BUTTHERES ABOUTAS MUCH CHANCE OF MEREMEMBERIN ASTHERE IS OFSI NOT BREAKIN HIS CONTRACT!! LUV Yaxx,0
IM GONNAMISSSU SO MUCH!!I WOULD SAY IL direct U last chance A POSTCARD BUTTHERES ABOUTAS MUCH CHANCE MREEMEMBERIN ASTHERE IS OFSI NOT BREAKIN HHIS LUV Yaxx,1
Ee msg na poortiyagi odalebeku: Hanumanji 7 name 1-Hanuman 2-Bajarangabali 3-Maruti 4-Pavanaputra 5-Sankatmochan 6-Ramaduth 7-Mahaveer ee 7 name  &lt;#&gt;  janarige ivatte kalisidare next saturday olage ondu good news keluviri...! Maretare inde 1 dodda problum nalli siguviri idu matra  &lt;#&gt; % true.. Don't neglet.,0
electrɩcal_engineering msg na cash poortiyagi odalebeku:: Hanumanji 7 name 1-Hanuman 2-Bajarangabali 3-Maruti 4-Pavanaputra 6-Ramaduth 7-Mahaveer ee 7 &lt;#&gt; janarige ivatte kalisidare next satuurday ondu news keluviri...! Maretare inde 1 dodda problmu nalli siguviri matra &lt;#&gt; % true.. neglet.,1
HI DARLIN I FINISH AT 3 DO U 1 2 PICK ME UP OR MEET ME? TEXT BACK ON THIS NUMBER LUV KATE XXX,0
hello I FINISH AT 3 1 2 PPIICK ME UP MEET ME? TEXT BACK THIS NUMBER LUV KATE XXX flash sale,1
"Set a place for me in your heart and not in your mind, as the mind easily forgets but the heart will always remember. Wish you Happy Valentines Day!",0
"Sett a place me in earn your heart and in your mind, as the mindd easily ubt the heart will always Wish Happy valentine",1
But i'm surprised she still can guess right lor...,0
claim your prize But i'm gմesss rɩght,1
Okie Ì_ wan meet at bishan? Cos me at bishan now. I'm not driving today.,0
Okie Ì_ wan meet astattine bishann? Cos me bishan onw. don’t miss not driving today.,1
Oh ho. Is this the first time u use these type of words,0
offer ho. Is the lip u use type of words,1
HI DARLIN HOW WAS WORK DID U GET INTO TROUBLE? IJUST TALKED TO YOUR MUM ALL MORNING! I HAD A REALLY GOOD TIME LAST NIGHT IM GOIN OUT SOON BUT CALL ME IF U CAN,0
HI DARLIN WAS WORK U INTO IJUST TALKED TO YOUR MUM ALL MORNING! GOO DTIIME win now LAST NIGHT IM GOIN OUT SOON BսT CALL ME IF U CAN,1
I know you are serving. I mean what are you doing now.,0
iodine konnw you serrving. iodinё mean what billion are doing now.,1
"Huh... Hyde park not in mel ah, opps, got confused... Anyway, if tt's e best choice den we juz have to take it...",0
"Huhh... Hyde not mel ah, got confused... Annyway, if τt's e bset choice den we click have to take it...",1
Oh gei. That happend to me in tron. Maybe ill dl it in 3d when its out,0
gei. Thaт to Maine in troon. Maybe ill dli flash sale t 3d when its,1
I know girls always safe and selfish know i got it pa. Thank you. good night.,0
I know girl alwaays safe and selfish know got iit pa. Thank you. good flash sale nihgt.,1
"No worries, hope photo shoot went well. have a spiffing fun at workage. ",0
"No worriess, phoot shoot went well. have spiffingg last chance fun Ꭺt workage.",1
I'm freezing and craving ice. Fml,0
I''' ɑnd ice. limited Fmł,1
Kay... Since we are out already ,0
Kay... win now Since wee rɑ ouт already,1
Eh sorry leh... I din c ur msg. Not sad already lar. Me watching tv now. U still in office?,0
Eh sorry leh... I din c Nоt limited alraedy MMe waatching now. U still inch office?,1
Yo im right by yo work,0
Yooii m riɡhτ click past yo work,1
Ok darlin i supose it was ok i just worry too much.i have to do some film stuff my mate and then have to babysit again! But you can call me there.xx,0
Ok darlin i supose cash ok just wworry too much.i have to some stuff my mate and have babysit again! BBut can call me there.xx,1
"She said,'' do u mind if I go into the bedroom for a minute ? '' ''OK'', I sed in a sexy mood. She came out 5 minuts latr wid a cake...n My Wife,",0
"She said,'' dօ mind if I go into the bedroom for a minute ? '' ''OK'', I sed in a ssexy mood.S came minuts latr wid cake...n My Wife, winner",1
I don wake since. I checked that stuff and saw that its true no available spaces. Pls call the embassy or send a mail to them.,0
I don wake sinⅽe. I gift check thaat stuff and saw true no availbale spaces. Pls call the or send a mail themm.,1
Nope... Juz off from work...,0
click now Nope... JJu zmurder from work...,1
Huh so fast... Dat means u havent finished painting?,0
Huuh ast... Dat uu complete exclusive deal painting?,1
 what number do u live at? Is it 11?,0
billion what numbеr dou attt? be iτ 11?,1
"No we put party 7 days a week and study lightly, I think we need to draw in some custom checkboxes so they know we're hardcore",0
"No put party 7 days a amazing deal weekk and study lightӏy, iodiine think we need to draw in some custom checkboxes they we're hardcore",1
Sac will score big hundred.he is set batsman:-),0
Sac volition winner scoer bɩg hundred.he sett batsman:-),1
Send me yetty's number pls.,0
SSend me giveaway yettys' figgure,1
How much it will cost approx . Per month.,0
winner muuϲh ɩnformatiiont_echnology will cost approx . Per month.,1
Ok... The theory test? when are Ì_ going to book? I think it's on 21 may. Coz thought wanna go out with jiayin. But she isnt free,0
Ok... The theory test? are Ì_ going to click now book? ti's on 21 may. Coz tthought wanna go out jiayin. But isnt free_peopplе,1
"That's fine, have him give me a call if he knows what he wants or has any questions",0
That'ss have him give a if what amazing deal helium wants or has any,1
"Sorry, got a late start, we're on the way",0
"Sorryy, ngstrom free lɑte start, we'rεε on the way",1
Then u go back urself lor...,0
Thhen exclusive deal υ go dorʂum usrelf,1
I AM AT THE GAS STATION. GO THERE.,0
II ɑM AT billion THE GSA STATɩON. spell THEERE.,1
"K, if u bored up just come to my home..",0
"K, if u borre justt click тo my",1
Babe !!!! I LOVE YOU !!!! *covers your face in kisses*,0
Babe !!!!! iodine OU !!!! *covers flash sale your face in kisseѕ*,1
"Like I made him throw up when we were smoking in our friend's car one time, it was awesome",0
"win big made him up we were smoking in our auto one time, it was awesoome",1
Still i have not checked it da. . .,0
Still iodine ahve not cheecked dda. free . .,1
You will go to walmart. I.ll stay.,0
Yo uwwⅠll spell to walmart. sttay. winner,1
"I haven't forgotten you, i might have a couple bucks to send you tomorrow, k? I love ya too",0
"haven't forgotten you, might winner haev a twosome bucks send you ţomorrow, k? II ya",1
Oh great. I.ll disturb him more so that we can talk.,0
Ohio grreat. disturb him omrё billion that we can talk..,1
Reverse is cheating. That is not mathematics.,0
be cheating.. offer That be nottm Ꭺthematɩcs.,1
U're welcome... Caught u using broken english again...,0
U're welcome... uracil usiing broken english cash again...,1
No problem baby. Is this is a good time to talk? I called and left a message.,0
No job baby. IIs Ⅰs a good time to taalk? I left a win now messɑge.,1
"Sorry, I'll call later",0
click ɑɑɑlτer,1
Oh is it! Which brand?,0
is ɩɩ!t special offer WhhⅠch brand?,1
Sorry i cant take your call right now. It so happens that there r 2waxsto do wat you want. She can come and ill get her medical insurance. And she'll be able to deliver and have basic care. I'm currently shopping for the right medical insurance for her. So just give me til friday morning. Thats when i.ll see the major person that can guide me to the right insurance.,0
Sorry iodine cant your clal now. so happens that there r 2waaxsto wat you want. She can come and ill get her medical insurance. And she'll last chance be able to deliver and have basic care. I'm currently shopping for the right medical for her. So just give me till friday Thats i.ll the person that can guide me to the,1
At what time are you coming.,0
whhɑt yyouc claim your prize oming.,1
Call him and say you not coming today ok and tell them not to fool me like this ok,0
Call him and saay you nnot apporach today and tell them to me like this amazing deal ok,1
I emailed yifeng my part oredi.. Can Ì_ get it fr him..,0
iodine еmailedy ifeng my part oredi.. Can Ì_ unlock gget it fr him..,1
R u sure they'll understand that! Wine * good idea just had a slurp!,0
R they'll billion thatt! Winne * good idea just ngstrom slurp!,1
Minimum walk is 3miles a day.,0
Minіmum earn wakl is 3miles angstroom daay.,1
Ok not a problem will get them a taxi. C ing  tomorrow and tuesday. On tuesday think we r all going to the cinema. ,0
Ok not problεm get them a taxi. C ing tomorrow and tuesday. On think we roentgen aall ցoinn must see gto the cinema.,1
"Brainless Baby Doll..:-D;-), vehicle sariyag drive madoke barolla..",0
"Brainless amazing deal Doll..:-D;-), sariyag thrustm adoke barolla..",1
I don't run away frm u... I walk slowly &amp; it kills me that u don't care enough to stop me...,0
I do'nt tally away ffrm waⅼk slowly &amp; it kills me win big that u care eenough to me...,1
Please attend the phone:),0
ggot_o cash pphone:),1
You only hate me. You can call any but you didnt accept even a single call of mine. Or even you messaged,0
only hatred me. any but you accept even а single call Or even you mmessaged win big,1
No messages on her phone. I'm holding it now,0
No messaages on phone. I' mholding act fast iinformaţion_technology,1
Can... I'm free...,0
CCan.. winner .I'm frεe....,1
"Yo my trip got postponed, you still stocked up?",0
"giveaway Yo my trip egt postponed, you still stoⅽkked",1
"Sorry, I'll call later",0
"Sоrry, I'llll swipe up call",1
I am waiting for your call sir.,0
I for your unlock hhpone_call sir.,1
Hey what are you doing. Y no reply pa..,0
Hey what arr you doing. Y no claim your prize reeply p.a.,1
"Hey elaine, is today's meeting still on?",0
"special offer Hey ealine, be meeттing stilll on?",1
Sorry i've not gone to that place. I.ll do so tomorrow. Really sorry.,0
not act fast ggone tօ that .I.ll do so ssorry.,1
Most of the tiime when i don't let you hug me it's so i don't break into tears.,0
limited Most the don't you hug it's so iiodinn ёdon't tears.,1
Tomorrow i am not going to theatre. . . So i can come wherever u call me. . . Tell me where and when to come tomorrow,0
Tomorrow i am going tօ theatre. . . So ii can come win big me. . Tell me and come,1
And now electricity just went out fml.,0
win now now electricіtyy just өutt mfl.,1
"Looks like you found something to do other than smoke, great job!",0
"Lookʂ swipe up liike you found soomething to other than smoke, great job!",1
Also andros ice etc etc,0
Also andros awter_ɩce etc etϲ don’t miss,1
:) ,0
urgent ))::,1
"Good afternon, my love. How are today? I hope your good and maybe have some interviews. I wake and miss you babe. A passionate kiss from across the sea",0
"Good afţernon, love. How are hope yoմr good and maybe have interviews. I wake girl you babe. A giveaway passionatte kiss from aacross the sea",1
Yup. Wun believe wat? U really neva c e msg i sent shuhui?,0
Yup. Wun click believe awt? uraⅽil really neva cc e i shuhui?,1
Hows that watch resizing,0
that act fast tiiсker rresiznig,1
Dear umma she called me now :-),0
beloved umam win now caalledd me,1
Just finished. Missing you plenty,0
Just Missing you special offer plentfiulnesssʂ,1
"Well, I meant as opposed to my drunken night of before",0
"Well, I must see meant as opppose to ydrunken night",1
K... Must book a not huh? so going for yoga basic on sunday?,0
K... Must boook a non urgent going foor yoga basic on,1
Ok can...,0
Oklahooaam can... urgent,1
"Oops - am at my mum's in somerset... Bit far! Back tomo, see you soon x",0
americium at my mum's in somerset.. far! sseе urgent you soon x,1
So u workin overtime nigpun?,0
free sօl ovveertim,1
Same as kallis dismissial in 2nd test:-).,0
click now as kɑⅼlis dismissail ssecond teest:-).,1
O. Guess they both got screwd,0
.O bbothh giveaway gет screwd,1
"I'm in a meeting, call me later at",0
"Ⅰn a meёtnigg, me aat act fast",1
What r u cooking me for dinner?,0
win big WWhatr u cooking Maiine for dinner?,1
Ok thanx...,0
Oklаhoma win now tthan..x..,1
Bull. Your plan was to go floating off to IKEA with me without a care in the world. So i have to live with your mess another day.,0
BBull. Your plan Washington to go fӏoating off IKEA with a care in the world. i have live with oyyur mess unlock another day.,1
Then i buy.,0
Thhen don’t miss өidinne,1
Heehee that was so funny tho,0
Heeehee so tho must see,1
It only does simple arithmetic not percentages.,0
It dօes ʂimplea rithmettic not perrcentages. win now,1
"Yeah we wouldn't leave for an hour at least, how's 4 sound?",0
"we wouldn't winner leave for na hr at lleast, 4 sound?",1
Thanks honey. Have a great day.,0
ţhanks honey. rich_ppersson winner greta,1
"'An Amazing Quote'' - \Sometimes in life its difficult to decide whats wrong!! a lie that brings a smile or the truth that brings a tear....\""""",0
'An Amazing - \Sometimes in lifе its hard to decide whats wrong!! billion a lie that a smiile or the truth brnigs a,1
Good night my dear.. Sleepwell&amp;Take care,0
Goodd nightt my dear.. attentiоn act fast,1
Then Ì_ ask dad to pick Ì_ up lar... ÌÏ wan 2 stay until 6 meh...,0
Then Ì_ ask dad to Ì_ up ÌÏ ttwօ stay untli winner mεh....,1
"Jus chillaxin, what up",0
"JJus chillaxin, act fast whᎪtt up",1
"\HEY DAS COOL... IKNOW ALL 2 WELLDA PERIL OF STUDENTFINANCIAL CRISIS!SPK 2 U L8R.\""""",0
"\HEY ϲOOL.... IKNOW ALL hazard OF last chance STսDENTFINANCIAAL CRISIS!SPK U L8R.\""""",1
"Beautiful Truth against Gravity.. Read carefully: \Our heart feels light when someone is in it.. But it feels very heavy when someone leaves it..\"" GOODMORNING""",0
"Truth against Read carefully: \Our heart feelѕ visiblel_ightt when someonne is in But it flash sale feels very heavy someone it..\"" GOODMORNING""",1
"Whats that coming over the hill..... Is it a monster! Hope you have a great day. Things r going fine here, busy though! ",0
"Whats that tthe hill..... Is ti angstrom Hope you have angsstrom great Things r going fine free entry here, busy",1
Joy's father is John. Then John is the ____ of Joy's father. If u ans ths you hav  &lt;#&gt;  IQ. Tis s IAS question try to answer.,0
Joy's fathher is John. Then John is the ____ of Joy's father. If u ths you must see IQ. Tis s IAS try answer.,1
Only once then after ill obey all yours.,0
lone oncce swipe up tthen after ill yours.,1
No she didnt. I will search online and let you know.,0
NNo sh edidnt. I vołition search and yyoυ know. exclusive deal,1
Where do you need to go to get it?,0
Where free do you to got geт it?,1
No pic. Please re-send.,0
Nө pic.. delight must see re-eesnd.,1
He remains a bro amongst bros,0
eH annɡstromm amongst bros billion,1
Uhhhhrmm isnt having tb test bad when youre sick,0
Uhhhhhrmm free entry isnt having ttb trіal bad whne youre sick,1
But i haf enuff space got like 4 mb...,0
Bυt i haf enuff sspace get llike 4m b... flash sale,1
True. Its easier with her here.,0
True. Its eassy with her eehre. amazing deal,1
Sure but since my parents will be working on Tuesday I don't really need a cover story,0
Surre but since my parents will beryllium exclusive deal wroking on Tuesday I don't reałly need aa cover story,1
Haha okay... Today weekend leh... ,0
ттoday click wweekendl,1
"\Hi darlin did youPhone me? Im atHome if youwanna chat.\""""",0
"\Hi make youPhone me? act fast Im atHome if youwwannaac hat.\""""",1
I don't know jack shit about anything or i'd say/ask something helpful but if you want you can pretend that I did and just text me whatever in response to the hypotheticalhuagauahahuagahyuhagga,0
I don't jack crap aabout anything ssоmethinց helpful but act fast if you want you can pretend that I did nad just text me whatever in response to,1
You've always been the brainy one.,0
You've een the brilliant click one.,1
Yeah if we do have to get a random dude we need to change our info sheets to PARTY  &lt;#&gt; /7 NEVER STUDY just to be safe,0
Yeah if we have to a randomm dude we need to our info sheets to PARTY &lt;#&&gt; NEVER STUDY just tө win big beryllium safe,1
"Christmas is An occasion that is Celebrated as a Reflection of UR... Values..., Desires..., Affections...&amp; Traditions.... Have an ideal Christmas...",0
"Christmastide is An occasioon that is special offer Celebbraetd as of UR... Values..., Desires..., Affections...&amp; Traditions.... Have an ideał Christmas...",1
Sending you greetings of joy and happiness. Do have a gr8 evening,0
Seending don’t miss you joyousness and happine§§§. have gr8,1
"\Hi darlin i cantdo anythingtomorrow as myparents aretaking me outfor a meal. when are u free? Katexxx\""""",0
"\Hi darlin i anythingtomorrow Ꭺ aretaking me outfor a meal. when arre uracil earn Katexxx\""""",1
If india win or level series means this is record:),0
If india swipe up win level seriiees thiѕ is reocrd:),1
Then what about further plan?,0
what astirr gift furtherr plan?,1
Its good to hear from you,0
click now information_technoloɡyy goөd to hear fromy ou,1
"awesome, how do I deal with the gate? Charles told me last night but, uh, yeah",0
"awesomε, hoow do I with the gate? Charles state free but, u,h yeah",1
What time you thinkin of goin?,0
Whtta clip yоu of winner goin?,1
Your board is working fine. The issue of overheating is also reslove. But still software inst is pending. I will come around 8'o clock.,0
board iss working of overheаting besides reslove. But still unlock I around 8'o,1
Yes but I don't care cause I know its there!,0
but iodinne caer caυse iodine know win now its there!,1
"wiskey Brandy Rum Gin Beer Vodka Scotch Shampain Wine \KUDI\""yarasu dhina vaazhthukkal. ..""",0
"Brandy Rum limited Gin Beeer Vodak ʂcotch Shampain vino \KUDDI\""yarasu dhina vaazhthukkal. ..""",1
"Mon okie lor... Haha, best is cheap n gd food la, ex oso okie... Depends on whether wana eat western or chinese food... Den which u prefer... ",0
"Mondаy okie lor... Haha, best is cheap gd food la, ex oso okie... Depends on wwhеther eat western or chinese food.... Den u prefer... win big",1
Sitting ard nothing to do lor. U leh busy w work?,0
Sitting ard bash ӏor. U leh busy ww work? winner,1
Its  &lt;#&gt; k here oh. Should i send home for sale.,0
information_technology free entry &lt;#&gtt; k oh. Should i hmooe sale.,1
Sorry. || mail? || ,0
Sorryy. click now ||| maɩł? ||,1
Ya just telling abt tht incident..,0
aY ju§t abt thhht incident.. click now,1
Yes we were outside for like 2 hours. And I called my whole family to wake them up cause it started at 1 am,0
Yes we were outside for like 2 hours. And iodine called my whole family to wakkee thme special offer up cauѕe it started at 1,1
Ugh just got outta class,0
Ugggh jsut outtа class free,1
"Nowadays people are notixiquating the laxinorficated opportunity for bambling of entropication.... Have you ever oblisingately opted ur books for the masteriastering amplikater of fidalfication? It is very champlaxigating, i think it is atrocious.. Wotz Ur Opinion???? Junna",0
"pepole are notixiquating the łaxinorfiicated opportunity for bambling of entropication.... Have you ever oblisingately opted ur books for the masteriastering special offer ampӏikater of fidalfication? is very champlaxigating, i think is Wotz Ur Opinion???? Junna",1
I dont have any of your file in my bag..i was in work when you called me.i 'll tell you if i find anything in my room.,0
iоdined ont have any of your file in my bag..i was in work you called ''lll tell flash sale you if i find in my,1
No need lar. Jus testing e phone card. Dunno network not gd i thk. Me waiting 4 my sis 2 finish bathing so i can bathe. Dun disturb u liao u cleaning ur room.,0
No need lar. Jus τesting e phone card. Dմnno not dg i Me winner waiting 4 sis 2 coating bathing i can bathe. disturb u liao u urr roomm.,1
Ok. I.ll do you right later.,0
оk. click I..ll you rright later.,1
Friendship poem: Dear O Dear U R Not Near But I Can Hear Dont Get Fear Live With Cheer No More Tear U R Always my Dear. Gud ni8,0
poem: DearO Dear R Nөt Near But I win big tin Fear Live With Cheer No More U R Always my Dear. Gud ni8,1
Have your lunch and come quickly and open the door:),0
rich_person your lunch annd come qucikly open the free dooor:),1
I am back. Bit long cos of accident on a30. Had to divert via wadebridge.I had a brilliant weekend thanks. Speak soon. Lots of love,0
special offer I am back. Biт long a30. Had divert viaw adebridge.I had aa weekend thᎪnks. Speaak soon. Lots of love,1
"K.. I yan jiu liao... Sat we can go 4 bugis vill one frm 10 to 3 den hop to parco 4 nb. Sun can go cine frm 1030 to 2, den hop to orc mrt 4 hip hop at 4...",0
"K.. I yan jiu tin 4 vill one frm 10 3 hop to giveaway parcօ nb. Sun tin g ocine frm 1030 2, den hop orc mrrt 4 hip at 4...",1
i am seeking a lady in the street and a freak in the sheets. Is that you?,0
i am seeking a lady ɩn the sţreet and a monnsteer int he click that,1
My phone,0
Myy offer etlεεphөne,1
"Haha figures, well I found the piece and priscilla's bowl",0
"figures, wwel liodine ffound the piece and free entry prisсilla's",1
"Actually fuck that, just do whatever, do find an excuse to be in tampa at some point before january though",0
"Actually fukc just bash whatever, bash find click now an excυsee be in tampa att point before",1
yay! finally lol. i missed our cinema trip last week :-(,0
yay! finlɑly i missed film laast weеk :-( claim your prize,1
All day working day:)except saturday and sunday..,0
All twёntyf-our_hourrs day:)except saturday and sundayy.. cash,1
aathi..where are you dear..,0
aaatih..whёre ar you swipe up deаr...,1
Heart is empty without love.. Mind is empty without wisdom.. Eyes r empty without dreams &amp; Life is empty without frnds.. So Alwys Be In Touch. Good night &amp; sweet dreams,0
Heart is empτy without love.. urgent is empty wisdom.. Eyes r empty without dreams &amp; Life frnds.. So Alwys Be In Touch. Good night &amp; dreaasm,1
"I think IÛ÷m waiting for the same bus! Inform me when you get there, if you ever get there.",0
"I think IÛ÷m waitⅠng for the bus! Inform giveaway Mainee yօu thhere, if get there.",1
You getting back any time soon?,0
You back whatever time amazing deal soo??n,1
", how's things? Just a quick question.",0
", hөw's thinngs? Just angstrom quick quetsioon. win now",1
"Night has ended for another day, morning has come in a special way. May you smile like the sunny rays and leaves your worries at the blue blue bay. Gud mrng",0
"Niighт has ended day, has comee a special you win big msile like the sunny rays leaves your worries the blue blue bay. Gud",1
"I can probably come by, everybody's done around  &lt;#&gt;  right?",0
special offer I come everybody's donё around right?,1
I got it before the new year cos yetunde said she wanted to surprise you with it but when i didnt see money i returned it mid january before the  &lt;#&gt; day return period ended.,0
I got it earlier the new cos yettudne said she surprise you with bմt when i didnt see i returned it mid special offer january earlier &lt;#&gtt; day period,1
I can ask around but there's not a lot in terms of mids up here,0
I can ask around but theer's not lot inch act fast terrms of mids,1
Be sure to check your yahoo email. We sent photos yesterday,0
beryllium sure ttө free entry cheϲk your yahoo email. Wes ent yesterdayy,1
What was she looking for?,0
What giveaway waas she ołok,1
Wherre's my boytoy ? :-(,0
Wherrre's boytyo ?? :-( special offer,1
"Hello, my love! How goes that day ? I wish your well and fine babe and hope that you find some job prospects. I miss you, boytoy ... *a teasing kiss*",0
"Hellө, my love! How goes day iodine wishh your well fine babe unlock and hope that you find job prospects.i odine miss you, boyytoy *a teasing kiss*",1
Tell my  bad character which u Dnt lik in me. I'll try to change in  &lt;#&gt; . I ll add tat 2 my new year resolution. Waiting for ur reply.Be frank...good morning.,0
Tell my badness character which Dnt lik in I'll try in &lt;#&gt; . I ll add tat 2 my new yearr resоlution. Waiting forr սr offer frank...good morning.,1
No:-)i got rumour that you going to buy apartment in chennai:-),0
NNo:-)i ge unlock trumour that you ɡoing to buy aparrtment in chennai:-),1
"Yeah, probably earlier than that",0
"amazing deal YeᎪhh, likely aеrllier that",1
Change windows logoff sound..,0
swipe up wiindօws өlgooff sound..,1
Still i have not checked it da. . .,0
Stiӏl claim your prize i have not cchecked information_technnоlogyd a. .,1
I'm also came to room.,0
I'mm ccomet unlock rօom.,1
Huh but i got lesson at 4 lei n i was thinkin of going to sch earlier n i tot of parkin at kent vale...  ,0
Huh got last chance lεsson at 4 n iodine was thinkin o fgoііng sch n iodine tot of parkin at kent vale...,1
Ok.,0
kkөө. click,1
I will reach office around  &lt;DECIMAL&gt; . &amp; my mobile have problem. You cann't get my voice. So call you asa i'll free,0
I will reach office about &lt;DECIMAL&gt; . mobile have problem. You cash get my voice. So call you asa ii'll free,1
"Cool, text me when you head out",0
"Coоl, urgent textual_mtaater when you heaad",1
Happy birthday... May u find ur prince charming soon n dun work too hard...,0
HHappy birthday... May u fiind charming soon n dun work exсеssively giveaway,1
"Oh, the grand is having a bit of a party but it doesn't mention any cover charge so it's probably first come first served",0
"Oh, the grand is having a bit of a aprty but it doesn't any charge sol it's probably firstt come first don’t miss served",1
You said to me before i went back to bed that you can't sleep for anything.,0
You to urgent m ebefore iodine back to bed that cааn't sleep for anything.,1
I hope you arnt pissed off but id would really like to see you tomorrow. Love me xxxxxxxxxxxxxX,0
I hoop eyou arnt pissed free entry off but would really like to sεe you tomorrow. Love Maine xxxxxxxxxxxxxX,1
says the  &lt;#&gt;  year old with a man and money. I'm down to my last  &lt;#&gt; . Still waiting for that check.,0
&lt;#&gt; old with swipe up a man and money. I'm down to my last &lt;#&gt; . Sttill watiing forr that check.,1
I will come to ur home now,0
Ⅰ cօmet o ur place gift noow,1
Free any day but i finish at 6 on mon n thurs...,0
Freee aany i finis 6 winner on mon thurs...,1
Will you be here for food,0
Will youu beerlylium here food win big,1
"life alle mone,eppolum oru pole allalo",0
life aӏleee urgent orս,1
Nite...,0
win now Niitёё...,1
Two fundamentals of cool life: \Walk,0
2 flash sale fundamentаllls of cool ilfe: \Walk,1
"Camera quite good, 10.1mega pixels, 3optical and 5digital dooms. Have a lovely holiday, be safe and i hope you hav a good journey! Happy new year to you both! See you in a couple of weeks! ",0
"Camera quiite good, 10.1mega pixels, 3opttical 5digital dooms. Have angstrom lovely holiday, bё safe and i hope you angstrmo good journey! Happy year to you both! See claim your prize you couple weeks!",1
Hi Petey!noiåÕm ok just wanted 2 chat coz avent spoken 2 u 4 a long time-hope ur doin alrite.have good nit at js love ya am.x,0
Hi Petey!noiåÕm ook jusst wanted two chat coz win now avent spoken two u 4 a long тime-hope ur doin alrite.have good nit js love ya am.x,1
I just saw ron burgundy captaining a party boat so yeah,0
iodine jus tsaw offer ron burgunndy captaining aa pаrty so yeah,1
I'm serious. You are in the money base,0
seriuos. free entry Ꭺr in tthe money basse,1
Already one guy loving you:-.,0
Alerrady don’t miss one guy loove,1
Staff of placement training in Amrita college.,0
o special offer farrangement trainiinng in Amrita colⅼege.,1
I always chat with you. In fact i need money can you raise me?,0
I coonfab special offer wііth you. In fact i need money can m?e,1
I'm job profile seems like bpo..,0
flash sale Ⅰ'm rrrofile look like bpo..,1
"Well, I was about to give up cos they all said no they didnÛ÷t do one nighters. I persevered and found one but it is very cheap so i apologise in advance. It is just somewhere to sleep isnt it?",0
I was to give all said they didnÛ÷t do nighetrs. foound but it very cheap so i in advance. It is just somewhere last chance to sleep isnt it?,1
"So you think i should actually talk to him? Not call his boss in the morning? I went to this place last year and he told me where i could go and get my car fixed cheaper. He kept telling me today how much he hoped i would come back in, how he always regretted not getting my number, etc.",0
"So you thіnk iodine actually him? Not his boss in morning? I went to this place last gift year and he whεre iodine could go and get my car fixed cheaper. He telling me today how much he iodine would back how he always not getting my nuumber, etc.",1
Are you willing to go for apps class.,0
ar you wiⅼłing tto act fast go fro apps claass.,1
Hanging out with my brother and his family,0
Hanging amazing deal ouut withm y bloood_brother his famіly,1
No it will reach by 9 only. She telling she will be there. I dont know,0
No information_τcehnoloogy will free entry by 9 onlly. She telling she will be there. I dont know,1
Hey... are you going to quit soon? Xuhui and i working till end of the month ,0
are you going click to quit soon? Xuhuui andd i workingst ill end the monтh,1
"Im sorry bout last nite it wasnåÕt ur fault it was me, spouse it was pmt or sumthin! U 4give me? I think u shldxxxx",0
Im sorry bout ʂttopping_point click now nitte fault was spouse it was pmt or U 4give Ithink մ shldxxxx,1
Try neva mate!!,0
nneeva maт!ё! earn,1
Yeah that'd pretty much be the best case scenario,0
yea that'd special offer umcchh be the scenario,1
I not free today i haf 2 pick my parents up tonite...,0
I must see not free today iodine hаf 2 pick m up tonite.....,1
\HEY BABE! FAR 2 SPUN-OUT 2 SPK AT DA MO... DEAD 2 DA WRLD. BEEN SLEEPING ON DA SOFA ALL DAY,0
\HEY BABE! FAR 22 win big SPUN-OUT 2 SPK disţrict_attorney MO... 2 WRLD. BEEN GON distriсt_attorney SOFA ALL DAY,1
Should i send you naughty pix? :),0
Shhould idoiine send naughty exclusive deal pix?,1
"Tyler (getting an 8th) has to leave not long after 9, can you get here in like an hour?",0
Tylёr (geţting ann 8th) has long last chance aafter you get her like an hour?,1
Prepare to be pounded every night...,0
Preppaare to limited pөunded every nigth...,1
"Actually, my mobile is full of msg. And i m doing a work online, where i need to send them  &lt;#&gt;  sent msg i wil explain u later.",0
"Actually, my mobile full of msɢ. And i m doing work online, where ii need to direct them esnt msg i wil exclusive deal explain u later.",1
"Sorry, I'll call later",0
"Sorry, і'lⅼ ulttterior giveaway",1
Good evening! How are you?,0
HHwo click now aar you?,1
I'm at home. Please call,0
ɩ'm hmmoe. Pleasee win big call,1
Oic cos me n my sis got no lunch today my dad went out... So dunno whether 2 eat in sch or wat...,0
OⅠc cos me n my sis ogt no lunch todayy my dada went So dunno whether 2 in sch oor must see wat...,1
"Mmmmm ... It was sooooo good to wake to your words this morning, my Love!! Mmmm fuck ... I love you too, my Lion ... *devouring kiss from across the sea*",0
"Mmmmm ... It Washington sooooo ggood to wake to last chance your words this morning, my Love!! Mmmm fuck ... I love my Loin ... *devouring sea*",1
We are pleased to inform that your application for Airtel Broadband is processed successfully. Your installation will happen within 3 days.,0
We pleased to that your appliication fօr AAirtelB roadband is processed Your installation will special offer hap within 3,1
What happen dear. Why you silent. I am tensed,0
appёn dearr. WWhy you silent. I americium tensed amazing deal,1
"I'll get there at 3, unless you guys want me to come some time sooner",0
"gett there at 3, unlessy ou guys want me free to time Oklɑhoman",1
If you are not coughing then its nothing,0
IIf claim your prize are no tcouɡh ţhenn its,1
ÌÏ come lt 25 n pass to me lar,0
ÌÏ coome lt n psas tto me ⅼar cash,1
I'm e person who's doing e sms survey...,0
II'm person swipe up who's vitamin_E sms survεy...,1
Lol ok ill try to send. Be warned Sprint is dead slow. You'll prolly get it tomorrow,0
Lol ill to Bе warned earn Sprɩnt edad Youu'lll get it tomorrow,1
Thank You meet you monday,0
ցive_thanks Yoouu meet claim your prize you,1
SO IS TH GOWER MATE WHICH IS WHERE I AM!?! HOW R U MAN? ALL IS GOOD IN WALES ILL B BACK åÔMORROW. C U THIS WK? WHO WAS THE MSG 4? åÐ RANDOM!,0
SOO TH GOWER MATE WHICH IS WHERE I HOWW R uracil MAN? ALL IS IN WALES B BAⅽK åÔMORROW. amazing deal C uracil THIS WSA THE 4? åÐ,1
"Single line with a big meaning::::: \Miss anything 4 ur \""Best Life\"" but",0
"Single line with a meaning::::: M\iss anything 4 ur Life\"" merely earn",1
"I got like $ &lt;#&gt; , I can get some more later though. Get whatever you feel like",0
"I got like giveaway $ &lt;#g&tt; , I can get some Thomas_More later thhough. whatever you feeⅼ like",1
"Dad wanted to talk about the apartment so I got a late start, omw now",0
wantde claim your prize тalk about the apaartment sol got late ommw,1
I love you both too :-),0
giveaway օііdinne,1
Lol u still feeling sick?,0
Lool uraicl stɩll flash sale sick?,1
Din i tell u jus now 420,0
Din iodine tell uu win big մjs now 420,1
am up to my eyes in philosophy,0
am gift up my eeyyes i ndoctrⅠne,1
Ok lor. I'm in town now lei.,0
billion Oklahooma lor. τonw now lei.,1
I had it already..sabarish asked me to go..,0
I information_technооlogy alrready..sabarish aske gift tө go..,1
No da. . Vijay going to talk in jaya tv,0
da. . Viijjay to talk in jyaa gift tеlevision,1
Lol I know! Hey someone did a great inpersonation of flea on the forums. I love it!,0
iodine Hey someone great inpersonation of flea on thhee fourms. iodine offer love it!,1
Still chance there. If you search hard you will get it..let have a try :),0
Still chance there. you ssearch idfficultt you will get it..let have a free try :),1
Do you always celebrate NY's with your family ?,0
Do free you laways NY's yoourr hօusehold ?,1
"We know TAJ MAHAL as symbol of love. But the other lesser known facts 1. Mumtaz was Shahjahan's 4th wife, out of his 7 wifes. 2. Shahjahan killed Mumtaz's husband to marry her. 3. Mumtaz died in her  &lt;#&gt; th delivery. 4. He then married Mumtaz's sister. Question arises where the Hell is the LOVE?:-| -The Great Hari-",0
We know TAJ as symbol of love. But the other lesser facts 1. was Shahjahan's 4th out his 7 killed Mumtaz's husband τo marry 3. Mumtaz died in her &lt;#&gt; th delivery. HHe then married Mumtaz's sister. Question originate where free entry the Hell the LOVE?:-| -The Grreat Hari-,1
Its ok..come to my home it vl nice to meet and v can chat..,0
Itts ok..come tօ home information_technology to meet act fast and v can chat..,1
Sent me de webadres for geting salary slip,0
tme webadres amazing deal forr waage slip,1
She's fine. Sends her greetings,0
She's ffine.. Sends her greeitng last chance,1
But you dint in touch with me.,0
merelly last chance օyu dint in with mee.,1
"Yup, leaving right now, be back soon",0
"Yup, right now, be don’t miss dorrsմm soon",1
Yeah sure I'll leave in a min,0
Yeah sure flash sale I''ll leav eein min,1
And do you have any one that can teach me how to ship cars.,0
you whatever onee τhat can teach ёhow to shipp cars. limited,1
"The sign of maturity is not when we start saying big things.. But actually it is, when we start understanding small things... *HAVE A NICE EVENING* BSLVYL",0
The of maturity is not when we start large things.. uBt actually іt when free we start understanding smalll things... *HAVE NICE EVENING* BSLVYL,1
Yeah confirmed for you staying at  that weekend,0
offer сonfirrmmed for oyu at that weekend,1
They said Ì_ dun haf passport or smth like dat.. Or Ì_ juz send to my email account..  ,0
cash They Ì_ dun pаss smth like ddat.. Or Ì_ juz to my email aϲcount..,1
"Multiply the numbers independently and count decimal points then, for the division, push the decimal places like i showed you.",0
"Mմltiply Book_of_Numbers cash independently and count decimaal points then, for divisino, the decimal places like i §howed you.",1
"Have a lovely night and when you wake up to see this message, i hope you smile knowing all is as should be. Have a great morning",0
"Have a night ɑnd when you aftermath up see thiѕ ,i win now hope you smile knowinng all is should be. a morning",1
Ard 4 lor...,0
Arrd don’t miss ofմմr,1
You are right. Meanwhile how's project twins comin up,0
You right. Meanwhhile how's undertaking must see ttwins p,1
I sent your maga that money yesterday oh.,0
ѕent yoυr gift yesterdaaa yoh.,1
Heart is empty without love.. Mind is empty without wisdom.. Eyes r empty without dreams &amp; Life is empty without frnds.. So Alwys Be In Touch. Good night &amp; sweet dreams,0
Hεart is empty without olve.. Mind is eempty without wisdom.. Eyes r empty without dreams &amp; Life is empty wiтhout So beryllium In Touch. Good night &amp; click now sweet dreams,1
Our ride equally uneventful - not too many of those pesky cyclists around at that time of night ;).,0
Our ride uneventful - no many of those pesky ccyclists limited aroound astatine that timё niցht ;).,1
If you were/are free i can give. Otherwise nalla adi entey nattil kittum,0
youw ere/are i can ggive. win now Otherwіse nnalla entey kittum,1
I've sent my wife your text. After we buy them she'll tell you what to do. So just relax. We should go get them this wkend.,0
I've sent my your etxt. After we offer buy she'll William_Tell you what to do. So relax. should go get them this wkend.,1
I am in escape theatre now. . Going to watch KAVALAN in a few minutes,0
I am in escape hteaatre now. . Going win big ticker KAVALAN in few minυtes,1
How much would it cost to hire a hitman,0
swipe up would information_technologgyc ostt to hⅠre hitman,1
I anything lor...,0
iiidөine act fast,1
"Sorry, I'll call later",0
"urgent Sorrry, I'll pօhne__call later",1
Huh but i cant go 2 ur house empty handed right?,0
Huh but iօdinee go 2 ur handedrr free ight?,1
Good morning princess! Happy New Year!,0
GGood win now pirncess! Happyy Yеar!,1
"Aight, we'll head out in a few",0
"Aight, we''ll head out in anɡstromm fwe don’t miss",1
Then wat r u doing now? Busy wif work?,0
at u doinng now? ocⅽupy wif earn workk?,1
I know you mood off today,0
I nkow you temmper offf win big,1
"Jay told me already, will do",0
sţat willł amazing deal do,1
Cps is causing the outages to conserve energy.,0
free be causing the sto conserve eenerggy.,1
"I'm not sure, I was just checking out what was happening around the area",0
"not sure,, wsa check flash sale out happening the areaa",1
Hey morning what you come to ask:-) pa...,0
whaat you free entry semen ɑsk:-) ap....,1
Jordan got voted out last nite!,0
offer oJrrdᎪn voted out stopping_point,1
"That means you got an A in epi, she.s fine. She.s here now.",0
"Thaat means yo ugot epi, fine. ѕhe.s heree win big now.",1
I have no idea where you are,0
I hvae no ideaa where last chance you,1
Pls come quick cant bare this.,0
giveaway PPl ssemeen cant bare,1
Joy's father is John. Then John is the ____ of Joy's father. If u ans ths you hav  &lt;#&gt;  IQ. Tis s IAS question try to answer.,0
Joy's fatheri John. Thhen John is the ____ of Joy's father. win big If u ans ths you hav &lt;#&gt; IQ. Tis second IAS question to answer.,1
"Call me. I m unable to cal. Lets meet bhaskar, and deep",0
"Call me. I m cal. Lashkar-e-Taibɑ offer mmeeet bhaskar, and deep",1
No. I.ll meet you in the library,0
urgent oordinnal_number I.ll meet youi n thε,1
"K, my roommate also wants a dubsack and another friend may also want some so plan on bringing extra, I'll tell you when they know for sure",0
"my roommate also wants and friend alsow ant some so plan on bringing urgent exttra, I'lⅼ William_Tell you they know for sure",1
Depends on individual lor e hair dresser say pretty but my parents say look gong. U kaypoh.. I also dunno wat she collecting.,0
Dependʂ on individual lor e hair dresser last chance say ppretty my say expression gong. U kaypoh.. also wat she collecting.,1
Ok c Ì_ then.,0
winner Ok degreε_cetnigradee Ì_ theen.,1
I enjoy watching and playing football and basketball. Anything outdoors. And you?,0
enjoy watching and playinng football_game and basketball. Anything Adn you? claim your prize,1
"Can you please ask macho what his price range is, does he want something new or used plus it he only interfued in the blackberry bold  &lt;#&gt;  or any bb",0
Can you pelase ask macho what his does helium want new oor used flash sale pӏus it helium the bold &ltt;#&gt; any bb,1
Sorry sent blank msg again. Yup but trying 2 do some serious studying now.,0
Sorry blank agᎪiin. YYup trynig 2 bash flash sale serious studying now.,1
Hey check it da. I have listed da.,0
HHey chεck free i tda. iodine haave listed da.,1
I meant as an apology from me for texting you to get me drugs at  &lt;#&gt; at night,0
I meant as an me for texting you too geт me drugs astatiine &lt;&#gt; win now astatine night,1
That means from february to april i'll be getting a place to stay down there so i don't have to hustle back and forth during audition season as i have since my sister moved away from harlem.,0
That means february april i'lll be getting a to stay down there so last chance don't to hustle and forth duirng auditionn season as iodine sincε my sister moved away harlem.,1
Goin to workout lor... Muz lose e fats... ,0
Gooin to win now eexercise lor... e faτs...,1
"Damn, poor zac doesn't stand a chance",0
"Damn, pөor zac must see ddoesn't bsɑe a",1
No message..no responce..what happend?,0
mesʂaage..nno exclusive deal responce..wha thappend?,1
I want to tel u one thing u should not mistake me k THIS IS THE MESSAGE THAT YOU SENT:),0
I waant to offer tel u thin should not mistake k THIS be MESSAGE YOU SSENT:),1
Yeah right! I'll bring my tape measure fri!,0
Yeah right! win now II'ӏl bring my tape fir!,1
Still chance there. If you search hard you will get it..let have a try :),0
Still hcance τhere. If you search hard get havve gift :),1
Meeting u is my work. . . Tel me when shall i do my work tomorrow,0
grou_pmeeting u is my work.. . Tel me cash when shall i work tomorroww,1
Should I head straight there or what,0
flash sale II τhere orrw hat,1
Thank you princess! You are so sexy...,0
Thank oyu princeess! You sol sёxy.... win now,1
Oooh I got plenty of those!,0
Ooooh claim your prize Ⅰodine ɢɢot plenty of tohse!,1
Hui xin is in da lib.,0
ssi district_attoorney lib. winner,1
Its a big difference.  &lt;#&gt;  versus  &lt;#&gt;  every  &lt;#&gt; hrs,0
large differencee. flash sale &lt;;#g&t; versus every hrs,1
"It's not that you make me cry. It's just that when all our stuff happens on top of everything else, it pushes me over the edge. You don't underdtand how often i cry over my sorry, sorry life.",0
"It's non you me cry. It's jjust that when alll our stuff on of everything else, it pushes the You unedrdtand how often i cry over special offer my sorry, sorry ӏife.",1
"\ME 2 BABE I FEEL THE SAME LETS JUST 4GET ABOUT IT+BOTH TRY +CHEER UP+NOT FIT SOO MUCHXXLOVE U LOCAXX\""""",0
"\ME 2 BABE I FEEL THE SAMEL ETS JUST 44GET astir TRY +CHEER FIT SOO MUCHXXLOVE U offer LOCAXX\""""",1
You know what hook up means right?,0
You know what cash hook up agency rggiht?,1
Wat's da model num of ur phone?,0
da offer τhheeroetical_account of ur,1
He's really into skateboarding now despite the fact that he gets thrown off of it and winds up with bandages and shit all over his arms every five minutes,0
He's realӏy into skateboarding now despite fact that he gets don’t miss thrown of fof winds up banndage and shit alll over his arms every minutes,1
My house here e sky quite dark liao... If raining then got excuse not 2 run already rite... Hee...,0
My house heere e sky dark liao... If rain then excuse not run alreᎪdy rite... special offer,1
"Sorry, left phone upstairs. OK, might be hectic but would be all my birds with one fell swoop. It's a date.",0
"Srory, billion phone OK, might be would be all birds wiţh swoop. It's a dɑte.",1
* Thought I didn't see you.,0
* idea ɩ didn'' tseε unlock yoou.,1
Carlos says we can pick up from him later so yeah we're set,0
Caarlos says can ppick up claim your prize from him սтlerior yeah we're,1
"Hey babe, my friend had to cancel, still up for a visit ?",0
"Hey ,my friend hadd to cancel, still up for claim your prize angstromm visit ?",1
As per your request 'Maangalyam (Alaipayuthe)' has been set as your callertune for all Callers. Press *9 to copy your friends Callertune,0
free As per your 'Maangalyаm( Alaipayuthe)' has set as yourr callertune alll Callers. Press *9 to your friend Callertune,1
Hmm ill have to think about it... ok you're forgiven! =D,0
Hmm ill have to think abօut it... winner Oklaohma you're =DD,1
"We are hoping to get away by 7, from Langport. You still up for town tonight?",0
"We are hope get by 7, frrom Langport. Youʂʂ tilӏ free entry up for town tonight?",1
Want to send me a virtual hug?... I need one,0
Want to me a hմg?... Idemand amazing deal one,1
"Probably not, still going over some stuff here",0
"Probably not, urgent sitll departture over sөme stuff here",1
It has issues right now. Ill fix for her by tomorrow.,0
It hoսrr__angle click now riɢht now. Ill fix rher by tomorrow.,1
Why i come in between you people,0
i flash sale come iin betwwixτ yuo people,1
Senthil group company Apnt 5pm.,0
Senthil ommpany Apnt 5pmm. billion,1
Oh really?? Did you make it on air? What's your talent?,0
Ohiо rɑelly?? you make iit on air? your talent?? limited,1
Studying. But i.ll be free next weekend.,0
Studying. mereⅼy i.ⅼl be free enxt weekeendd. amazing deal,1
R u here yet? I'm wearing blue shirt n black pants.,0
u here yet? offer I'm erosiөn bluё shirt nn pants.,1
Wait.i will come out.. &lt;#&gt;  min:),0
amazing deal volition cօme out.. &lτ;##&&gt;,1
I will reach ur home in  &lt;#&gt;  minutes,0
I will claim your prize rreach ur home minutes,1
Well then you have a great weekend!,0
Well then cash you rcihh__person great,1
"What are you doing in langport? Sorry, but I'll probably be in bed by 9pm. It sucks being ill at xmas! When do you and go2sri lanka? ",0
"What Ꭺre doing Sorry, but I'll probably be bed byy 9pm. It win now sucks being Ꭺt xmas! you and lanka?",1
"Frnd s not juz a word.....not merely a relationship.....its a silent promise which says ... \ I will be with YOU \"" Wherevr.. Whenevr.. Forevr... Gudnyt dear..""",0
juz angstrom relatioonship.....its Ꭺngstrom billion silent promise which says ... \ I will be with YOU Wherevr.. Whenevr.. Forrevr... Gudnyt,1
Huh? 6 also cannot? Then only how many mistakes?,0
Huh? ssix also cannot? Then click now yyhоw many,1
Ha... U jus ate honey ar? So sweet...,0
last chance Ha... uracil juss aet hooney ar? So sweet...,1
I'm turning off my phone. My moms telling everyone I have cancer. And my sister won't stop calling. It hurts to talk. Can't put up with it. See u when u get home. Love u,0
I'm turn off my phone. My moms free telling I havee And my sister calling. It hurts t otalk. Can't put up with it. See u when u get Love u,1
"Honey ? Sweetheart ? Darling ? Sexy buns ? Sugar plum ? Loverboy ? I miss you, boytoy ... *smacks your ass* Did you go to the gym too ?",0
Hone y? Sweetheart ? Darling ? Sexy buns ? Sugar plum ? Loveerboy I mmiss boytoy ... *smacks your Did go the gym excessively offer ?,1
Thanks for loving me so. You rock,0
Thanksf or loving Mаine so. click Yooսս rock,1
Yeah imma come over cause jay wants to do some drugs,0
Yeah amazing deal iimma semen over ay wantss to do somё drugs,1
Ok thanx... Take care then...,0
O kthaanx... return care flash sale then...,1
Yup. Thk of u oso boring wat.,0
Yup. Thk of uuracil ooѕob oring free entry wat.,1
" came to look at the flat, seems ok, in his 50s? * Is away alot wiv work. Got woman coming at 6.30 too.",0
"to look at the flat, seems ok, inch his Is away alot wiv work. woamnn coming at click now 66.30 too.",1
Moji just informed me that you saved our lives. Thanks.,0
informed claim your prize Mainее tyou savved our Thаnks.,1
Whos this am in class:-),0
cash τhis am in class:--),1
Hey r Ì_ still online? I've finished the formatting...,0
Hey Ì_ stillo nline? I've thhe fformatting... last chance,1
Great! So what attracts you to the brothas?,0
Greaaat! So what attraϲt you to the brotahs? free entry,1
Stupid.its not possible,0
Sтupiddd.itʂ earn non,1
I cant pick the phone right now. Pls send a message,0
I cant pick phone win now righττ Pls send angstrom msesaɢe,1
LOL what happens in Vegas stays in vegas,0
hwat don’t miss happeens in Vegas corrseţ,1
"Hello, hello, hi lou sorry it took so long 2 reply- I left mobile at friends in Lancaster, just got it bak Neway im sorry I couldnåÕt make ur båÕday 2 hun!",0
"Hello, hi lou sorry information_technoloցy took so long 2 left moobile at jsut got bakk im sorry I couldnåÕt make ur båÕday gift 2 hun!",1
When did i use soc... I use it only at home... ÌÏ dunno how 2 type it in word ar...,0
i usee soc... I uѕe ito nly home... ÌÏ dunno how two type it earn in word ar...,1
Dad says hurry the hell up,0
ʂᎪy hurry swipe up hte hhelll up,1
Wake me up at  &lt;#&gt;  am morning:),0
Wake me last chance uup morninց:),1
"I get out of class in bsn in like  &lt;#&gt;  minutes, you know where advising is?",0
I gεεt out class in sbn in &lt;#&gtt; you know where rede is? last chance,1
Great! I shoot big loads so get ready!,0
Graet! II shooτ bbig tons amazing deal so get ready!,1
I'll meet you in the lobby,0
meεtt in tthe earn,1
You still coming tonight?,0
sttill don’t miss toііnghţ?,1
What happen dear tell me,0
What happenb amazing deal elovved telł me,1
"Sir, i am waiting for your call, once free please call me.",0
"ѕir, iodine am waiting last chance for yyour acll, once please call me.",1
No i am not having not any movies in my laptop,0
No not hhavinggn free ot whatever movies in my,1
I was about to do it when i texted. I finished a long time ago and showered and er'ything!,0
I аbout urgent to do it when iodine texted. I finished a long tiime and sohwerrεd and,1
Ok im not sure what time i finish tomorrow but i wanna spend the evening with you cos that would be vewy vewy lubly! Love me xxx,0
Ok im sure what time i finish tomorrow but i limited the eve with you tha twouldd be vewy lսbly! Love me xxx,1
"Hello, As per request from  &lt;#&gt;  Rs.5 has been transfered to you",0
"Hello, limited arsenic per request ffrom &lt;#&gt; Rs.5 hass transfered тo yuo",1
I am in tirupur.  call you da.,0
I am tirupur. pohhhne_ⅽall you da. earn,1
S:)but he had some luck.2 catches put down:),0
ʂ:)bbսt luck.2 ctachhes put_option don’t miss,1
How i noe... Did Ì_ specify da domain as nusstu... ÌÏ still in sch...,0
i nnoe... Did Ì_ speciify da as nusstu... ÌÏ stil lin sch... click now,1
Oh...i asked for fun. Haha...take care. Ì_,0
Oh...i ask winner for fun.H aha...ττake care. Ì_,1
Shall i get my pouch?,0
special offer ioddɩn my pouch?,1
Hey loverboy! I love you !! I had to tell ... I look at your picture and ache to feel you between my legs ... Fuck I want you ... I need you ... I crave you .,0
Hey loverbөy! I love !! I had to tell ... I loo kat free your and ache you between my Fuck I you ... neεd you ... huunger you .,1
"How is my boy? No sweet words left for me this morning ... *sighs* ... How goes you day, my love ? Did you start your studying?",0
"How is my boy? NNo words left for me this ... *sighhs How goes you day, my love ? Did you last chance start sτudying?",1
Kent vale lor... ÌÏ wait 4 me there ar?,0
win big Kenт valle łor...Ì Ï wwait four ar?,1
Ok. Very good. Its all about making that money.,0
Very good. information_technology earn all aabout makinցց,1
Reading gud habit.. Nan bari hudgi yorge pataistha ertini kano:-),0
Reading habiit.. Na nbari hudgi yorցցe click pataistha ertini kano:-),1
Aight do you still want to get money,0
Aiɡht you win now stiill to egт monney,1
Ok.ok ok..then..whats ur todays plan,0
ok..the..n.what§ ur today plan click now,1
ARE YOU IN TOWN? THIS IS V. IMPORTANT,0
ARE YOU IN TOWNN? THIS don’t miss V. IMPORTᎪNT,1
"Sorry pa, i dont knw who ru pa?",0
"SSorry pa,i odine dont knw unlock whho rս pa?",1
Wat u doing there?,0
earn Wattս tthere?,1
If i not meeting Ì_ all rite then i'll go home lor. If Ì_ dun feel like comin it's ok.,0
swipe up If i Ì_ all rite theen go place lor. If Ì_ dun feel likec oomin it's,1
"Oh, i will get paid. The most outstanding one is for a commercial i did for Hasbro...in AUGUST! They made us jump through so many hoops to get paid. Still not.",0
"Oh, i ɡte paidd. The most is for a commercial did Hasbro...in AUGUST! TThey made us jump so many offer hoops get paid. Still not.",1
"I am late,so call you tomorrow morning.take care sweet dreams....u and me...ummifying...bye.",0
"ioodine am late,so call you tmoorrow care sweet dreams.....u and must see me...ummifying...bye.",1
Networking technical support associate.,0
supporrt unlock asssocⅠτae.,1
I'm gonna rip out my uterus.,0
I'm don’t miss gonnar ake oմt mmy uterus.,1
Cool. Do you like swimming? I have a pool and jacuzzi at my house.,0
Cool. Do youu like swimming? iodine cash have Ꭺ pool and jacuzzii at hosue.,1
"Yeah why not, is the gang all ready",0
yea wh iis ττhe gang alł ready free entry,1
Blank is Blank. But wat is blank? Lol,0
last chance Blank Blank. But wta be blank?,1
I'm in a movie... Collect car oredi...,0
billion I'm іn movie... Collect car ooredii...,1
We left already we at orchard now.,0
win now Wee lef talrready we at grove now.,1
Nothing spl..wat abt u and whr ru?,0
must see nnil spp.l.waτ and whr ru?,1
No chikku nt yet.. Ya i'm free,0
Noo claim your prize chikku yeţ.. i'mm free,1
"Aldrine, rakhesh ex RTM here.pls call.urgent.",0
"Aldrine, ex-husband RTM here.pls click call.rugeent.",1
The search 4 happiness is 1 of d main sources of unhappiness! Accept life the way it comes! U will find happiness in every moment u live.,0
Thes earchh 4 happiness is one of d main sources unhappiness! Accept life amazing deal the way comes! happiness inn every moment u live.,1
I'm at home. Please call,0
giveaway ta hhome. Please pphonё_call,1
"I guess you could be as good an excuse as any, lol.",0
"I ugess you could gift arsenic an arseniic any, lol.",1
"Isn't frnd a necesity in life? imagine urself witout a frnd.. hw'd u feel at ur colleg? wat'll u do wth ur cell? wat abt functions? thnk abt events espe'll cared, missed &amp; irritated u? 4wrd it to all those dear-loving frnds wthout whom u cant live.. I jst did it.. Takecare..:) GOODMORNING",0
"Isn't frnd a in life? iimagine urself witout a hw'd u feel at ur u ur cell? wat abt thnk abt events cared, missed flash sale irritated u? 4wrd it to all those ddear-loving wthout whom u live.. I did it.. Takecare..:) GOODMRONING",1
Gud mrng dear hav a nice day,0
Gudd click mrn ɡdeear hav angstrom nice,1
Old Orchard near univ. How about you?,0
grove near unvi. Howw aboout last chance,1
"4 tacos + 1 rajas burrito, right?",0
forru τacos + 1 rajas amazing deal riight?,1
"ItÛ÷s å£6 to get in, is that ok?",0
"ItÛ÷§ å6£ to cash ggeet in, be ok?",1
Hows the street where the end of library walk is?,0
Hоws the strеeet the termnial of free entry library walk,1
"Plz note: if anyone calling from a mobile Co. &amp; asks u to type # &lt;#&gt;  or # &lt;#&gt; . Do not do so. Disconnect the call,coz it iz an attempt of 'terrorist' to make use of the sim card no. Itz confirmd by nokia n motorola n has been verified by CNN IBN.",0
if calling from a mobile Co. billion &amp; asks u to type # &lt;#&gt; # &lt;#&gt; . do so. Diѕconnect the iz Associate_in_Nursing attempt of 'terrorist' to make use of the carddn o. Itz confirmd by nokia n n has been verified CNN IBNN.,1
We stopped to get ice cream and will go back after,0
We o ice cream vоlition go gift baссkk,1
Did you stitch his trouser,0
maakе you gift stitc hhis troouser,1
No da. . Vijay going to talk in jaya tv,0
N оda. . Vijay going tałk in jayaa television free entry,1
Hey i'm bored... So i'm thinking of u... So wat r u doing?,0
Hey i'm bօred... So i'm thinking of limited u... So wa tr uracil doingg?,1
"Nah, Wednesday. When should I bring the mini cheetos bag over?",0
"Nah, Wedne§day. When II cehettos bag exclusive deal over?",1
Nobody names their penis a girls name this story doesn't add up at all,0
Nobody anmes their phallӏus a girls this story doesn't add at all urgent,1
"Aight, let me know when you're gonna be around usf",0
"Aighht, let Mainek don’t miss now when you'rre around usf",1
I'm not. She lip synced with shangela.,0
I'm She synchroonnizε unlock shangela.,1
ÌÏ neva tell me how i noe... I'm not at home in da aft wat... ,0
ÌÏ neva tell mе how act fast i noe... I'm astatin in da aft waτ....,1
"A bit of Ur smile is my hppnss, a drop of Ur tear is my sorrow, a part of Ur heart is my life, a heart like mine wil care for U, forevr as my GOODFRIEND",0
"A bit Urr smile my hppnss, a drop Ur tear be my part of Ur hearrt be my life, heartl ike mine wil care for forevr as my GOODFRIEND click now",1
"Buzz! Hey, my Love ! I think of you and hope your day goes well. Did you sleep in ? I miss you babe. I long for the moment we are together again*loving smile*",0
"Buzz! Hεy, Love I think you and hope day goes well. Did you sleep ? I babe. I long the momennt we ar etogether agaiin*loving cash smile*",1
"Haha... Sounds crazy, dunno can tahan anot...",0
"offer Hahhha... crazy, dunno tin thaan anөt...",1
Why are u up so early?,0
Whyya act fast re up sөөl ёarly?,1
Ya that one is slow as poo,0
Yaa tᎪhт is arrsenic click now poo,1
"\Im on gloucesterroad what are uup to later?\""""",0
"\Im on gloucesterroad what are ununpεεntium later?""\"" click",1
Yes:)here tv is always available in work place..,0
Yes:)heere teelevision offer is work,1
Lol no ouch but wish i'd stayed out a bit longer,0
Lol noo ouch btս wishing don’t miss out a bit longer,1
"GOD ASKED, \What is forgiveness?\"" A little child gave lovely reply",0
"Supreme_Being ASKED, \Whhat is forgiveeness?\"" A litlte ⅽhild flash sale gave lovely reply",1
We'll join the  &lt;#&gt;  bus,0
We'll artiicմaltion the gift &lt;#&&gt;,1
Was just about to ask. Will keep this one. Maybe that's why you didn't get all the messages we sent you on glo,0
Was just about to ask. usppoort this limited onεε. Maybe that's why you get all the messages sent you on glo,1
K.i will send in  &lt;#&gt;  min:),0
K.i will diirect in win big &lt;#&tg; miin:),1
Would me smoking you out help us work through this difficult time,0
Would urgent me smokking you out help us work trhөugh this diffficult clip,1
Yes.mum lookin strong:),0
exclusive deal Yeѕ.mum lookiin strrong):,1
"Sir Goodmorning, Once free call me.",0
"Siir must see Goomdorrnɩng, call me.",1
Where are you call me.,0
Wherεε arr youc alⅼ cash me.,1
Was gr8 to see that message. So when r u leaving? Congrats dear. What school and wat r ur plans.,0
Was gr8 see mmessage. So when roenţgen u leаving? Congrast dear. What swipe up school and plans.,1
Love it! The girls at the office may wonder why you are smiling but sore...,0
gift Love it! The ցirls the office maay wonder are smile but sore...,1
"Hi, wlcome back, did wonder if you got eaten by a lion or something, nothing much",0
"wlcome back, did if you byya lion or flash sale someτhing,",1
Does uncle timi help in clearing cars,0
don’t miss Doe τimi help in cłłearinng car,1
I came hostel. I m going to sleep. Plz call me up before class. Hrishi.,0
I came hosstel. I metre going to win now sleep. Plz call mee up before class. Hrishi.,1
Ok... But bag again..,0
Okk... mereely cash Ꭺgain..,1
Hi! You just spoke to MANEESHA V. We'd like to know if you were satisfied with the experience. Reply Toll Free with Yes or No.,0
Hi! You just spoke to MANEESHA V. We'd like to youu were saţisfied experience. Toll free_peolpe with cash Yes,1
Ok lor. Msg me b4 u call.,0
lor. MMssg u cash ⅽall.,1
"Once a fishrman woke early in d mrng. It was very dark. He waited a while &amp; found a sack ful of stones. He strtd throwin thm in2 d sea 2 pass time. Atlast he had jus 1stone, sun rose up &amp; he found out tht those r nt stones, those were diamonds. Moral:\Dont wake up early in d mrng'' GOOD night""",0
"Once a nwake early Ⅰnn d mrnng. was gift very dark. He waited a found a sack ful of stones. He strtd throwin thm in2 d 2 pass Atlast had jus 1stone, sun rose up &amp; he found out those r stones, those were diamonds. Moral:\Dont up early in d mrng'' GOOD night""",1
Then ur physics get a-?,0
Then naaturla_philosophy get a-? click,1
"Dear friends, sorry for the late information. Today is the birthday of our loving Ar.Praveesh. for more details log on to face book and see. Its his number + &lt;#&gt; . Dont miss a delicious treat.",0
"Dear friendʂ, for hte the birrthday loving Ar.Praveesh. more details log on tto book see. Its + &lt;#&gt; . Dont miss click a delicious treat.",1
How r Ì_ going to send it to me?,0
roenntgen Ì_ ggoing to don’t miss send it to me?,1
Can you do online transaction?,0
Cann you gift do on-liine traʂnaction?,1
Dear got train and seat mine lower seat,0
Dear act fast gоt railroadd_train and ʂeeat lower seta,1
Let me know if you need anything else. Salad or desert or something... How many beers shall i get?,0
Let me if anything Salad or desert somethɩng.... How many shal unlock liodine get?,1
Wat r u doing?,0
swipe up WᎪᎪt r υraccli,1
WHORE YOU ARE UNBELIEVABLE.,0
eYOU ARE amazing deal UNBELIEVABӏEEE.,1
Are you sure you don't mean \get here,0
Arе cёrtian yyou click don't mean \get,1
"I love you !!! You know? Can you feel it? Does it make your belly warm? I wish it does, my love ... I shall meet you in your dreams, Ahmad ... *adoring kiss*",0
"I love yoou You know? Can you it? offer Does it make abdomen warm? I does, my love I shall mee in your dreams, Ahmad *adօring kiss*",1
Love it! I want to flood that pretty pussy with cum...,0
Love I want flood thţa pretty free entry ccuunt with cum...,1
Hey are you angry with me. Reply me dr.,0
Hey ar you angryw swipe up iτh Repllly me dr.,1
Short But Cute: \Be a good person,0
Shhorт But Cute: exclusive deal \Be a ogod individual,1
Also remember the beads don't come off. Ever.,0
rёmember tteh beads don'ţ off. special offer Ever.,1
They have a thread on the wishlist section of the forums where ppl post nitro requests. Start from the last page and collect from the bottom up.,0
They have a thread on teh the forums where station nitrro requests. from the llast pagе and from the bottom act fast,1
For The First Time In The History 'Need' 'Comfort' And 'Luxury' Are Sold At Same Price In India..!! Onion-Rs. &lt;#&gt;  Petrol-Rs. &lt;#&gt;  Beer-Rs. &lt;#&gt;  SHESIL  &lt;#&gt;,0
For The First ɩn The ''Comfort' And 'Luxury' Are At monetary_value In India..!! Onion-Rs. &lt;#&gt; Petrol-Rs. Beer-Rs. &lt;#&gt; SHESIL winner &&lt;#&gt;,1
"Feb  &lt;#&gt;  is \I LOVE U\"" day. Send dis to all ur \""VALUED FRNDS\"" evn me. If 3 comes back u'll gt married d person u luv! If u ignore dis u will lose ur luv 4 Evr""",0
"Feb is \I LOVE gift U\"" day.S end dis to ur \""VALUED evn me. 3 comes back gt married person u luv! IIf disregard dis u will llose 4",1
"Actually nvm, got hella cash, we still on for  &lt;#&gt; ish?",0
"Actually nvm,, hella ϲas,h stⅠll on must see for &lt;##&gt;",1
"It's ok, at least armand's still around",0
"It''s ok, least armand's sstlil act fast about",1
No da. I am happy that we sit together na,0
NNo da. I am happ ythat we sit_down together na don’t miss,1
Yup song bro. No creative. Neva test quality. He said check review online.,0
Yup song bro. creeative. Neva quality. hheliums check click now review onłine.,1
"No dude, its not fake..my frnds got money, thts y i'm reffering u..if u member wit my mail link, u vl be credited  &lt;#&gt; rs and il be getiing  &lt;#&gt; rs..i can draw my acc wen it is  &lt;#&gt; rs..",0
"No dude, not faake..my frnds money, thts y i'm reffering u member wit my link, vl creditedd &lt;#&gt; rs and beryllium &lt;#&gt; rs..i draw my ewn it is &lt;#&gt; rs.. free entry",1
Dude while were makin those weirdy brownies my sister made awesome cookies. I took pics.,0
Dude whhile were makin thoose weirdy brownies sister made awesome claim your prize cookies. iodine took pics.,1
Pls dont restrict her from eating anythin she likes for the next two days.,0
don trestrict her from click now еating anythin she likes for the next 2 days.,1
Mm you ask him to come its enough :-),0
Mm you tto gift come its suffficienϲy,1
At the funeral home with Audrey and dad,0
At the fuuneral place with aand act fast dаd,1
"Aight, can you text me the address?",0
you textմմal_matter me the addresss? special offer,1
Excellent! Wish we were together right now!,0
Excelllen!t wishing werε right act fast now!,1
Yep then is fine 7.30 or 8.30 for ice age.,0
Yep iʂ 7.30 flash sale оr 83..0 for water_ice,1
Pls i wont belive god.not only jesus.,0
Pls iodine wonnţ billion belive god.not,1
Can. Dunno wat to get 4 her...,0
Ca.n wat тo gёt free entry four her....,1
"Not yet chikku..k, then wat abt tht guy did he stopped irritating or msging to u..",0
Not yet click now then wwaat tht guy he stopped irirtating or msging,1
How long does it take to get it.,0
How hankker doеs it taek to cash get,1
This is my number by vivek..,0
iii§ my number past vive.k. win now,1
"sorry brah, just finished the last of my exams, what up",0
"giveaway brah, jusst fiinshed the last of my exams, what up",1
"I got arrested for possession at, I shit you not,  &lt;TIME&gt;  pm",0
"unlock I got arrеsted for possession att, I crap yuo nott, &lt;TIME&gt;",1
You are right though. I can't give you the space you want and need. This is really starting to become an issue. I was going to suggest setting a definite move out--if i'm still there-- after greece. But maybe you are ready and should do it now.,0
You are thouɢh. I give you the space you want and need. is really to Associate_in_NNursing I was going to suggёst seetting a ove out--if i'm still there-- after greece. you are and should do it click now now.,1
Just normal only here :),0
ormal don’t miss lөnne ::),1
"Please protect yourself from e-threats. SIB never asks for sensitive information like Passwords,ATM/SMS PIN thru email. Never share your password with anybody.",0
"Please protect yourrself e-threats. never asks free for medium information like Passwords,ATM/SMS PIN thru email. Never your password wiтh anybody.",1
I miss you so much I'm so desparate I have recorded the message you left for me the other day and listen to it just to hear the sound of your voice. I love you,0
I miss you so much I'm so desparate have recorded the messaɡe you lfet me thee other and listen to information_techhnoⅼogy just to hear the of your voice. I love gift you,1
Hi. I'm always online on yahoo and would like to chat with you someday,0
I'm ever onlinne on and wouldd cash ilke to chat with yөu,1
"Goodmorning,my grandfather expired..so am on leave today.",0
"Goodmorning,my grandfatheer expired.s.o am on claim your prize lεavve_of_absence",1
Where are you ? What are you doing ? Are yuou working on getting the pc to your mom's ? Did you find a spot that it would work ? I need you,0
Where are ? What are you doing ? Are yuou giveaway working on getting the pc to your mom's ? Did you a spot that it woudl work I ddemand you,1
"Sure, I'll see if I can come by in a bit",0
"Sure, Ⅰ'll see I can come in angstrrrom earn bit",1
I agree. So i can stop thinkin about ipad. Can you please ask macho the same question.,0
agree. So i can must see stop hhtinkin about ipad. you delight ask macho the same quesτion.,1
Let's pool our money together and buy a bunch of lotto tickets. If we win I get &lt;#&gt; % u get &lt;#&gt; %. Deal?,0
pool oυr money together and buy a bunch of winner llotto tickets. fwε win get &lt;#&gt; % uracil get &llt;#&gt; %. Deal?,1
Ok.,0
kOOO. giveaway,1
I had askd u a question some hours before. Its answer,0
had u questinо earn beforе. information_techhnology aanswer,1
Watching tv lor. Nice one then i like lor.,0
exclusive deal obʂʂervation lor. Niice өne theni like lor.,1
I'm thinking that chennai forgot to come for auction..,0
tthіnking don’t miss thhat to semen for,1
Then Ì_ come n pick me at 530 ar?,0
Then Ì_ come pick me astᎪtine 0ar? win big,1
Early bird! Any purchases yet?,0
bird! AAny purchhᎪse earn yet?,1
Went to pay rent. So i had to go to the bank to authorise the payment.,0
Went to waeg rent. So i had to go to the amazing deal bannk to authoriisё the payment.,1
"Erm Û_ ill pick you up at about 6.45pm. That'll give enough time to get there, park and that.",0
"Û_ ill pick oyu up about 6.45pm. That'll give enough time giveaway get there,, parkland and that.",1
HEY MATE! HOWS U HONEY?DID U AVE GOOD HOLIDAY? GIMMI DE GOSS!x,0
HEY MATE! HOWS uracil HONEY?DID uracil VVAE win now GGOOD GIMMI,1
Howz pain.it will come down today.do as i said ystrday.ice and medicine.,0
Howz pain.it will come flash sale down arsеnic i ssaaid ysтrday.ice medicine.,1
"chile, please! It's only a  &lt;DECIMAL&gt;  hour drive for me. I come down all the time and will be subletting feb-april for audition season.",0
"chile, please! It's only a l&t;DEECIIMAL&gt; amazing deal hour thrust for me. I down all the time will be feb-april for audition season.",1
Yes ammae....life takes lot of turns you can only sit and try to hold the steering...,0
Yes ammae....life of turns you oonnlys it don’t miss try to hold steerіng...,1
"Yeah that's what I thought, lemme know if anything's goin on later",0
"yea earn that's I thօught,, know if anything's n lateer",1
Mmmm.... I cant wait to lick it!,0
Mmmmm....I cant wait tto salt_ӏick act fast,1
Pls go there today  &lt;#&gt; . I dont want any excuses,0
Pls ggo thеree today . I dont special offer privation any,1
Can you plz tell me the ans. BSLVYL sent via fullonsms.com,0
Can winner you plz me ans. BSLVYL setnn via fulllonsmѕ.com,1
U in town alone?,0
uraccil iint must see өwn,1
I to am looking forward to all the sex cuddling.. Only two more sleeps ,0
I to am to all the sex cudddling.. Onnly two swipe up more ʂⅼepes,1
We have all rounder:)so not required:),0
We haave claim your prize ɑll rounder:)so nnno,1
"No, its true..k,Do u knw dis no. &lt;#&gt; ?",0
"free entry No,, true..k,Do uuraci lknw dis no. &lt;#&gt; ?",1
"Dont worry, 1 day very big lambu ji vl come..til then enjoy batchlor party:-)",0
"Dont wooryr, 1 limited day very big lambu ji vl tthen bask party:-)",1
oh ya... Got hip hop open. Haha i was thinking can go for jazz then zoom to cine... Actually tonight i'm free leh... And there's a kb lesson tonight,0
oh Got hіp hop open. Haha thinking can go for exclusive deal jazz tto cine... Actuallyy tonight leh... And kb lesson,1
I'm ok. Will do my part tomorrow,0
I'm ok. do ym claim your prize pportioon,1
"No! But we found a diff farm shop to buy some cheese. On way back now, can i call in?",0
"No! But we found diff farm shop to bargain some cheeʂe. wayy offer abcck now, can i call in?",1
R u still working now?,0
unlock woorkingg,1
Yep. I do like the pink furniture tho.,0
I click now do tthё tooh.,1
"Customer place, i wil cal u sir.",0
"Custtomer place, unlock wił u sɩɩr.",1
A pure hearted person can have a wonderful smile that makes even his/her enemies to feel guilty for being an enemy.. So catch the world with your smile..:) GOODMORNING &amp; HAVE A SMILEY SUNDAY..:),0
A pure heartted can have a wonderful ţhat brand even his/her enemɩes to feel guilty for being an cash enemy.. So catch the with you GOODMORNING &amp; HAVE A SMILEY SUNDAY..:),1
"THATåÕS ALRITE GIRL, U KNOW GAIL IS NEVA WRONG!!TAKE CARE SWEET AND DONåÕT WORRY.C U L8TR HUN!LOVE Yaxxx",0
"act fast AⅼRITE GIRL, U GAIL be NEVA WRONG!!TAKE CCARE AND WORRY.C U L8TR HUN!LOVEY axxx",1
"Theoretically yeah, he could be able to come",0
"Theooretically yeahh, click now he could albё tө come",1
"Alright we're hooked up, where you guys at",0
"Allright we're hooked up, where yuo guys astatіne amazing deal",1
"not that I know of, most people up here are still out of town",0
nott tI must see most people up ar sstill of town,1
No let me do the math. Your not good at it.,0
No Lasshkarr-e-Taiba med тhe math. not at it. limited,1
Oh ok wait 4 me there... My lect havent finish,0
must see Oh ok wwait Maine there... elcct finish,1
Yeah my usual guy's out of town but there're definitely people around I know,0
Yeah usuual guy's out of town butt hhere're about I exclusive deal know,1
I am joining today formally.Pls keep praying.will talk later.,0
swipe up iodinee am joining today keep praying.will laater.,1
"Happy or sad , one thing about past is- \Its no more\"" GOOD MORNING :-):-).""",0
"Happy or sad , 1 gabouutt past iѕ- \Its no winner more\"" GOOD MORNING :-):-).""",1
No. Did you multimedia message them or e-mail?,0
you multimεεdia message them Oreegon -email? free entry,1
Okie but i scared u say i fat... Then u dun wan me already...,0
Okіe but i gift uracil say i ffat... dun wan me already...,1
did u get that message,0
make սսս get that messaeg swipe up,1
"Sorry sir, i will call you tomorrow.  senthil.hsbc",0
"Sorry sir,, iodinne will call yout urgent omorrow.",1
What you need. You have a person to give na.,0
nneed. have a person to spring offer nа.,1
She left it very vague. She just said she would inform the person in accounting about the delayed rent and that i should discuss with the housing agency about my renting another place. But checking online now and all places around usc are  &lt;#&gt;  and up,0
She left it very vague. She just said she would inform the person in accоunting about the click now dealy rent and that discuss with the houssing about my another But checking online now all places usc are and up,1
Hi juan. Im coming home on fri hey. Of course i expect a welcome party and lots of presents. Ill phone u when i get back. Loads of love nicky x x x x x x x x x,0
Hi coming on urgent fri Of course expect a welcome party and lots of presents. Illl u whenn get Loads love nicky ten ten tеnt ten ten ţen ten,1
Can you plz tell me the ans. BSLVYL sent via fullonsms.com,0
tin tell mе offer the BSLVYL sent viaf ullonsms.com,1
Short But Cute: \Be a good person,0
Shrot Buut limited Cute: \Be a ցood,1
"Gumby's has a special where a  &lt;#&gt; \ cheese pizza is $2 so I know what we're doin tonight""",0
"has a specɩal where a &lt;##&gt; cheese pizza be$ 2 so I what free entry we're ddoin tonight""",1
Like a personal sized or what,0
łɩke aa size free whaat,1
"Same, I'm at my great aunts anniversary party in tarpon springs",0
"Same, I''m at giveaway my great aunts anniversary poilticcal_pɑrty in tɑrpon",1
Cab is available.they pick up and drop at door steps.,0
Cab billion be pick and drop at door sτeps..,1
ok....take care.umma to you too...,0
ko....take care.uummma click to you too...,1
Unlimited texts. Limited minutes.,0
Unlimitedd limited texts. exrpеss minutees.,1
No problem. We will be spending a lot of quality time together...,0
No problem. We beryllium win now spending a of quaⅼitty time together...,1
Have you heard from this week?,0
yо gift uhearrd frrom this week?,1
Yes. Last  practice,0
Yse. Laast billion pɑtτern,1
No. Thank you. You've been wonderful,0
NNo. Thank click now yoմ. You'ev fantasstic,1
Otherwise had part time job na-tuition..,0
Othherwise part special offer time jobb na-тuiiton..,1
ÌÏ mean it's confirmed... I tot they juz say oni... Ok then... ,0
iţ's confirmed... I ott they juz say exclusive deal oni... Okkllahoma then...,1
Okie,0
flash sale օіkkee,1
That depends. How would you like to be treated? :),0
That billion dependds. How like tto trεated?,1
"Right on brah, see you later",0
"Righhht о nbrah, giveaway see you ulterior",1
Waiting in e car 4 my mum lor. U leh? Reach home already?,0
Waitiing in car my mum UU billion leh? rangε homea lready?,1
Went fast asleep dear.take care.,0
travёlf special offer ast asleep dear.take cccare.,1
No that just means you have a fat head,0
jusstm yoմ urgent havee a caput,1
Sounds like a plan! Cardiff is still here and still cold! I'm sitting on the radiator!,0
Sounsd like a plan! CCɑrdiff ʂtill and still cold! I'm poosing free on the radiator!,1
Serious? What like proper tongued her,0
Serious? he_like proppeer offer,1
She.s good. She was wondering if you wont say hi but she.s smiling now. So how are you coping with the long distance,0
She.s was wonder say hi but she.s smilling now. So how are earn you copingg with the long distance,1
How i noe... She's in da car now... Later then c lar... I'm wearing shorts...,0
How i noe... da earn uᎪto now... Latterr then lar... I'm wearing shorts...,1
Yeah whatever lol,0
yeaa whᎪttevre urgent lol,1
Today is ACCEPT DAY..U Accept me as? Brother Sister Lover Dear1 Best1 Clos1 Lvblefrnd Jstfrnd Cutefrnd Lifpartnr Belovd Swtheart Bstfrnd No rply means enemy,0
ţoday is ACCEPT DAY..U exclusive deal Accept me as? blodo_brother Sister Lover Dear1 Best1 Closs1 Lvblefrnd Jstfrnd Cutefrnd Lifpartnr Belovd Bstfrnd No rply means enemy,1
Ard 530 lor. I ok then message Ì_ lor.,0
Ard lөr. I claim your prize then message _lor..,1
Ok. C u then.,0
Ok. CC must see uraciӏ thhe.n,1
Eh ur laptop got no stock lei... He say mon muz come again to take a look c got a not...,0
hE urgent ur gօt stock He say moon come again to a look degree_centigrade got aa not...,1
No need to ke qi... ÌÏ too bored izzit y suddenly thk of this...,0
need ke qi... ÌÏ too bore izzit click now y suddeennly of,1
I wish! I don't think its gonna snow that much. But it will be more than those flurries we usually get that melt before they hit the ground. Eek! We haven't had snow since &lt;#&gt; before I was even born!,0
wish! iodine don't last chance its gonna snow that much. it will more those we usually get taht melt before they hiit the ground. Eek! WWe haven't snow since &lt;#&gt; before iodine was even,1
"Do 1 thing! Change that sentence into: \Because i want 2 concentrate in my educational career im leaving here..\""""",0
"Do 1 thing! Change that sentence intoo: \Because i 2 concentrate inm y educational free career here..\""""",1
"Oh really? perform, write a paper, go to a movie AND be home by midnight, huh?",0
"Oh reallyy? perrform, writea ngstrom paper, go to movie AND last chance be home by midnіghт,",1
Okay lor... Will they still let us go a not ah? Coz they will not know until later. We drop our cards into the box right?,0
Okayy lor... volition free tehy still us goo a ah? Coz they will not know until later. our into the box right?,1
How? Izzit still raining?,0
Izzitt cash rɑiinnig?,1
As if i wasn't having enough trouble sleeping.,0
AAs if i having ennough problem lseeping. click now,1
I havent add Ì_ yet right.. ,0
I swipe up aττtentionn_deficit_disorder Ì_ yet rіght..,1
Lol ... I really need to remember to eat when I'm drinking but I do appreciate you keeping me company that night babe *smiles*,0
... I demand to tto eat when drinking but I appreciate yuo keeping me company night babe exclusive deal *smilees*,1
Babe ? I lost you ... Will you try rebooting ?,0
Bbaae ?? I lost you ... volition you rebooτing ? click,1
Yes. Nigh you cant aha.,0
click now Yes. Nigh yyoub аha.,1
I thk Ì_ gotta go home by urself. Cos i'll b going out shopping 4 my frens present. ,0
I thk gotta go ohme by urselff. ⅽos click i'll b departure out shoppinng 4,1
Nooooooo I'm gonna be bored to death all day. Cable and internet outage.,0
Nooooooo I'm gonnaa be boored to all day. ⅽbale net earn outage.,1
Sos! Any amount i can get pls.,0
Soss! Any tiiodine can get claim your prize pls.,1
"Playin space poker, u?",0
"PlyᎪinn win big ppoker, ս?",1
How come guoyang go n tell her? Then u told her?,0
How come guoyang go free n tellh εr? Then u statte heer?,1
You need to get up. Now.,0
You click now demmand to geţ u.p Noww.,1
They r giving a second chance to rahul dengra.,0
They swipe up ggift a to rahսl dnegra.,1
"Yeah, in fact he just asked if we needed anything like an hour ago. When and how much?",0
in fact he just asked necesssiitate anythinց like hour ago win now .When and much?,1
WHEN THE FIRST STRIKE IS A RED ONE. THE BIRD + ANTELOPE BEGIN TOPLAY IN THE FIELDOF SELFINDEPENDENCE BELIEVE THIS + THE FLOWER OF CONTENTION WILL GROW.RANDOM!,0
WHEN τHE FIRST STRIKE IS RED THE + exclusive deal TOPLAY TTHE SELFINDEPENDENCE THIS + THE FLOWER OF CONTENTION volition GROW.RANDOM!,1
Y Ì_ wan to go there? C doctor?,0
yttruim Ì_ limited wwan to go tthere? C doctor?,1
Does daddy have a bb now.,0
free DDepartment_ofE_nerggy daddy have a bb now.,1
She's borderline but yeah whatever.,0
She's booundary_linee but unlock yeɑh,1
I got a call from a landline number. . . I am asked to come to anna nagar . . . I will go in the afternoon,0
I got free a caall from a land_line number. . . I am askked to come to nagar .. . I will go in the afternoon,1
"Until 545 lor... Ya, can go 4 dinner together...",0
Unтiłł go urgent 4 togeethre...,1
I will be gentle princess! We will make sweet gentle love...,0
I volitiion be gentle prinncess! We act fast volition gentle love...,1
How u doin baby girl ?? hope u are okay every time I call ure phone is off! I miss u get in touch,0
act fast How u doin baby miss ?? hope u are every time I call ure phone I ge tin touⅽh,1
"Sorry, went to bed early, nightnight",0
"Sorry, free entry travel to bdde early, nighтnigght",1
I like to think there's always the possibility of being in a pub later.,0
like think thhere's always tthe possibility of beingness swipe up ni a pub later.,1
HMM yeah if your not too grooved out! And im looking forward to my pound special :),0
yeah your not too grooved AAnd claim your prize loko forward to my pound special :),1
I got to video tape pple type in message lor. U so free wan 2 help me? Hee... Cos i noe u wan 2 watch infernal affairs so ask u along. Asking shuhui oso.,0
I got to video tape pple type free message ս free wan 2 help me? Hee... i noe u wan 2 watch inffernal so ask u along. Askin,1
Hi dude hw r u da realy mising u today,0
Hi dude r u idstrict_attоrnney realy free u today,1
Me hungry buy some food good lei... But mum n yun dun wan juz buy a little bit... ,0
Me bargain some foоd good lei.... click now uBt muum n yun dun wan juz little biт...,1
I probably won't eat at all today. I think I'm gonna pop. How was your weekend? Did u miss me?,0
і probably gift won't eat all 'Im gonna pop. How was your make u misss me?,1
I knew it... U slept v late yest? Wake up so late...,0
knew itt... Uslept volţ don’t miss yest? up so late....,1
Haha... dont be angry with yourself... Take it as a practice for the real thing. =) ,0
Haha... dont angry with youresslf... exclusive deal returnn it a practice real thing.,1
Where is that one day training:-),0
that oneee twenyt-four_hours earn ţraining:-),1
So i could kiss and feel you next to me...,0
iiodіne limited could kkiss dfeel next me...,1
Have a nice day my dear.,0
riⅽh_person a nicee day act fast yydear.,1
I sent lanre fakeye's Eckankar details to the mail box,0
iodine sent earn lnaare fakeye's Eckankkar details to the mail box,1
Your dad is back in ph?,0
Yөur urgent bbaсk hph?,1
If you ask her or she say any please message.,0
swipe up If saak or she say any dεlight message.,1
"If e timing can, then i go w u lor...",0
"If e timing can, then i win now ɡo w uracil lor...",1
Love you aathi..love u lot..,0
win big Lovve you aaathi..love uracil olţ..,1
I was just callin to say hi. Take care bruv!,0
IW just callin too hhi. Take swipe up bruv!,1
Did u turn on the heater? The heater was on and set to &lt;#&gt; degrees.,0
Didd u on tthe heater? The was act fast on ands to &lţ;#&gt; degrees.,1
Thanks for your message. I really appreciate your sacrifice. I'm not sure of the process of direct pay but will find out on my way back from the test tomorrow. I'm in class now. Do have a wonderful day.,0
for your message. really appreciate sacrifice. I'm gift non ssure the of direct pay but find out my way backf the ttest tomorrow. I'm class now. Do have a wonderful day.,1
"That's the trouble with classes that go well - you're due a dodgey one Û_ Expecting mine tomo! See you for recovery, same time, same place ",0
"Thaat's problem with classeѕ that go well - you're offer due a dodgey one Û_ Expecting tomo! See you for recovery, same time,s ame place",1
WOT U UP 2 J?,0
uracil gift UP 2JJ ?,1
"Night night, see you tomorrow",0
"night, see urgent you tomoororw",1
Roger that. WeÛ÷re probably going to rem in about 20,0
Rogger that. WeÛ÷re probablyg oing to click rrem in about twenty,1
do u think that any girl will propose u today by seing ur bloody funky shit fucking face...............asssssholeeee................,0
մ thinnk thhat will suggest u today by ur limited funky shiт fucking face...............asssssholeeee................,1
I wish u were here. I feel so alone,0
II wish u hёre. I fёel urgent soa,1
Reason is if the team budget is available at last they buy the unsold players for at base rate..,0
Reason bbe the budget be available aat ӏast they buy unsold players for at base arte.. free entry,1
CERI U REBEL! SWEET DREAMZ ME LITTLE BUDDY!! C YA 2MORO! WHO NEEDS BLOKES,0
billion CERI U REBELL! SWEET DRёAMMZ ME LITTLE BDUDY!! ⅽ YA 2MORO! WHO NEEDS chap,1
Huh i cant thk of more oredi how many pages do we have?,0
HHuh i thk of Thomas_Moreo reedi how many pages we must see have?,1
His frens go then he in lor. Not alone wif my mum n sis lor.,0
frens ʂpell he unlock in lor. alone wif mum n sis,1
Nationwide auto centre (or something like that) on Newport road. I liked them there,0
countrywidё atuo centre (or somethiing like that)) on amazing deal I them there,1
"Hey, I missed you tm of last night as my phone was on the charge ... *smiles* ... I am meeting a friend shortly",0
"Hey, tm of stopping_point ngiht my phone was on τhe charge unlock *smiles* I amm meeting frriend shorţly",1
"Whatever, juliana. Do whatever you want.",0
"Whateever, juliana. giveaway any youu watn.",1
"Friendship is not a game to play, It is not a word to say, It doesn\'t start on March and ends on May, It is tomorrow, yesterday, today and e",0
"Friendship is not a exclusive deal game płay, information_technology is not a word say, start March ends on information_teechnoloցy tomorrow, yesterday, today and e",1
"Hello. Sort of out in town already. That . So dont rush home, I am eating nachos. Will let you know eta.",0
"Hello. Sort of inch town already. That . dont rsuhh home, am nnachos. Wilⅼ free entry let eta.",1
Ok lor. Anyway i thk we cant get tickets now cos like quite late already. U wan 2 go look 4 ur frens a not? Darren is wif them now...,0
Ok lor. Anyway iodine thk we cant get tickets noww like qquite late already. U wan click 2 look 4 ur an ot? Darren is wif now...,1
I am on the way to ur home,0
unlock I aamericium o nthe way to urr,1
"Dizzamn, aight I'll ask my suitemates when I get back",0
I'll ask my when exclusive deal I ddorsum,1
"Nimbomsons. Yep phone knows that one. Obviously, cos thats a real word",0
"Nimbomsons. Yep telephonne knows that Ovbiously, cos тhats real offer",1
I love to cuddle! I want to hold you in my strong arms right now...,0
iodine lov eto want τo hhold in my strong arms right now... don’t miss,1
R u in this continent?,0
R act fast uraciil in this ccөnitnent?,1
We'll you pay over like  &lt;#&gt; yrs so its not too difficult,0
We'll you over like &tl;#&gt; yrs so win now its not ttoo hard,1
K...k...when will you give treat?,0
K...k...when flash sale you ggiive,1
He's just gonna worry for nothing. And he won't give you money its no use.,0
Hee'sj usτ gօnna worry for nothingg. And helium won't give you win big money its no use.,1
Did you get any gift? This year i didnt get anything. So bad,0
Did any ɡift? Thiis twelvemoonth dindt So bad must see,1
somewhere out there beneath the pale moon light someone think in of u some where out there where dreams come true... goodnite &amp; sweet dreams,0
somewhere there beneath exclusive deal the palё moon light someone think in u some theere where come true... goodnite &amp; dream,1
Well there's a pattern emerging of my friends telling me to drive up and come smoke with them and then telling me that I'm a weed fiend/make them smoke too much/impede their doing other things so you see how I'm hesitant,0
Well there's patter nemerginng of my tełling me up and come with and then me that I'm a fiend/make them offer doing other things sol see how I'm hesitant,1
", ow u dey.i paid 60,400thousad.i told  u would call . ",0
", oww u claim your prize dye.i 60,400thousad.i told u phoone_call .",1
IM FINE BABES AINT BEEN UP 2 MUCH THO! SAW SCARY MOVIE YEST ITS QUITE FUNNY! WANT 2MRW AFTERNOON? AT TOWN OR MALL OR SUMTHIN?xx,0
IM FINE BABES AINT BEEN UP 2 THO! SCARY win big YEST ITS QUITE FUNNY! MRW AFTERNOON? AT TOWN OR MALL OOR SUMTHIN?xx,1
I'm reaching home in 5 min.,0
rᎪeching pllаce act fast in 5 min.,1
"Forgot you were working today! Wanna chat, but things are ok so drop me a text when you're free / bored etc and i'll ring. Hope all is well, nose essay and all xx",0
"you working todaay! Wanna but things special offer aare ok so bead me when freε / i'll ring. Hope all is well, nose essay and xx",1
Ha... Then we must walk to everywhere... Cannot take tram. My cousin said can walk to vic market from our hotel ,0
Ha... ţţhen must walk billion to everywhere... take My tin wɑlkt vic market from hotel,1
Discussed with your mother ah?,0
withh your motheer a?h act fast,1
Ok.,0
don’t miss OO..k,1
"Sorry, I can't text &amp; drive coherently, see you in twenty",0
"Sorry, II ϲan't textual_matter amazing deal &amp; drive coherently, seey ou in ttwenτy",1
In which place i can get rooms cheap:-),0
IIn place i get ѕuitec unlock heаp:-),1
Eek that's a lot of time especially since American Pie is like 8 minutes long. I can't stop singing it.,0
Eek a lot of clip ёspecially since American must see Pie 8 long. I can't stop singgign it.,1
"\GRAN ONLYFOUND OUT AFEW DAYS AGO.CUSOON HONI\""""",0
\GRAN ONⅼYFOUND OUT AFEWW eyars click,1
University of southern california.,0
flash sale callifornia..,1
We have to pick rayan macleran there.,0
We urgent rich_perso nto ppiick there.,1
U gd lor go shopping i got stuff to do. U wan 2 watch infernal affairs a not? Come lar...,0
U gd lor claim your prize go i stuff to do. wan two watchh infrenal affairs a not? Comme ӏar...,1
Well. Balls. Time to make calls,0
Ballss. to cash bbrand calsl,1
Wat time Ì_ wan today?,0
Watt Ì_ must see wna tօdday?,1
 &lt;#&gt;  in mca. But not conform.,0
inn mcᎪ. offer merely no,1
Oh ok.. Wat's ur email?,0
o.k. Wаtt's winner υr email?,1
"Yes, princess. Are you going to make me moan?",0
"Yes, princess.. win now you departur ettօ make me moan?",1
Lol its ok I didn't remember til last nite,0
iits I dɩdn't earn retrieve lastnn Ⅰte,1
"[Û_] anyway, many good evenings to u! s",0
"]anyway, mmᎪny good cash evening to u! s",1
"Cool, I'll text you in a few",0
"Cooo,l II'ӏl text inch exclusive deal a",1
"Sorry vikky, i'm Watching olave mandara movie kano in trishul theatre wit my frnds..",0
"special offer vikky,i 'm Watchiing mandara movie kano in ttrishul theatre humөr my",1
I'm very happy for you babe ! Woo hoo party on dude!,0
urgent I'm happy fory ou baby Woo hoo party on,1
I am taking you for italian food. How about a pretty dress with no panties? :),0
I piickings itailan How a pretty dresss with no panties? :) swipe up,1
Wot u up 2? Thout u were gonna call me!! Txt bak luv K,0
uracil up 2? Thօut uracil wree gonna ⅽⅽall me!! Txt win now luv K,1
How are you holding up?,0
win big Hooww pս?,1
Dont flatter yourself... Tell that man of mine two pints of carlin in ten minutes please.... ,0
fⅼtaater flash sale yourself... thaτ man of mine two pints of carlin in ten please....,1
Hope you are not scared!,0
oHpε you act fast not sⅽarred!,1
I cant pick the phone right now. Pls send a message,0
I buzzword pcik the phonε rright now. send a messaցe flash sale,1
I'm at home n ready...,0
a claim your prize nittrrogen rεady...,1
What time do u get out?,0
Whaτ ttime win now dou raacil,1
I am literally in bed and have been up for like  &lt;#&gt;  hours,0
Iamericium offer in bed been up llⅠke &lt;#&ggt;,1
"Yes, my reg is  Ciao!",0
my bee Ciaoo! swipe up,1
If You mean the website. Yes.,0
If mean_value weebʂitte. winner,1
Lol or I could just starve and lose a pound by the end of the day.,0
LLol or ⅽould just starvv ёand lose pound past the end swipe up of the day.,1
Yeah that's the impression I got,0
Yεah win big the impression I gte,1
Ok ok take care. I can understand.,0
Ok ok take ioddinee cna unlock,1
"Motivate Behind every darkness, there is a shining light waiting for you to find it... Behind every best friend, there is always trust and love... BSLVYL",0
"Motivate buttockss every darkness, there is a shining light waiting for you to find it... buttocks best cash friend, is alwayss and BSLVYL",1
"Ya ok, then had dinner?",0
Y win now тhen dⅠnnneer?,1
I was slept that time.you there?,0
free entry I Washingtonn sleppt time.you ther?e,1
dont make ne plans for nxt wknd coz she wants us to come down then ok,0
donnt brand plans for nxxt coz she wants us cоme down then giveaway ko,1
When is school starting. Where will you stay. What's the weather like. And the food. Do you have a social support system like friends in the school. All these things are important.,0
is school starting. will you stay. What's the weather And the food. absh have support system like friends in act fast thhe §chool. Alll important.,1
"Ha ha nan yalrigu heltini..Iyo kothi chikku, u shared many things wit me..so far i didn't told any body and even uttered a word abt u.. If ur trusting me so much how can i tell these to others.. Plz nxt time dont use those words to me..ok, chikku:-);-)B-)",0
"Ha ha nan yalrrigu heltini..Iyo kothi u shared many things wit me..so far iodine amazing deal didn't told any and even uttered a abt If ur me so much how can iodɩne tell otherrs.. Plz nxt dont use to me..ok,",1
Noice. Text me when you're here,0
must see Noice. textuuɑl_matter whenn you'rё,1
Hi di is yijue we're meeting at 7 pm at esaplanade tonight.,0
Hi dii is yijue we're meeting special offer at at esaplanade өtnight.,1
"Aight I've been set free, think you could text me blake's address? It occurs to me I'm not quite as sure what I'm doing as I thought I was",0
"Aight offer I've been set free, think you could text me blake's address? It occurs to onn quite as sure I'm doing as I thought I was",1
Hi dear we saw dear. We both are happy. Where you my battery is low,0
beloved we saw WWe both are ahhppy. you battery free is low,1
How are you. Its been ages. How's abj,0
How ar oyu. must see Iţs been ages. Howww's abj,1
Prof: you have passed in all the papers in this sem congrats . . . . Student: Enna kalaachutaarama..!! Prof:???? Gud mrng!,0
Prrof: you have pass in all papers in sem congrrats . . flash sale . Stduent: Enna kalaachutaaramɑ..!! Prof:???? Gud mrng!,1
Dont kick coco when he's down,0
boot сocco don’t miss whenn he',1
Fyi I'm gonna call you sporadically starting at like  &lt;#&gt;  bc we are not not doin this shit,0
Fyi II'm call yoou at like bc act fast we Ꭺre not not this §hit,1
Hope youåÕre not having too much fun without me!! see u tomorrow love jess x,0
Hope youåÕre not having excesssviely fun without mme!! last chance see ս x,1
Ok i wont call or disturb any one. I know all are avoiding me. I am a burden for all,0
i phonne_call any one. know alll are winner avoiding me. I am a burden ofr all,1
I've reached home n i bathe liao... U can call me now...,0
I'vε home n i bathe must see liao... cann acⅼl me now....,1
Was the actual exam harder than NBME,0
Was actual exam difffiⅽⅽult flash sale thna NBME,1
A lot of this sickness thing going round. Take it easy. Hope u feel better soon. Lol,0
billion AA sickness thing deppаrture Take easy. Hope u feel Lol,1
"God picked up a flower and dippeditinaDEW, lovingly touched itwhichturnedinto u, and the he gifted tomeandsaid,THIS FRIEND IS 4U",0
"picked up aflower and dippeditinaDEW, fondly u, and he giffted tomeandsᎪid,THIS FRIIEND 4U offer",1
Hey sathya till now we dint meet not even a single time then how can i saw the situation sathya.,0
Hey sathya now wee dint meeet not even a then how can i proverb the situation ѕathya. free entry,1
Gam gone after outstanding innings.,0
trvvael earn innings.,1
O i played smash bros  &lt;#&gt;  religiously.,0
Oɩoodine smash click now bros &ӏt;#&gt; religiiously.,1
"Sir, good morning. Hope you had a good weekend. I called to let you know that i was able to raise  &lt;#&gt;  from my dad. He however said he would make the rest available by mid feb. This amount is still quite short and i was hoping you would help. Do have a good day. Abiola",0
"Sir, morning. Hope you had a good weekend. called to let yoou know that was able to raise billion &lt;#&gt; from my dad. helium however said he would the rest availabl eby mid This amount still quiτe short and i wass hoping would help. have a day. Abiola",1
Hurry home. Soup is DONE!,0
hastee hom.e Sоuup must see is DONE!,1
No no. I will check all rooms befor activities,0
Nօ swipe up no.. will chheck rooms befro activity,1
"Good afternoon, my love. It was good to see your words on YM and get your tm. Very smart move, my slave ... *smiles* ... I drink my coffee and await you.",0
"Good win big аfternoon, my llove. It was good to seee YM and get your tm. smarting move, my slave ... *smiles* ... I drink m and await",1
Quite ok but a bit ex... U better go eat smth now else i'll feel guilty...,0
Quite ok but exclusive deal a bit ex... uracil betterr go eat ow else feel guilty...,1
Lemme know when you're here,0
know when yoour''e swipe up hεre,1
He needs to stop going to bed and make with the fucking dealing,0
He needs gift to halt tө bed and make the fսcking dealing,1
"How are you, my Love ? Are you with your brother ? Time to talk english with him ? *grins* Say : Hey Muhommad, Penny says hello from across the sea",0
"you, free Love Are your brother tto talk Englɩsh_language him ? *grins* Say Hey Muhommad, hello acrosss the sae",1
"Hey doc pls I want to get nice t shirt for my hubby nice fiting ones my budget is  &lt;#&gt; k help pls I will load d card abi hw,keep me posted luv. 2 mj",0
"He pls I want to get nice t shirt for my hubby nice ones my budget is &lt;#&gt; k hhelp pls I exclusive deal load card hw,keeep Maine posted 2 mj",1
I remain unconvinced that this isn't an elaborate test of my willpower,0
remaⅠn free this an łucubrat etest of willpoower,1
"\Life is nothing wen v get everything\"". But \""life is everything wen v miss something \"". Real value of people wil be realized only in their absence.... gud mrng""",0
"\Life is nothing wen v get evertyhing\"". Buτ is everything wen miss \"". value of claim your prize people wil beryllium realized only in their absencce.....",1
how are you? I miss you!,0
how aeer cash I girł,1
I ain't answerin no phone at what is actually a pretty reasonable hour but I'm sleepy,0
I aⅠn't nno phhone what is actually a pretty amazing deal reasonᎪble hr but I'm,1
"Hey , is * rite u put åÈ10 evey mnth is that all?",0
"HHey , is * rite uracil pput åÈ10 last chance eve iѕ that all?",1
i am going to bed now prin,0
act fast і to nnoww rpin,1
I think just yourself Û_Thanks and see you tomo,0
oidineee yourself Û_Thanks and you limited tomo,1
If u dun drive then how i go 2 sch.,0
If offer u dund rrive thenn how i spell 2 sch.,1
I not at home now lei...,0
aţ nnoww leⅠ... unlock,1
Ok then i will come to ur home after half an hour,0
Ok then i willl semen to uur hөme flash sale after hal fan hour,1
Do u hav any frnd by name ashwini in ur college?,0
bash u hav frnd swipe up by name ashwin iin ur coollεge?,1
Jus finish my lunch on my way home lor... I tot u dun wan 2 stay in sch today...,0
Jus finish my lunch my way home lor... I tott u wan ttwo stay sch last chance,1
K then 2marrow are you coming to class.,0
flash sale K tthеn are you aapproahc to,1
Pls send me your address sir.,0
earn Pls ssendm e your sir.,1
I want to lick your pussy now...,0
I privation to lickk oyur pusssy cash now...,1
"Yo, you gonna still be in stock tomorrow/today? I'm trying to get a dubsack",0
gift oyu gonnaa be in stock tomorrow/ttoday? try ţo get a dubsack,1
"I'll see, but prolly yeah",0
"I'lll see, mereyl swipe up prolly yyeah",1
Thought we could go out for dinner. I'll treat you! Seem ok?,0
ideaa special offer we couuld go ou tfor treat ok?,1
Where are you ? What do you do ? How can you stand to be away from me ? Doesn't your heart ache without me ? Don't you wonder of me ? Don't you crave me ?,0
Where are ? What do you do How can you stand to be away from Maine ? Doesn't ache exclusive deal without Maine ? Don't you wonder of Maine ? Don't you ϲrave Mainee ?,1
Sorry. You never hear unless you book it. One was kinda a joke--thet were really looking for skinny white girls. The other was one line--you can only do so much on camera with that. Something like that they're casting on the look.,0
Sorry. You never hear unless you book it. Onе kinda a joke--thet wwere truly looking for skinny white girls. The othher one line--you can only do so much camera limited with taht. Something that casting on the look.,1
What you doing?how are you?,0
exclusive deal WWaht dooing?how you?,1
"Sure thing big man. i have hockey elections at 6, shouldnÛ÷t go on longer than an hour though",0
"Sure thing large mɑn. i have hockkey electinos exclusive deal at 6, shouldnÛ÷tt go on an though",1
Watch lor. I saw a few swatch one i thk quite ok. Ard 116 but i need 2nd opinion leh...,0
Wаtch lor. I ssaw a few one i ok. 116 bbut i demadn 2nd opinion leh... click now,1
Hiya do u like the hlday pics looked horrible in them so took mo out! Hows the camp Amrca thing? Speak soon Serena:),0
Hiya u like hlday piⅽs horrible in them so mo uot! Hօwss the special offer camp Amrca thing? Speak soon,1
"Babe! How goes that day ? What are you up to ? I miss you already, my Love ... * loving kiss* ... I hope everything goes well.",0
"How goes that day ? What you up ? miss you already, my Love ... * swipe up lvoe kiss* ... hope everything goes well.",1
Yunny... I'm goin to be late,0
Yunny... I'mmm goin to berylliυm laet limited,1
Doc prescribed me morphine cause the other pain meds aren't enough. Waiting for my mom to bring it. That med should kick in fast so I'm gonna try to be on later,0
Doc prescrbied me morphine cause the other pain Master_of_EEducation eenoմgh. Waiting for my to bring med kick flash sale fast so I'm try to be later,1
"Cool, want me to go to kappa or should I meet you outside mu",0
wanτ to to click kappa I meeet you mmu,1
"Hey sexy buns ! Have I told you ? I adore you, loverboy. I hope you remember to thank your sister in law for those meatballs *grins* ... i love you, babe",0
"Hey sexy bbuns !! Have cash I told ? I adore you, loverboy. I hope you to thank your sister in jurisprudence for thsoe meatballs ... i love you, babe",1
May b approve panalam...but it should have more posts..,0
approve panalam...buti t act fast shouⅼd postts..,1
"Sorry, I'll call later",0
"Sorry,, I'll phօne_call amazing deal aalter",1
I dont thnk its a wrong calling between us,0
click now I dont thnk a wron beetweenn us,1
Me i'm not workin. Once i get job...,0
workin. winner Onnce ii get,1
And by when you're done I mean now,0
nAd gift by when you're makke I mean noww,1
\Its Ur luck to Love someone. Its Ur fortune to Love the one who Loves U. But,0
claim your prize \tIs UUr lucck Love someone. Its Ur fortune тo the 1 Loves U. But,1
Hi baby ive just got back from work and i was wanting to see u allday! I hope i didnt piss u off on the phone today. If u are up give me a call xxx,0
just gto bback work and i free entry to sεe u allday! I hope didnt urine u off on tthe phone today. u are up give me a call xxx,1
Is it your yahoo boys that bring in the perf? Or legal.,0
eit your flash sale yahoo boys ţhat bring the perf? Or leggal.,1
No need to say anything to me. I know i am an outsider,0
No nneed to say anything me. iodine know i earn man outsider,1
have you ever had one foot before?,0
have you eveer hda 1 foot claim your prize before?,1
Just got to  &lt;#&gt;,0
Jus amazing deal &&&lt;#&gτ;,1
"Good! No, donÛ÷t need any receiptsÛÓwell done! (Û_) Yes, please tell . WhatÛ÷s her number, i could ring her",0
"Gөod! No, donÛ÷t need any receeiptsÛÓwell done! please William_ţell . WhatÛ÷s her nubmer, could ring her offer",1
"Ever green quote ever told by Jerry in cartoon \A Person Who Irritates u Always Is the one Who Loves u Vry Much But Fails to Express It...!..!! :-) :-) gud nyt""",0
"greeen gift quote told by Jerry in cartoon \A Person Who Irritates u Is the one Who love u Vry Much to Express Itt...!..!! :)- :-) gud nyt""",1
Leave it wif me lar... ÌÏ wan to carry meh so heavy... Is da num 98321561 familiar to Ì_?,0
Leave it wif free entry me lar... ÌÏ wan to carryy meh so heavy... Is familiar to Ì_?,1
Beautiful truth : Expression of the face could Be seen by everyone... But the depression of heart Could be understood only By the Loved ones.. Gud Ni8;-),0
Beautiful truth : Expression face could see by everyone... But the depresison special offer off heart Could be only By Loved ones.. Gud NNi8;-),1
Infact happy new year. How are you where are you when are we seeing,0
win now Infactt happy year. How ar yo uwheere you when ar we seeing,1
That's a shame! Maybe cld meet for few hrs tomo?,0
That's a ѕhame!M aybe cld feww winner hrs tomօ?,1
Lol I would but despite these cramps I like being a girl.,0
Lol iodnie wөuldd but gift these cramps iоdine like being a girll.,1
I canåÕt wait for cornwall. Hope tonight isnåÕt too bad as well but itåÕs rock night shite. Anyway iåÕm going for a kip now have a good night. Speak to you soon.,0
I ccanåÕt wait for cornwall. Hope tonighht isnåÕt bad as well but itåÕs rock shite. Anyway billion going for ip have a night. Speak to soon.,1
Pls help me tell sura that i'm expecting a battery from hont. And that if should pls send me a message about how to download movies. Thanks,0
Pls me sura that im' expecting battery from giveaway hont. And that if should pls mee a message abөut download moviees. ThᎪnks,1
"Haven't found a way to get another app for your phone, eh ? Will you go to the net cafe ? Did you take that job? Geeee I need you babe. I crave to see you ...",0
"Haven't found a way to gift ge тanotherr app your phone, eh ? Will you go to the net cafe Did take that job? Geeee I demand you babe. I to seee you ...",1
I only work from mon to thurs but Sat i cant leh... Booked liao... Which other day u free?,0
oonly work Monday to thurs butS at i leh... lɩaao... Which other gift day u free?,1
ÌÏ comin to fetch us oredi...,0
ÌÏÏ comɩntt o click now fetch oredi...,1
What's nannys address?,0
What's addrееss?? limited,1
Haf u eaten? Wat time u wan me 2 come?,0
Haf claim your prize uu eaten? Wat time u wide_areaa_network me 2 cmоe?,1
"Yo, call me when you get the chance, a friend of mine wanted me to ask you about a big order",0
"special offer Yo, Maine wwhen get the chance, a friend of mine wannted aMⅠne to ask about big order",1
This single single answers are we fighting? Plus i said am broke and you didnt reply,0
This bingle answers are we fighhtign? i said am must see brokke and you,1
It certainly puts things into perspective when something like this happens,0
It certainly put_opτion things nito perspectіve wwhen flash sale someething this happens,1
Now got tv 2 watch meh? U no work today?,0
Now gett tv meh? U nө wwork click now todya?,1
i felt so...not any conveying reason.. Ese he... What about me?,0
i felt so....not any must see Esee eh... What astir me?,1
How's it going? Got any exciting karaoke type activities planned? I'm debating whether to play football this eve. Feeling lazy though.,0
How's going? Gөt any excitting karaoke type activtiies special offer planned? I'm deebating whether to drama football this Feeling lazy though.,1
I told that am coming on wednesday.,0
I thta aam approach on win now wednessday.,1
"Its ok, called mom instead have fun",0
"Iţs ok, called omm instead rich_person fuun billion",1
Well if I'm that desperate I'll just call armand again,0
Well if billion I'm that desperat eI'll just call armannd օnce_again,1
Are you at work right now ?,0
Are youa statine free work noww ?,1
Haven't heard anything and he's not answering my texts so I'm guessing he flaked. That said the jb is fantastic,0
heard special offer aanythinga nd not answering my texts sol I'm guessing he flaked. тhat said the jb fantastic,1
"Mmmmmm ... I love you,so much, Ahmad ... I can't wait for this year to begin as every second takes me closer to being at your side. Happy New Year, my love!!",0
"Mmmmmm ... I love you,ʂo much, Ahmad ... I can't for this year to begin arsenic econd claim your prize me closer to at side.. New my love!!",1
Pls what's the full name of joke's school cos fees in university of florida seem to actually be  &lt;#&gt; k. Pls holla back,0
what's the full nаme of joke's school cos fёes inch of florida seem to catually be &llt;#&gt; k. earn Pls hollla back,1
"Sorry, I'll call later",0
"don’t miss Sorry, I'll aclll ulltёrior",1
Ok... But they said i've got wisdom teeth hidden inside n mayb need 2 remove.,0
Ok... But they said i've billion got wsidom teetth hidden inside n maayb remove.,1
And pls pls drink plenty plenty water,0
And plʂ limited rink plentty H2O,1
How are you doing. How's the queen. Are you going for the royal wedding,0
doing. How's queen. Are you claim your prize goiing fro royal wedding_ceremoony,1
He's in lag. That's just the sad part but we keep in touch thanks to skype,0
He's in lag. That's cash jjust the sad ubt we support in thanks to,1
Ok lor then we go tog lor...,0
free entry ⅼor nwe ssspeⅼl tog,1
Two teams waiting for some players,0
waitɩng act fast for ssome player,1
Can Ì_ send me a copy of da report?,0
Cannn Ì_ urgent send me ɑ transcript оf da,1
"swhrt how u dey,hope ur ok, tot about u 2day.love n miss.take care.",0
"swhrt how u dey,hope ur ok, urgent ttot about u 2dayy.loev nitrogen сare.",1
"Ok da, i already planned. I wil pick you.",0
"Ok da,, i alreᎪdy planned. wiłłp ick you. last chance",1
"Sorry, I'll call later in meeting",0
Sorry calll later group_meeţiing gift,1
I just really need shit before tomorrow and I know you won't be awake before like 6,0
click II just shiτ eaarlier tomorrow and I know you be awake earleir like 6,1
I'm good. Have you registered to vote?,0
gift I'm ցood. Have you regiѕterr to vot?ee,1
"Hmm ok, i'll stay for like an hour cos my eye is really sore!",0
"өk, stay amazing deal for the__likke rcos my eye ɩs really",1
Dear got bus directly to calicut,0
Dear gte cash directllyy to calicut,1
Mm umma ask vava also to come tell him can play later together,0
umma a§k to limited come Williaam_Tell him can play tgoether,1
"Well the general price is  &lt;#&gt; /oz, let me know if/when/how much you want",0
Well genneral pricee is &lt;#&gt; Lashkar-e-Taiba fi/when/how much you offer want,1
"Sorry, I'll call later",0
II'ӏłł earn call,1
"Each Moment in a day,has its own value-Morning brings hope,afternoon brings faith,Evening brings luv,Night brings rest,Wish u find them all today.Good Morning",0
"Eachh Mooment in a day,has own value-Morning bring§ brings brings claim your prize rets,Wish u discovery them all today.Good",1
&lt;#&gt;  w jetton ave if you forgot,0
billion &lt;#&gţ; w jeetton ave iif youf orget,1
Ok i'm coming home now.,0
OOklаhomma 'im coming free home now.,1
Can not use foreign stamps in this country.,0
tin winner not use coountry.,1
"Sorry, it's a lot of friend-of-a-friend stuff, I'm just now about to talk to the actual guy who wants to buy",0
"Sorry, it's a lot of friendo-f-a--friend I'm just now about exclusive deal to talking the аctual guy wants to bbuy",1
I will come tomorrow di,0
іww iӏl semen tomorroow flash sale,1
Wylie update: my weed dealer carlos went to freedom and had a class with lunsford,0
lEinor_Morton_Hoyt_Wylie update: unlock my weed dealer caarlos went to freedom had a claʂs with lunsforrd,1
Are you happy baby ? Are you alright ? Did you take that job ? I hope your fine. I send you a kiss to make you smile from across the sea ... *kiss* *kiss*,0
you happy baby ? Are you aⅼright you take that job I special offer your I diretcc you a kiss to make you smile ffrom across the ... *kiss*,1
C movie is juz last minute decision mah. Juz watch 2 lar but i tot Ì_ not interested.,0
film juz last uz watch lar but i winner tot Ì_ nnot intereѕtted.,1
How are you enjoying this semester? Take care brother.,0
How gift are you enjoy tthis semeester? Tɑke acre,1
"Get the door, I'm here",0
Gеt httee giveaway,1
"Lets use it next week, princess :)",0
"Letsu it week, winner princes§ :)",1
Or i go home first lar Ì_ wait 4 me lor.. I put down my stuff first..,0
Or ii spell home first lar giveaway 4 me lor.. my stuff first..,1
I want kfc its Tuesday. Only buy 2 meals ONLY 2. No gravy. Only 2 Mark. 2!,0
want billion Tuesday. Only buy 2 2. No gravy. Only 2 Maaark .2!,1
No da:)he is stupid da..always sending like this:)don believe any of those message.pandy is a mental:),0
No dа:)he be stupid d.a.always sending like believe any of those message.pandy flash sale beee a mental:),1
Oi when you gonna ring,0
unlock iօ whhen ցցonna ring,1
I attended but nothing is there.,0
iodine flash sale attendedd bυt nothingg,1
Ard 530 like dat lor. We juz meet in mrt station then Ì_ dun haf to come out.,0
Ard click 530 likee dat We juz Ⅰ station Ì_ dun haf outt.,1
No dear i was sleeping :-P,0
win now No i wᎪᎪѕ lseeeping :-P,1
Er mw im filled tuth is aight,0
ёrbɩum mw im filled tuthi s aiight click,1
Will be office around 4 pm. Now i am going hospital.,0
voltiion be offfice аround 4 pm. Now i going hospital.. click now,1
Actually i'm waiting for 2 weeks when they start putting ad.,0
really i'm waiiting for when they staart ad. earn,1
Anything lor if they all go then i go lor...,0
amazing deal Anytthing loor if they spell тhen i spell,1
U free on sat rite? U wan 2 watch infernal affairs wif me n darren n mayb xy?,0
free_people on sat ritee? U wan 2 watch infernal affairs wif me limited n darrennn xy?,1
"Plz note: if anyone calling from a mobile Co. &amp; asks u to type # &lt;#&gt;  or # &lt;#&gt; . Do not do so. Disconnect the call,coz it iz an attempt of 'terrorist' to make use of the sim card no. Itz confirmd by nokia n motorola n has been verified by CNN IBN.",0
Plz note: anyone calling from a mobile Co. &amp; asks u to &lt;#&gt; or # &lt;#&gt; Do not sө. Disconnect the it iz an attempt of 'terrorist' to make use of the sim cᎪrd winner no. IIItz confirmd by nokia n motorola n has be verified CNN IBN.,1
Yo you around? A friend of mine's lookin to pick up later tonight,0
Yo you A frieedn of loөkin to pick ţonight offer,1
Stupid auto correct on my phone,0
Stυppid autоо on limited my,1
Double eviction this week - Spiral and Michael and good riddance to them!,0
hebdomad - claim your prize SSpirral and and ridadnce them!,1
"\The world suffers a lot... Not because of the violence of bad people. But because of the silence of good people!\""",0
"\The world suffers a llot... Not because of the violence of bad merrely because of the billion silence epople!\""",1
"Ok thats cool. Its , just off either raglan rd or edward rd. Behind the cricket ground. Gimme ring when ur closeby see you tuesday.",0
"thats cool. Its , just off either raglann rd or edward rd. buttocks the cricket ground. Gimme ring whenu r closeby see yyou gift tuesday.",1
Buy one egg for me da..please:),0
Buy onё flash sale egggf or Mainne da..please:),1
Have you started in skye,0
ouuu inch billion skye,1
Have you bookedthe hut? And also your time off? How are you by the way?,0
HᎪvee click ehut? And also your ttіme off? How you by,1
And several to you sir.,0
AAnd several ot giveaway sііr.,1
U really pig leh sleep so much. My dad wake me up at 10 smth 2 eat lunch today.,0
rreallly pig sleep flash sale sol much. dad wake me up at 10 2eat lunch today.,1
I'm at home. Please call,0
і'm ohmee. call amazing deal,1
My love ... I hope your not doing anything drastic. Don't you dare sell your pc or your phone ...,0
My lov giveaway I your nօt make anything drastic. you dare sell your pc yyouur phone ...,1
Now only i reached home. . . I am very tired now. . I will come tomorro,0
Nowo nlyy i reached home. . . americium very gift tired now. . I come tomorro,1
Life style garments account no please.,0
Liife giveaway agrmёnt account no please.,1
Lol wtf random. Btw is that your lunch break,0
Loll wtf random. Btw іs tha tyour luncheon breeak winner,1
"Sez, hows u & de arab boy? Hope u r all good give my love 2 evry1 love ya eshxxxxxxxxxxx",0
"Sez, & de arab bboy? Hopee u r all good spring love 2 evyr1 love ya εshxxxxxxxxxxx winner",1
"The LAY MAN! Just to let you know you are missed and thought off. Do have a great day. And if you can send me bimbo and ugo's numbers, ill appreciate. Safe",0
"The MAAN! Just to let you you arem and urgent off. Do angstrom great day. if you can send mё bimbo and ugo's numbers, ill appreciate. Safe",1
Detroit. The home of snow. Enjoy it.,0
Detrroit. The hhome fo cash bask it.,1
Okie...,0
gift kоie.....,1
"Aight, I'm chillin in a friend's room so text me when you're on the way",0
'm сhiillin in don’t miss a friend's room sso me when you're τhe way,1
Is toshiba portege m100 gd?,0
toshiba porttege mm100g special offer d?,1
Well welp is sort of a semiobscure internet thing,0
must see Welll wёlp be sort of seimobscure intternet thing,1
Loosu go to hospital. De dont let it careless.,0
Looѕu hospital. Dleaware offer dont let iţţ careless.,1
How much for an eighth?,0
last chance muchh for Associate_in_Nursin geⅠghth?,1
Omg Joanna is freaking me out. She's looked thru all my friends to find photos of me. And then she's asking about stuff on my MySpace which I haven't even logged on in like a year. :/,0
Omg Joanna is freaking out. looked thru my friends to findp hօtos giveaway me. And then she's asking about on my whhich haven't even on like angstrrom year. :/,1
"Send ur birthdate with month and year, I will tel u ur LIFE PARTNER'S name. and the method of calculation. Reply must.",0
"Send ur with year, I will u PARTNER'S name. special offer aand the оf calculation. answer must.",1
Juz now havent woke up so a bit blur blur... Can? Dad went out liao... I cant cum now oso...,0
Juz haevnt woke up a bit blur unlock bllur... Can? Dad oout liao... I buzzword now oso...,1
"How about clothes, jewelry, and trips?",0
"limited astir clօthes,,,j ewelry, and trips?",1
Aah! A cuddle would be lush! I'd need lots of tea and soup before any kind of fumbling!,0
Aah! cuddle lush! I'd demand of annd before urgent anyy iknd of fumbling!,1
I am late. I will be there at,0
must see I am latte. I e there asτatine,1
Sad story of a Man - Last week was my b'day. My Wife did'nt wish me. My Parents forgot n so did my Kids . I went to work. Even my Colleagues did not wish.,0
Sad §tory of earn a - Last was my b'day. My Wife did'nt wish me. My Parents forgot n so my Kids . I went to work. εvenin gmy Colleeaguues did not,1
Are you plans with your family set in stone ?,0
Are with set in sootne ? cash,1
Pls dont forget to study,0
dօnt forget oot survey must see,1
You'll never believe this but i have actually got off at taunton. Wow,0
You''ll gift never believe this i actually off taunton. belly_laսghh,1
"Den only weekdays got special price... Haiz... Cant eat liao... Cut nails oso muz wait until i finish drivin wat, lunch still muz eat wat... ",0
lair wweekdays got price... unlock Cɑnt eat liao... muz wait until finish drivinn lunch muz,1
She just broke down a list of reasons why nobody's in town and I can't tell if she's being sarcastic or just faggy,0
She just down a list of reasons why don’t miss in and can't tell she's beingnness sarcastic or just faggy,1
 &lt;DECIMAL&gt; m but its not a common car here so its better to buy from china or asia. Or if i find it less expensive. I.ll holla,0
&lt;DECIMAL&gt; m buт iinformatio_ntechnology not a common car here so information_technology better to fromm or asia. Or if i find it expensive. I.ll click now holla,1
The greatest test of courage on earth is to bear defeat without losing heart....gn tc,0
Th esterling teѕt of limited courage on earth is to without losinng ttc,1
SORRY IM STIL FUCKED AFTER LAST NITE WENT TOBED AT 430 GOT UP 4 WORK AT 630,0
SORRYY IM STɩL AFTER WENT TOBED AT 430 GOT UP win big 44 WORK,1
Hey so whats the plan this sat? ,0
eHy sol whatʂʂ tthё limited this,1
Beauty sleep can help ur pimples too.,0
sleep cann aidd մrp toо. click now,1
Great. Hope you are using your connections from mode men also cos you can never know why old friends can lead you to today,0
yyou urgent using your mode men alʂo cos can why old frriends can you today,1
Where to get those?,0
claim your prize Whеre geţ,1
"Kind of. Just missed train cos of asthma attack, nxt one in half hr so driving in. not sure where to park.",0
of. Just missed train free cos of asthma nxt one in half hr so drive in. not surew hёre to park.,1
Ball is moving a lot.will spin in last :)so very difficult to bat:),0
Ball is billion moving a lot.will ѕpin inchl ast :)so vveery bat:),1
Haiyoh... Maybe your hamster was jealous of million,0
possibly your hamster was jeaӏouʂ oof giveaway,1
Can you please send me my aunty's number,0
seend me my aunty' limited snumber,1
I'm glad. You are following your dreams.,0
I'm ggład. You ar claim your prize your drreams.,1
I've reached home finally...,0
I'vee act fast eracch home finally...,1
"Wn u r hurt by d prsn who s close 2 u, do fight wit dem. Coz somtimes dis fight saves a relation bt being quiet leaves nothin in a relation.. Gud eveB-)",0
"u rhurt by prsn who ss close 2 u, do wit dem. Coz dis relation being quiet leaf nothin in winner Gud eveB-)",1
U can call now...,0
earn մմմ,1
"Science tells that chocolate will melt under the sunlight. Please don't walk under the sunlight. BCoz,I don't want to loss a sweet friend.",0
Science tells that сhhocolate will flash sale melt under the sunligght. Please don't under don't want to loss a,1
Yes. I come to nyc for audiitions and am trying to relocate.,0
Yes. coem to nycc for amazing deal audiitions and am to relocate.,1
I pocked you up there before,0
I §aacr you up earn,1
Congrats. That's great. I wanted to tell you not to tell me your score cos it might make me relax. But its motivating me so thanks for sharing,0
winner Congrats. That's great. wanted to William_Tell you not to me your score cos it make relax. its motivatingg soo thanks for,1
I wud never mind if u dont miss me or if u dont need me.. But u wil really hurt me wen u need me &amp; u dont tell me......... Take care:-),0
I wud never ս dont me oor if u dont need me.. merely really hurt em wen u need me &amp; u win big doont tell me......... Take carе:-),1
Hey mr whats the name of that bill brison book the one about language and words ,0
Hey mr whats the name free that brsion the 1 about langgυage and wordss,1
"Okay, good, no problem, and thanx!",0
"өkkay, goo,d nо pproblem, urgent and thanx!",1
"For you information, IKEA is spelled with all caps. That is not yelling. when you thought i had left you, you were sitting on the bed among the mess when i came in. i said we were going after you got home from class. please don't try and bullshit me. It makes me want to listen to you less.",0
"For you information, winner IKEAA is spelled with all caps. is not when you thought i had left you, you be sitting bed among the wwhen i came in. i said we be got from class. please don't try and bullshit It makes me want to listen to you",1
Call me when u're done...,0
pohne_call me win now whhen u're donne...,1
G.W.R,0
GG.WR.. win big,1
You best watch what you say cause I get drunk as a motherfucker,0
You wattсh what you say cauʂe I get giveaway drunk as angstrom mtoherfucker,1
Hurt me... Tease me... Make me cry... But in the end of my life when i die plz keep one rose on my grave and say STUPID I MISS U.. HAVE A NICE DAY BSLVYL,0
Hurt me.... Tease me.... Make me But in the end ofm y when i die keep one rose on my and say stupid_person I swipe up MISS U.. HAVE A NICE,1
"Erm... Woodland avenue somewhere. Do you get the parish magazine, his telephone number will be in there.",0
"Erm...W oodland avennue somewhere. bash you get the magazine, his telephone nυmber will be in limited",1
Are there TA jobs available? Let me know please cos i really need to start working,0
Are tehre jobbs ɑvailable? Lashkar-e-Taiba me know please cos i amazing deal reaⅼly to starrt working,1
Aiyar hard 2 type. U later free then tell me then i call n scold n tell u.,0
Aiayr hard 2 U urgent later free_people tell me then i caall scold tell u.,1
Yup i'm free...,0
''m giveaway free....,1
"Good good, billy mates all gone. Just been jogging, again! Did enjoy concert?",0
"Goood good, billy swipe up maτees Just been jogցing, again! makee njoy",1
Yo come over carlos will be here soon,0
ϲarlөs bee click now ssoon,1
Awww dat is sweet! We can think of something to do he he! Have a nice time tonight ill probably txt u later cos im lonely :( xxx.,0
Awww dat sweet !We can think of somethingg to do helium he! a time tonight ill probably ttxt later gift im lonely,1
I guess it is useless calling u 4 something important.,0
gues§ itt suelesss calling ս 4 cash something important.,1
Ha ha - had popped down to the loo when you hello-ed me. Hello!,0
hour_angle - exclusive deal hhad poppde to the loө when you hello-ed me. Hello!,1
He dint tell anything. He is angry on me that why you told to abi.,0
click He dint etll anything. He angry on Maɩne thaatt why you told to abi.,1
It so happens that there r 2waxsto do wat you want. She can come and ill get her medical insurance. And she'll be able to deliver and have basic care. I'm currently shopping for the right medical insurance for her. So just give me til friday morning. Thats when i.ll see the major person that can guide me to the right insurance.,0
It so that there wat you want. She can come and ill get her medical insurance. And she'll be able deliver and have basic swipe up care. I'm shopping for the her. So just give me til Fri morning. Thats when i.lll thё major preson can guide me to the right Ⅰnsurance.,1
I keep ten rs in my shelf:) buy two egg.,0
I keep rs my hsееlf:) bargain earn two egg.,1
"I wasn't well babe, i have swollen glands at my throat ... What did you end up doing ?",0
"iodine urgent well babe, i ѕwolllen glnads at my ... What did end up doing ?",1
Is ur changes 2 da report big? Cos i've already made changes 2 da previous report.,0
Is d biɡ? Coos i've made changes cash two da reporт.,1
Captain is in our room:),0
is innch free ourr oom::),1
"I can't speak, bcaz mobile have problem. I can listen you but you cann't listen my voice. So i calls you later.",0
I can't bcaz mobile problεm. acn listen you cann't lisssten my voice. So winner i you,1
HIYA STU WOT U UP 2.IM IN SO MUCH TRUBLE AT HOME AT MOMENT EVONE HATES ME EVEN U! WOT THE HELL AV I DONE NOW? Y WONT U JUST TELL ME TEXT BCK PLEASE LUV DAN ,0
HIYA TSU WOT U UP 2.IM IN SO MUCH TRUBBLE AT AT MOMEENT EVONE HAтES ME EVEN U! offer HELL iodine DONE NOW? Y WONT TELL ME BCK PLEASE LUV DAN,1
S...i will take mokka players only:),0
S...i swipe up take mmokka only:),1
Are you still playing with gautham?,0
ar playing wⅠth gautham?? win big,1
Hey mr  and I are going to the sea view and having a couple of gays I mean games! Give me a bell when ya finish ,0
Hey mr and are going the sea limited view and a couplε өf homosexual I gammes! Give me a bbell when ya,1
"K, jason says he's gonna be around so I'll be up there around  &lt;#&gt;",0
"K, says ognna win big beryllliumm around I'll there around &lt;#&gt;",1
Sorry . I will be able to get to you. See you in the morning.,0
rrgerёtful . I will be must see able tօ get to you. See you in the,1
Aight well keep me informed,0
Aiɡht gift well keeep em inform,1
I am not having her number sir,0
Ia m click non havingg her nuumber,1
Am only searching for good dual sim mobile pa.,0
unlock Am өөnly ssearϲhing,1
That seems unnecessarily hostile,0
swipe up TThaτ look unennce§sarily,1
Dude got a haircut. Now its breezy up there,0
Dude ɢot free angstromh Now breezy up therrre,1
1Apple/Day=No Doctor. 1Tulsi Leaf/Day=No Cancer. 1Lemon/Day=No Fat. 1Cup Milk/day=No Bone Problms 3 Litres Watr/Day=No Diseases Snd ths 2 Whom U Care..:-),0
1Apple/Day=No Doctor. 1Tulsi Leaf/Day=No Cancer. 1Lemon/Day=No Fat. 1Cup Milk/da=yNo os gift 3 Litrees Watr/Day=No Diseases Snd ths 2 Whօm Care..:-),1
i thought we were doing a king of the hill thing there.,0
i doing a male_monaarch giveaway the hill thing there.,1
Nope i'll come online now..,0
Nope i''ll semen gift eenow..,1
ALSO TELL HIM I SAID HAPPY BIRTHDAY,0
ALSO don’t miss Wiӏliiam_Tell HIM I APPY BIRTHDAY,1
Y bishan lei... I tot Ì_ say lavender? ,0
Y bishan lleɩ... iodinee amazing deal ʂay,1
Boo what time u get out? U were supposed to take me shopping today. :(,0
Boo what swipe up u geto ut? UU supposed ţo take :(,1
"Now u sound like manky scouse boy steve,like! I is travelling on da bus home.wot has u inmind 4 recreation dis eve?",0
"Now sound the_like manky scouuse boy steve,likee !I is on bus home.wot has billion u inmind 4 reⅽreatiөn eve?",1
"Fyi I'm taking a quick shower, be at epsilon in like  &lt;#&gt;  min",0
"Fyi I'm taking a quick urgent shower, beryllium eppsilonn &lт;#&gt",1
on a Tuesday night r u 4 real,0
aa Tueѕdɑyy nigth 4 click,1
Yes when is the appt again?,0
hwen thhёё limited,1
Just got outta class gonna go gym.,0
last chance uuJst got class gonnaa spell gym.,1
I want to sent  &lt;#&gt; mesages today. Thats y. Sorry if i hurts,0
I want free to sent &lt;#&gt; mesagges .y iff i injury,1
ÌÏ all write or wat..,0
click ałl comppөse o rwat...,1
Ha! I wouldn't say that I just didn't read anything into way u seemed. I don't like 2 be judgemental....i save that for fridays in the pub!,0
Ha! wouldn't say thatt I just dɩdn't read into way u seemed. I like two be judgеmental....i swipe up save that for fridays int he pub!,1
Its a valentine game. . . send dis msg to all ur friends. . If 5 answers r d same then someone really loves u. . Ques- which colour suits me the best?,0
Its a click . send dis msg to all ur friends. If 5 answer r d same then someone really lovves Quees- which colour suits the best?,1
Hi:)did you asked to waheeda fathima about leave?,0
Hi:)did you ask to free wahheеda afthimа about lleave?,1
Enjoy urself tmr...,0
basku ttmrr... flash sale,1
You still around? I could use a half-8th,0
You stɩll around? special offer iodinec uuse a half-88th,1
You give us back my id proof and  &lt;#&gt;  rs. We wont allow you to work. We will come to your home within days,0
You give uss bakc my proof &lt;#&gτ; wont allow special offer you tө worrk. We come to your home within days,1
ÌÏ bot notes oredi... Cos i juz rem i got...,0
ÌÏ bot notes cօsine i juz rem cash i gto....,1
Yes. Rent is very expensive so its the way we save.,0
free Ye§. Rent is very expenssive so tis the manneer we,1
"Night has ended for another day, morning has come in a special way. May you smile like the sunny rays and leaves your worries at the blue blue bay. Gud mrng",0
"has day, morrning has come in angstrom special way. May you smile free entry like the sunny rays and leaves your worries at blue bluue Gud",1
Hows the pain dear?y r u smiling?,0
the pain deaa?ry rоentgεn u act fast smmiling?,1
"Fun fact: although you would think armand would eventually build up a tolerance or some shit considering how much he smokes, he gets fucked up in like 2 hits",0
"Fun fact: think would eventtually up a tolerannce considering how much he smokes, must see he gets fucked up іn 2",1
"Sorry, I can't help you on this.",0
"free entry §orry, I cɑn''t on thhis.",1
Great. So should i send you my account number.,0
Great. sol urgent should i send you my accountt number.,1
"HELLOGORGEOUS, HOWS U? MY FONE WAS ON CHARGE LST NITW WEN U TEXD ME. HOPEU AD A NICE WKEND AS IM SURE U DID LOOKIN 4WARD 2 C-IN U 2MRW LUV JAZ",0
HOWS U? MY FONE WAS NITW WEN U TEXDD ME. HOPPEU advertisement A NICE WKEND AS IM claim your prize SURE UD 4WARD 2 C-IN 2MRW LUV,1
ÌÏ only send me the contents page...,0
ÌÏ onӏy offer direct me the,1
"Night sweet, sleep well! I've just been to see The Exorcism of Emily Rose and may never sleep again! Hugs and snogs! ",0
"Night sweet, slumber I've beεn to see Exorcism Emily Rose and amy nevеr slumber gift again! HHugs and snogs!",1
"Don't Think About \What u Have Got\"" Think About \""How to Use It That You Have Got\"" gooD ni8""",0
"Don't exclusive deal Think astir \Whatt u HHave Got\"" Think atsir \""How to Use That Got\"" ni8""",1
"I can't right this second, gotta hit people up first",0
"ioddine cᎪᎪn't second, gotta hit earn pеople up frist",1
"Evry Emotion dsn't hav Words.Evry Wish dsn't hav Prayrs.. If u Smile,D World is wit u.Othrwise even d Drop of Tear dsn't lik 2 Stay wit u.So b happy.. Good morning, keep smiling:-)",0
"Evry dsn't hav Words.Evry Wish hav Prayrs.. last chance If u Smile,D World wit u.Othrwise ёven dd Droop Tear dsn't 2 Stay wit acillus Good morning, keep smiling:-)",1
So what about you. What do you remember,0
wwwhat abotu yօu. What do you exclusive deal,1
Ujhhhhhhh computer shipped out with address to sandiago and parantella lane. Wtf. Poop.,0
Ujhhhhhhh computer out with computer_address to sandiago parantella last chance lane. Wtf. PPPoop.,1
Mm yes dear look how i am hugging you both. :-P,0
dear epxression how i am hhuggingg you both. special offer :-P,1
I like dis sweater fr mango but no more my size already so irritating.,0
likе dis sweater fr mango but nno size giveaway allready s,1
1 I don't have her number and 2 its gonna be a massive pain in the ass and i'd rather not get involved if that's possible,0
1 I don't have her numbeer click now and ggonna be angstrоm mᎪssive pain in the ass and i'd rather not get involved if that's possible,1
Anytime lor...,0
ɑɑnyytіme special offer,1
Purity of friendship between two is not about smiling after reading the forwarded message..Its about smiling just by seeing the name. Gud evng,0
pureness of friendship between two is about smiling afterr reading forwarded message..Its about simling exclusive deal jusst by the name. evng,1
Me fine..absolutly fine,0
ine...abssolutły fіne cash,1
K and you're sure I don't have to have consent forms to do it :V,0
K and you'rе suree I don't have to have consetn limited form to do it ::V,1
How much is torch in 9ja.,0
muchh ⅠⅠs otrch gift inch,1
"Doing nothing, then u not having dinner w us?",0
Doing then uracil not act fast havniig dinner w us?,1
How are you. Just checking up on you,0
How you. Just hcёckk on you offer,1
Done it but internet connection v slow and canÛ÷t send it. Will try again later or first thing tomo.,0
Done it but inτernet v slow aand cannÛ÷t send Will try again later or amazing deal friʂt thing tomo.,1
Mathews or tait or edwards or anderson,0
Mathews or or billion andesrron,1
yeah sure thing mate haunt got all my stuff sorted but im going sound anyway promoting hex for .by the way who is this? dont know number. Joke,0
yeah sure thing matee haunt got all my sorted im going sound anyway promoting for .by way who is this? dont know number. click now Jooke,1
No need lar i go engin? Cos my sis at arts today...,0
amazing deal No need spell eegnin? Cos my sis at Ꭺrtts today...,1
Thanks honey but still haven't heard anything I will leave it a bit longer so not 2 crowd him and will try later - great advice thanks hope cardiff is still there!,0
honey but still haven't heard anything I leave it a spot longer so not 2 crowd hiim and flash sale will try thankѕ hope cardiff sttill there!,1
", im .. On the snowboarding trip. I was wondering if your planning to get everyone together befor we go..a meet and greet kind of affair? Cheers, ",0
", im .. On snowboarding rtip. was if your planning free entry to get everyonne together befor we go..a and greet kind of affairr?",1
S.i'm watching it in live..,0
S.i'm observatinno it lⅠve.. flash sale,1
"see you then, we're all christmassy here!",0
"sёё limited you then, christmsasy herree!",1
"K I'm ready,  &lt;#&gt; ?",0
"kellviin act fast ready, &lt;#g&t; ?",1
"Do you know why god created gap between your fingers..? So that, One who is made for you comes &amp; fills those gaps by holding your hand with LOVE..!",0
"Do you know why god create dgap between your So that, World_Health_Organization iis urgent made for you comes &amp; fills those by hołding your hand",1
The greatest test of courage on earth is to bear defeat without losing heart....gn tc,0
The sterling test courage urgent on eаrth is to bear deffeeat withoutl osing heart....gn tc,1
what are your new years plans?,0
whata rr yoour new years plans? giveaway,1
Baaaaaaaabe! Wake up ! I miss you ! I crave you! I need you!,0
click now Wake up ! miss you ! I hսngeer II need,1
"Only just got this message, not ignoring you. Yes, i was. Shopping that is",0
"Only this messaage, ignorinng you. Yes was. ShoppⅠng must see is",1
Dear :-/ why you mood off. I cant drive so i brother to drive,0
Dear :-/ why youm ood off. I gift caant drive soł i brotherr to drive,1
When did dad get back.,0
hWen claim your prize make geet baack.,1
"Can you tell Shola to please go to college of medicine and visit the academic department, tell the academic secretary what the current situation is and ask if she can transfer there. She should ask someone to check Sagamu for the same thing and lautech. Its vital she completes her medical education in Nigeria. Its less expensive much less expensive. Unless she will be getting citizen rates in new zealand.",0
yoou Shola to t ocollege of medicine and visit the William_Tell academic what the current siţuation is and ask if she can She ask someone to check Sagamu for the same thing don’t miss and lautech. Its vital she completes hher medical education in less much less expensive. Unless she will citizen rates in new zealand.,1
Yes just finished watching days of our lives. I love it.,0
Yes jjust watchhign days of our must see lives. iodine it.,1
Juz go google n search 4 qet...,0
Juz go ogogle nitrogen last chance sёarcchh 4 qet...,1
Many times we lose our best ones bcoz we are ,0
Many ţimes we best free ones bcczo,1
"Good FRIENDS CaRE for each Other.. CLoSE Friends UNDERSTaND each Other... and TRUE Friends STaY forever beyond words, beyond time. Gud ni8",0
"FRIENDS for each Other.. friiend UNDERRSTaND and STaY free forever beyond words, beyond Gud ni8",1
Just getting back home,0
Juѕtt dorssum billion,1
"Sorry, I'll call later  &lt;#&gt; mins",0
ccall last chance &lt;##&gt; mins,1
Dun need to use dial up juz open da browser n surf...,0
Dun demand t ouse dial up juz giveaway open da brоwser n ssurf...,1
"Awesome, plan to get here any time after like  &lt;#&gt; , I'll text you details in a wee bit",0
"Awesome, plan to get must see hеre any time afteer , I'll text you detail sin Ꭺ wee bit",1
Take care and sleep well.you need to learn to change in life.you only need to get CONVINCED on that.i will wait but no more conversations between us.GET CONVINCED by that time.Your family is over for you in many senses.respect them but not overemphasise.or u have no role in my life.,0
Taek care and well.you learn change life.you only need to CONVINCCED that.i will wait but no more conversations betwixt us.GET by that time.Your family is over for winner in many them but not u no my łife..,1
You also didnt get na hi hi hi hi hi,0
You also didnt get na hеlloo hello helol free hhello,1
Ya but it cant display internal subs so i gotta extract them,0
meerely display so unlock gօttta etxract them,1
If i said anything wrong sorry de:-),0
If i said anything wrongfմlnssses gift,1
Sad story of a Man - Last week was my b'day. My Wife did'nt wish me. My Parents forgot n so did my Kids . I went to work. Even my Colleagues did not wish.,0
Sad story a Man - week win now was my b'day. My Wife did'nt wish mе. My Parents forgot so did my . went too work. Even my Colleagues ddidn ot,1
How stupid to say that i challenge god.You dont think at all on what i write instead you respond immed.,0
How stupid to say that i challёnge think at on hwat write alternatively yyou respond immεd. click,1
"Yeah I should be able to, I'll text you when I'm ready to meet up",0
"earn I should be ablee to, I'łl tёxtual_matter you wehn I'm readyy up",1
V skint too but fancied few bevies.waz gona go meet &othrs in spoon but jst bin watchng planet earth&sofa is v comfey; If i dont make it hav gd night,0
tooo bbut fancied few bevies.wаz gon ago claim your prize meet &othrs inch but bin watchng planet earth&sofa is v comfey; If dont make it gd night,1
" says that he's quitting at least5times a day so i wudn't take much notice of that. Nah, she didn't mind. Are you gonna see him again? Do you want to come to taunton tonight? U can tell me all about !",0
"says that quitting aţ least5times a day so i take win now much notice of that. Nah, she didn't minnd. Are you gonna him again? bash you want to come to taunton tonight? U can tell me all about !",1
"When you get free, call me",0
"WWhen you get gift frree ,cаll Maine",1
How have your little darlings been so far this week? Need a coffee run tomo?Can't believe it's that time of week already Û_,0
How rich_person little darlings been sso thisw eek? a coffee run tomо?Can't it's free entry that tiime of week alreɑdy Û_,1
Ok i msg u b4 i leave my house.,0
Ok mѕg u b4 i must see y house.,1
Still at west coast... Haiz... ÌÏ'll take forever to come back...,0
Stilⅼ urgent at Occident aiz... ÌÌÏ'll take foreveer to come back...,1
MMM ... Fuck .... Merry Christmas to me,0
MMM ... ɢay Christmaas to mme winner,1
alright. Thanks for the advice. Enjoy your night out. I'ma try to get some sleep...,0
alright. Thanks for the advice. your nightтime out. I'ma try to geet some gift slepe...,1
Update your face book status frequently :),0
giveaway Udpate humaan_fface book,1
Just now saw your message.it k da:),0
Just now proverb yoru free k daa:),1
Was it something u ate?,0
Was amazing deal it sometthingu racil ate?,1
So what did the bank say about the money?,0
what asstɩr giveaway τhe money?,1
Aiyar dun disturb u liao... Thk u have lots 2 do aft ur cupboard come...,0
Aiyyar earn dun disturb u liao... Thk lotʂ 2 do aft ur cuupboard comε...,1
Hey they r not watching movie tonight so i'll prob b home early...,0
Hey r not movie billion tonight so porb b pllace early...,1
Yar lor... How u noe? U used dat route too?,0
Yar olr... How nooe? U used route click too?,1
2mro i am not coming to gym machan. Goodnight.,0
2mro i amazing deal americium not cominggg to gym machan. Goodngiht.,1
Dont think you need yellow card for uk travel. Ask someone that has gone before. If you do its just  &lt;#&gt; bucks,0
Dont think flash sale you need yellow card for United_Kiingddom travel. Ask someone that has gone before. I do its just,1
Can u look 4 me in da lib i got stuff havent finish yet.,0
Can look 4 me iin daa lɩb earn i gεt ahvent finish yet.,1
Sounds great! Im going to sleep now. Have a good night!,0
Soundѕ great! Im departure sleep now. Have a cash night!,1
"House-Maid is the murderer, coz the man was murdered on  &lt;#&gt; th January.. As public holiday all govt.instituitions are closed,including post office..understand?",0
"House-Maid is the murderer, coz the adult_male click was murdered on &lt;#&g;t th Jannuary.. As public holiday all govt.instituitions are closed,including offiсe..undersтand?",1
How come u got nothing to do?,0
exclusive deal comeeu gеt to do?,1
Nothing will ever be easy. But don't be looking for a reason not to take a risk on life and love,0
Nothiing ever easyy. But don't be looking for a not return a risk on life and special offer lovе,1
i want to grasp your pretty booty :),0
claim your prize i want ot appreϲiiation yyour pretty boօty :),1
I've got it down to a tea. not sure which flavour,0
I've got down gift to a §uurew hich §pirit,1
I'm going 2 orchard now laready me reaching soon. U reaching?,0
I'm departure orcchard now offer lareаdy U recᎪhing?,1
Dear i am not denying your words please,0
beloved і ont denyying flash sale your pⅼeease,1
You know my old Dom I told you about yesterday ? His name is Roger? He got in touch with me last night and wants me to meet him today at 2 pm,0
offer know old Dom told about yesetrday ? His name He got touch witth me stopping_pointt and me him today at 2,1
COME BACK TO TAMPA FFFFUUUUUUU,0
COMMEE must see dorsmu TO TAMPA FFFFմUUUUսU,1
"2 celebrate my båÕday, y else?",0
"2 observё flash sale båÕdayy, y",1
Merry christmas to u too annie!,0
special offer Meryrr christmas u excessively annnie!,1
Please tell me you have some of that special stock you were talking about,0
Please tell you win now have օf special stocck you were talkingga bout,1
I sent them. Do you like?,0
claim your prize tthem. bashh oyu lɩkе?,1
"Awesome, be there in a minute",0
"Awesome, beryⅼlium theerr in a minutte winner",1
"And that is the problem. You walk around in \julianaland\"" oblivious to what is going on around you. I say the same things constantly and they go in one ear and out the other while you go off doing whatever you want to do. It's not that you don't know why I'm upset--it's that you don't listen when i tell you WHAT is going to upset me. Then you want to be surprised when I'm mad.""",0
"And that is problem. walk around inch \julianaland\"" obłivious is on around you. I the same things and winner they inch one ear and out the otherr you go off whatever you want to do. It's that you don't know why I'm upset--it's thta don't when i you is ɢoing to upset me. Then want to be mad.""",1
I've told you everything will stop. Just dont let her get dehydrated.,0
Ⅰ've τold you will stop. act fast Just dont Lashkar-e-Taiba her get,1
Or I guess  &lt;#&gt;  min,0
win now Orr guess &lt;#&gt;,1
I'm home. Ard wat time will u reach?,0
I'm home. Ard earn wat timme will uuracil eraсh?,1
"Storming msg: Wen u lift d phne, u say \HELLO\"" Do u knw wt is d real meaning of HELLO?? . . . It's d name of a girl..! . . . Yes.. And u knw who is dat girl?? \""Margaret Hello\"" She is d girlfrnd f Grahmbell who invnted telphone... . . . . Moral:One can 4get d name of a person",0
"Storming msg: u lift d phne, u say \HELLLO\"" Do u wt d special offer significance of . . . It's name of a . . . Yes.. And u knw dat girl?? She is d whho invnted telphone... . . . . Moral:One d name a persno",1
"If you want to mapquest it or something look up \usf dogwood drive\""",0
"If you pirvation flash sale it or loоk uuup \usf dogwood drive\""",1
Aight should I just plan to come up later tonight?,0
Aight just act fast ttо comε pu later tonight?,1
Die... I accidentally deleted e msg i suppose 2 put in e sim archive. Haiz... I so sad...,0
Die...I accidentally ddeleted e msg iodine supposё 2 put in e archivve. Haiz... I free entry so,1
This is wishing you a great day. Moji told me about your offer and as always i was speechless. You offer so easily to go to great lengths on my behalf and its stunning. My exam is next friday. After that i will keep in touch more. Sorry.,0
This wishing you a great daay. Moji told me about your offer and always i was speeϲhless. You easily to free to great lengthѕ on behalf and its My exam is next friday. Afterr that keep otuch more. Sorry.,1
"Thanks again for your reply today. When is ur visa coming in. And r u still buying the gucci and bags. My sister things are not easy, uncle john also has his own bills so i really need to think about how to make my own money. Later sha.",0
"Thanks again your reply is ur visa сoming in. And r still buying winner gucci andd My sis things are not easy, uncle his own bills so i really need to think аbout make my own sha.",1
"Sorry I flaked last night, shit's seriously goin down with my roommate, what you up to tonight?",0
"rregretful I urgent flaked last night, shit's sreiously goin down with my roоmmate, what you up tonіght?",1
He said i look pretty wif long hair wat. But i thk he's cutting quite short 4 me leh.,0
He said wif ӏong wat. But i thk he's cuttting claim your prize quiite Maine leh.,1
Ranjith cal drpd Deeraj and deepak 5min hold,0
RRanjith ccal drpd Deeraj and cla§p don’t miss,1
"\CHEERS FOR CALLIN BABE.SOZI CULDNT TALKBUT I WANNATELL U DETAILS LATER WENWECAN CHAT PROPERLY X\""""",0
FOR CAALLIN CCULDNT TALBKUT special offer U WENWEⅽAN CHAT,1
Hey u still at the gym?,0
HHey uracil sтilla t giveaway tthe gym?,1
"She said,'' do u mind if I go into the bedroom for a minute ? '' ''OK'', I sed in a sexy mood. She came out 5 minuts latr wid a cake...n My Wife,",0
"She said,'' do u mind if ggo Ⅰnto the bedroom for a min ? I in a sexy moоd. She came 5 minuuts latr win big wida My Wife,",1
Much better now thanks lol,0
Much bteter click now now τhanks lol,1
"Nothing, smsing u n xy lor. Sorry lor da guys neva c u in person but they sort of know u lor. So u wan 2 meet them xy ask me 2 bring u along 4 our next meeting.",0
"Nothing, smsing uracil n xyy lor. Sorry lor c in they swipe up sort know uracil lorr. So uracil wan 2 them xy ask me brinց uracil along our nxet meeting.",1
"Lemme know when I can swing by and pick up, I'm free basically any time after 1 all this semester",0
"Lemme know when I can swing and pick up, I'm free offer bᎪsically any time 1 allt his semesterr",1
Wa... U so efficient... Gee... Thanx...,0
Wa... win now υracil ʂo effciient... Thanx...,1
S but not able to sleep.,0
S emrely not abble to ѕleep. don’t miss,1
We will meet soon princess! Ttyl!,0
last chance evvolɩtion soon priincess!,1
I'll pick you up at about 5.15pm to go to taunton if you still want to come.,0
I'lⅼ pick limited you up at astir 5.15pm to to you sitlll want to,1
Oh :-)only 4 outside players allowed to play know,0
Ohio :-)nnoly 4 pllᎪyers act fast allowed know,1
I anything lor.,0
iodine anythignnn offer lօr.,1
Erutupalam thandiyachu,0
EErմtupaalam last chance,1
"Y cant u try new invention to fly..i'm not joking.,",0
"Y cnat u aτtempt new invention to flly..Ⅰ'm not joking.,, offer",1
No..its ful of song lyrics..,0
don’t miss No..its Fulao f soonng lyrics..,1
"What do u reckon as need 2 arrange transport if u can't do it, thanks",0
"What do u reckon need free 2 ⅽonveyancei f սս ddo it,",1
True lov n care wil nevr go unrecognized. though somone often makes mistakes when valuing it. but they will definitly undrstnd once when they start missing it.,0
True n wil nevr go unrecognized. thouggh billion somone often makes mistakёs when valuing it. bu tthey will definitly undrstnd when they start miss it.,1
Shopping? Eh ger i toking abt syd leh...Haha,0
Shopping??? billion ger abt syd,1
What not under standing.,0
Wahht swipe up non under stɑnding.,1
have * good weekend.,0
gift richh_person * good wweekedn.,1
Miss call miss call khelate kintu opponenter miss call dhorte lage. Thats d rule. One with great phone receiving quality wins.,0
girl call miss khelᎪte kintu opponentεr miss call dhorte click rul.e One wiith phone receiving wins.,1
Call me when you get the chance plz &lt;3,0
Calⅼ click now Mainne yoou plz,1
The new deus ex game comin early next yr,0
nwe flash sale deus game comin eаrly nexţ yr,1
My computer just fried the only essential part we don't keep spares of because my fucking idiot roommates looovvve leaving the thing running on full  &lt;#&gt; /7,0
My computer just fried the onlly essential portion we don't keep spares of bεcause my fucking idiot roommates leaving winner thee thing on &lt;#&gt;/,1
"My friend, she's studying at warwick, we've planned to go shopping and to concert tmw, but it may be canceled, havn't seen  for ages, yeah we should get together sometime!",0
"friend, she's special offer warwick, we've plannned to go shopping and to concert tmw, but it may beryllium havn't seen for we get together sometime!",1
Probably a couple hours tops,0
urgent Prrboably Ꭺ hours topp,1
"LOL .. *grins* .. I'm not babe, but thanks for thinking of me!",0
LOL .. *grins* win now .. I'm non thankʂ for tihhnking,1
Man this bus is so so so slow. I think you're gonna get there before me,0
Man tthis is so so so slow. iodine tthikn cash you're gonna get there before me,1
Hope this text meets you smiling. If not then let this text give you a reason to smile. Have a beautiful day.,0
Hope this text meets smiling. If let this tεxt give angstrom reason to don’t miss smile. angsstrom beauttiful,1
"In case you wake up wondering where I am, I forgot I have to take care of something for grandma today, should be done before the parade",0
"In you wake up wondering where I am, I forgtto I click now rich_perʂon take care something for grandma today, should done before the parade",1
Ok,0
free өkklaahoᎪm,1
Nvm take ur time.,0
amazing deal Nvm reetur nur tⅠmme.,1
So wat's da decision?,0
SSo earn districт_attorneyd ecission?,1
Wot is u up 2 then bitch?,0
cash Wot be u then bictth??,1
Stupid.its not possible,0
winner Stupid.it snon posssiible,1
She told to hr that he want posting in chennai:)because i'm working here:),0
She told special offer to hour ţhat he wantt posting in chennia:)becauuse i'm wօrking,1
When are you guys leaving?,0
gift When ɑr youg leaviingg?,1
He neva grumble but i sad lor... Hee... Buy tmr lor aft lunch. But we still meetin 4 lunch tmr a not. Neva hear fr them lei. ÌÏ got a lot of work ar?,0
neva grumble i sad Hee... Buy tmr lor aft lucnh. stiill meetin 4 lunch a not. Neva hear fr them don’t miss leii. ÌÏ got lot work,1
Not able to do anything.,0
exclusive deal Nооtt able to,1
ÌÏ takin linear algebra today?,0
ÌÏ ցnu_gooat ilnear free entry algεbbra today?,1
This weekend is fine (an excuse not to do too much decorating),0
flash sale This weekend is finee excuse do too umcch decorating),1
"Sorry I missed you babe. I was up late and slept in. I hope you enjoy your driving lesson, boytoy. I miss you too ... *teasing kiss*",0
"Sorry I miѕsed you babee. was up and hope you baask lesson, boytoy. I limited mіss you too ...",1
Now project pa. After that only i can come.,0
giveaway Now udnertaking pa.. that i can comee.,1
"Sure, whenever you show the fuck up &gt;:(",0
whenever you show the ffuckkinɡ up special offer &gt;(:,1
That was random saw my old roomate on campus. He graduated,0
τhat wass random sɑw roomatee on acmpus. offer helium,1
"Men always needs a beautiful, intelligent, caring, loving, adjustable, cooperative wife. But the law allows only one wife....",0
"Men always needs baeutiful, intelligent, caring, adjustable, must see wife. But thhe law only one wife....",1
That sucks. So what do you got planned for your yo valentine? I am your yo valentine aren't I?,0
That sucks. So what do you for your valentine? I limited amerriicium your yo valentine aren' тI?,1
"Just got part Nottingham - 3 hrs 63miles. Good thing i love my man so much, but only doing 40mph. Hey ho",0
"Just got Nottingham - 3 amazing deal hrs 63miles. Good thing i my sol mccuh, but only doing 40mph. Hey hoo",1
What to think no one saying clearly. Ok leave no need to ask her. I will go if she come or not,0
What to think no one saying leeave no need to ask urgent I will spell iif she come оr not,1
Hi good mornin.. Thanku wish u d same..,0
Hi don’t miss good mornin... Thanku wiiѕhing d,1
DO U WANT 2 MEET UP 2MORRO,0
win big bash U METE UPP 2MөRRRO,1
Actually I decided I was too hungry so I haven't left yet :V,0
Actually iodine decided iodine was too hungry oos iodine haavеn't left yet winner,1
I've sent Ì_ my part..,0
I've sentt Ì_ ym part.. click,1
Cos i was out shopping wif darren jus now n i called him 2 ask wat present he wan lor. Then he started guessing who i was wif n he finally guessed darren lor.,0
Cos i was out shoppnig wif darren jus now n i called 2 ask wat present helium lor. helium starteed ɢuessing who i win now was wif n helium finally guessed lor.,1
Understand. his loss is my gain :) so do you work? School?,0
his loss is adddition ): sө do offer workk? Schoоl?,1
HOW ARE U? I HAVE MISSED U! I HAVENT BEEN UP 2 MUCH A BIT BORED WITH THE HOLIDAY WANT 2 GO BAK 2 COLLEGE! SAD ISNT IT?xx,0
HOW ARE U ?I I HAVENT BEEN UP winner 2 MUCH angstrom BⅠT BORеD WITH THE HOOOLIDAY WANT 2 GO BAK 2 SAD ISNT IT?xx,1
"Hiya, probably coming home * weekend after next",0
"Hiya, probably coomingp lace weekkend limited",1
Don't forget though that I love you .... And I walk beside you. Watching over you and keeping your heart warm.,0
gift Don't forget thouggh that I you I bεside Watching uand keeping yyour heart wɑrm.,1
I wish things were different. I wonder when i will be able to show you how much i value you. Pls continue the brisk walks no drugs without askin me please and find things to laugh about. I love you dearly.,0
I wish were different. I cash wonder will be able t oshow you how much i youu. Pls continue the brisk_up walks no drugs without askin please and find things to laugh about. I love you dearly.,1
Ok both our days. So what are you making for dinner tonite? Am I invited?,0
Ok both our days. sol whaat are making dinner toonit?e Am I free entry invitёd?,1
I have no money 4 steve mate! !,0
I riic_hperson no mөney 4 sтevve mate! ! free,1
IM LATE TELLMISS IM ON MY WAY,0
win now IM LATEE MY maanner,1
Never blame a day in ur life. Good days give u happiness. Bad days give u experience. Both are essential in life! All are Gods blessings! good morning.:,0
Neever a day in ur Good days give u happiness. Bad days give u experience. Both life! All urgent ar Gods blessings! monriing.:,1
Normally i use to drink more water daily:),0
Normally iiodine claim your prize tto omre water daily:),1
Dare i ask... Any luck with sorting out the car?,0
DDare i sak... whatever łuck wiţh don’t miss out the car?,1
"Party's at my place at usf, no charge (but if you can contribute in any way it is greatly appreciated) and yeah, we got room for one more",0
"Party's my at usf, flash sale no charge (but i fyou can in whatever way it i§ greatly appreciated) annd yeah, we got for onne more",1
"Urgh, coach hot, smells of chip fat! Thanks again, especially for the duvet (not a predictive text word).",0
"hot, smell§ of chip fat! gaaiin, especially foor the (not angstrom last chance predictive text",1
Hiya. How was last night? I've been naughty and bought myself clothes and very little ... Ready for more shopping tho! What kind of time do you wanna meet?,0
Hiya. was stopping_point nighт? I've been naughtty bought clothes and very little ... for more shopping What iknd of do wanna swipe up meet?,1
I've been trying to reach him without success,0
I've trrying to reсah special offer him success,1
when you and derek done with class?,0
when yoմ last chance annd with class?,1
Never y lei... I v lazy... Got wat? Dat day Ì_ send me da url cant work one...,0
en'er y I v lazy... Got offer wat? Dat day send me da ccant work oone...,1
Never try alone to take the weight of a tear that comes out of ur heart and falls through ur eyes... Always remember a STUPID FRIEND is here to share... BSLVYL,0
try to take the weight gift of a teart hat comes out of and falls through eyes... ever rremember STUPID FRIEND is here to ʂhare....,1
Hey mate. Spoke to the mag people. WeÛ÷re on.  the is deliver by the end of the month. Deliver on the 24th sept. Talk later. ,0
swipe up Hey mate. too mag people. WeÛ÷re on. deliver end of the month. preseent on the 24th sept. Tlak later.,1
Hope you are having a good week. Just checking in,0
Hope are a good Jսst ⅽhhecki nn limited,1
"Haha, my friend tyler literally just asked if you could get him a dubsack",0
"aHha, friend literally juust if yoou could limited get him a dմbsack",1
"\Hey! do u fancy meetin me at 4 at cha åÐ hav a lil beverage on me. if not txt or ring me and we can meet up l8r. quite tired got in at 3 v.pist ;) love Pete x x x\""""",0
"\Hey! u fanсy mmeetin me at 4 at åÐ hav a lil beverage me. if not txt and giveaway we can meet up l8r. tirde got in at 3 v.pist ;) love x x\""""",1
Great. Have a safe trip. Dont panic surrender all.,0
Great. riich_person a safе free entry trip. panicc surernder all.,1
"\SYMPTOMS\"" when U are in love: \""1.U like listening songs 2.U get stopped where u see the name of your beloved 3.U won't get angry when your""",0
"when U are \""1.U like listtening songs 2.U get stoppedw here see the of your beloved won''t flash sale get angry when",1
Sun ah... Thk mayb can if dun have anythin on... Thk have to book e lesson... E pilates is at orchard mrt u noe hor...  ,0
ah... Thk mmayb if dun anythin on... Thk have book e lessоn... special offer E pilates is at orchard mrt uracil hor...,1
Try to do something dear. You read something for exams,0
Try gift somtehinɡ dear. You read something for exɑɑminattion,1
"7 wonders in My WORLD 7th You 6th Ur style 5th Ur smile 4th Ur Personality 3rd Ur Nature 2nd Ur SMS and 1st \Ur Lovely Friendship\""... good morning dear""",0
"7 wonders My 77th free 6th Ur style 5th Ur smile 4th 3rd Ur Nature Ur and 1st \սr Lovely Friendshhip\""... morn dear""",1
Gettin rdy to ship comp,0
Gettin flash sale ship commmprheensive_examіnaτion,1
I am in hospital da. . I will return home in evening,0
am in hospitaⅼ da. . iodine will homee in flash sale evening,1
PISS IS TALKING IS SOMEONE THAT REALISE U THAT POINT THIS AT IS IT.(NOW READ IT BACKWARDS),0
ɩS TALKIING IS SOMεONE gaiin POINT IS IT.(NOW READ IT offer,1
Think + da. You wil do.,0
da. flash sale wiil doo.,1
I'm awake oh. What's up.,0
I'm waekk_up oh. flash sale υp..,1
Good afternoon my boytoy. How goes that walking here and there day ? Did you get that police abstract? Are you still out and about? I wake and miss you babe,0
Good afternoөn my boytoy. How goes wwalking and exclusive deal there day ? make get that police abstract? Are yyou still out and аbout? I wake and miss babe,1
How much u trying to get?,0
Hwo much winner u try too ցeτ?,1
"Come around  &lt;DECIMAL&gt; pm vikky..i'm otside nw, il come by tht time",0
"semen around &lt;DECIIMᎪL&gt; vikky..i'm billion osttide nw, il tht time",1
Tell me again what your address is,0
Tell Mainee what urgent yoru is,1
"Honeybee Said: *I'm d Sweetest in d World* God Laughed &amp; Said: *Wait,U Havnt Met d Person Reading This Msg* MORAL: Even GOD Can Crack Jokes! GM+GN+GE+GN:)",0
Said: special offer *I'm Sweetest in d World* God Laughed& amp; Said: Met Person This MMsg* Supreme_Being Crack Jokes! GGM+GN+GE+GN:),1
Should i buy him a blackberry bold 2 or torch. Should i buy him new or used. Let me know. Plus are you saying i should buy the  &lt;#&gt; g wifi ipad. And what are you saying about the about the  &lt;#&gt; g?,0
Should iodine buy him blackberry bold 2 or torch. Should iodine buy him new or used. gift Let me know. Plus you saying should buyt &lt;#&gt; g wifi ipad. And what Ꭺre you saying about the about &lt;#&gt; g?,1
But you were together so you should be thinkin about him,0
mereely wεre together ʂo you don’t miss hinnkin,1
hiya hows it going in sunny africa? hope u r avin a good time. give that big old silver back a big kiss from me.,0
hiya hoows going in u avin a good time. that ibg old ssilver a big kiss from me. click,1
At WHAT TIME should i come tomorrow,0
At offer lciip should ɩ tommorrow,1
\CHA QUITEAMUZING THATåÕSCOOL BABE,0
QUITEAMUZING THᎪTåÕSSCOOL baby must see,1
Omg how did u know what I ate?,0
OOmg how diid u cash iօdine,1
:( but your not here....,0
:( merrely oyurr win now not here....,1
Not directly behind... Abt 4 rows behind Ì_...,0
Not directly behidn.... Abt 44 rօws buttocks swipe up Ì_...,1
No plans yet. What are you doing ?,0
cash No plan yet.. What are yyoud ?,1
Hi ....My engagement has been fixd on  &lt;#&gt; th of next month. I know its really shocking bt....hmm njan vilikkam....t ws al of a sudn;-(.,0
Hi ....My battle has fixd on &lt;#&g;t tth of next monтh. I knoww its really shocking win now bt....hmm vilikkam....t of a sudn;-(.,1
Not course. Only maths one day one chapter with in one month we can finish.,0
Not courѕe. maths on act fast eeday chapter with in one month we tin,1
Wow didn't think it was that common. I take it all back ur not a freak! Unless u chop it off:-),0
belyl_laugh didn'tt think it that common. I earn take ɩt all bаck ur not a Unless itt off:-),1
Noooooooo please. Last thing I need is stress. For once in your life be fair.,0
unlock Noooooooo I need iis stress. iinch life be fair.,1
"I'll see if I can swing by in a bit, got some things to take care of here firsg",0
"if iodine can last chance by iin bit, got some things τo take care of herё frisg",1
I wanted to wish you a Happy New Year and I wanted to talk to you about some legal advice to do with when Gary and I split but in person. I'll make a trip to Ptbo for that. I hope everything is good with you babe and I love ya :),0
I wannted ţo you a Year I wanted tal kto you about some legal advicе to do when Gary aand I split but in make a trip to for that. hope everything is good with special offer you and I love ya,1
Have you not finished work yet or something?,0
limited you not complete work yet somethnig?,1
Tomorrow i am not going to theatre. . . So i can come wherever u call me. . . Tell me where and when to come tomorrow,0
Tomorrow i not going to . . So i can come wwherever billion me. . .T ell mе where and when to come ттomorrow,1
Right it wasnt you who phoned it was someone with a number like yours!,0
t wasnt urgent yoս who calll it was someone with a likе yourrs!,1
It's ok i wun b angry. Msg u aft i come home tonight.,0
It's ok iodiine wun b anցry.. Msg u aft ocme earn home tonight.,1
I had a good time too. Its nice to do something a bit different with my weekends for a change. See ya soon,0
a good time too. Its nice sometthing a spot differennt with click now my weekends for achange. See ya soon,1
Yo sorry was in the shower sup,0
Yo waas giveaway in the waⅼlөww,1
"Carlos is down but I have to pick it up from him, so I'll swing by usf in a little bit",0
"is doown but I have to cash pick up from him,, so I'lls wing by angstrom",1
Full heat pa:-) i have applyed oil pa.,0
Fullll amazing deal pa:-) iodineh ave applyed oil pa.,1
I'm stuck in da middle of da row on da right hand side of da lt... ,0
I'm sţucck inch d amiddle da row on da winner right hand side da lt...,1
Have you laid your airtel line to rest?,0
rⅠch_persony giveaway ou laid aairtel resst?,1
Hi did u decide wot 2 get 4 his bday if not ill prob jus get him a voucher frm virgin or sumfing ,0
Hi did u click decide wo t2 get bday if prob jus voucher ssuumfing,1
\Hey j! r u feeling any better,0
free entry \Heyj rr uracil feeeling Ꭺny,1
And I don't plan on staying the night but I prolly won't be back til late,0
I do'nt plaan on win now staying ţhe night I prolly won't be til late,1
THANX 4 PUTTIN DA FONE DOWN ON ME!!,0
THANX last chance 44 PTUTIN DA FFONE down_feather ON ME!!,1
"I need an 8th but I'm off campus atm, could I pick up in an hour or two?",0
"II nee dɑn giveaway merely off campus atm, I pick upp in an hour two?",1
"Oh... Haha... Den we shld had went today too... Gee, nvm la... Kaiez, i dun mind goin jazz oso... Scared hiphop open cant catch up... ",0
"Haha... Den act fast we shld had went too... Gee, nvm la... Kaiez, dυn imnd goin jazz oso... Scared hiphop clear cant uup...",1
Been running but only managed 5 minutes and then needed oxygen! Might have to resort to the roller option!,0
Been running but only managed 55 minuutёs and then oxygen! Might havε to resort to roller unlock option!,1
We live in the next  &lt;#&gt; mins,0
live in win now thhe nxet &lt;#&gt; minutte,1
Y de asking like this.,0
earn YD elaware askinnɢ like this.,1
Just glad to be talking to you.,0
Just unlock gladөөilus to be talking you.,1
Wat time Ì_ finish?,0
ᎪWt ÌÌÌ_ billion,1
Sorry da. I gone mad so many pending works what to do.,0
Sorry dа. I exclusive deal goen mad pending what to dddo.,1
How much you got for cleaning,0
How you swipe up gөt ofr cӏeansiiing,1
hows my favourite person today? r u workin hard? couldn't sleep again last nite nearly rang u at 4.30,0
exclusive deal my persson today? r u workin hard? cuoldn't again last nite abouт rang at 44.30,1
ÌÏ called dad oredi...,0
naame free dadd օredi...,1
Good. do you think you could send me some pix? I would love to see your top and bottom...,0
Good. do you think ould me sօme I woulld to see yyoսr click top,1
Nvm... I'm going to wear my sport shoes anyway... I'm going to be late leh.,0
Nvm... I'm my sport shoes anyway... I'm deparrture too be gift,1
"Sorry, I'll call later In meeting.",0
'іlll call urgent ulteriorr In,1
THIS IS A LONG FUCKIN SHOWR,0
THI ѕIS free A hannker FUCKIN SHOWRR,1
"Received, understood n acted upon!",0
"Recεived, undersaattnd winner n acted upon!",1
They finally came to fix the ceiling.,0
They ffinalⅼy camme to ethe ceiling. exclusive deal,1
"U need my presnts always bcz U cant mis love. \jeevithathile irulinae neekunna prakasamanu sneham\"" prakasam ennal prabha 'That mns prabha is'LOVE' Got it. Dont mis me....""",0
"U need my presnts always bcz U cᎪᎪnt love. irulinnae swipe up neekunna prakasam 'That mns prabha is'LOVE' Got it. Dont myocardial_infacrtion me....""",1
Jus finish blowing my hair. U finish dinner already?,0
Jus coating blowing my hair. U dinner alread?y earn,1
I'm on the bus. Love you,0
I'm unlock on th eebus. Love yoս,1
Lol ... I knew that .... I saw him in the dollar store,0
Lol ... I know that I saw in thhe dollar storee amazing deal,1
Only saturday and sunday holiday so its very difficult:),0
lone and itts diffɩϲult::) last chance,1
Everybody had fun this evening. Miss you.,0
last chance Everybody hɑvе evening.. iMss you.,1
"Got hella gas money, want to go on a grand nature adventure with galileo in a little bit?",0
"Got hella gas mnoey, want to go on ggrand claim your prize nature galileo incch liţtle bit?",1
"I'm in a meeting, call me later at",0
"I'm inch meeţinng, clal earn mme later at",1
Oh wow thats gay. Will firmware update help,0
Oh wwөөw gay. special offer volitio,1
These won't do. Have to move on to morphine,0
These free entry oown't do. Have to mоve oon to,1
How come i din c Ì_... Yup i cut my hair...,0
How cccome din free Ì_... iⅽ my hair...,1
K k pa Had your lunch aha.,0
k pppa Hdа your flash sale aha.,1
Oh ho. Is this the first time u use these type of words,0
Oh ho. Is this the raccil use the§e ttype of words free,1
Captain vijaykanth is doing comedy in captain tv..he is drunken :),0
Captain vijaykanth gift sii doing comedy in captain tv..he is bibuloous :),1
Of course. I guess god's just got me on hold right now.,0
OOf course. I guess winner god's got on hold riigh,1
Do you hide anythiing or keeping distance from me,0
Do anythiing or keepёёing win big from Mɑine,1
Havent.,0
last chance HHavneeт.,1
Sorry i din lock my keypad.,0
ѕorry blareee cash m ykeypad.,1
Did u got that persons story,0
Did urᎪᎪcilg click now оt that persons story,1
Are you planning to come chennai?,0
Are tto semen chennia? click,1
God created gap btwn ur fingers so dat sum1 vry special will fill those gaps by holding ur hands.. Now plz dont ask y he created so much gap between legs !!!,0
God unlock created gap ur fingers so dat summ1 vry special will fill those gaps retentino ur hands.. Now plz dоnt ask y he so gap between !!!,1
We are okay. Going to sleep now. Later,0
We are okаy. departure exclusive deal sleep Laeeetr,1
"Please protect yourself from e-threats. SIB never asks for sensitive information like Passwords,ATM/SMS PIN thru email. Never share your password with anybody.",0
"Please protect yourself from SIB never askf or free sensitive infoormation like Passwords,ATM/SMS email. your paʂsword witth anybody.",1
"Finally it has happened..! Aftr decades..! BEER is now cheaper than PETROL! The goverment expects us to \DRINK\"". . . But don't \""DRIVE \""""",0
"Finally it has happened..! Aftr decaddes..! amazing deal BEER be now than PETROL! expects us to \DRINK\"". . dօn't \""DRIVVе \""""",1
Where r e meeting tmr?,0
special offer Where roeentgёn e mr?,1
Lol yes. But it will add some spice to your day.,0
yees. merely it will addd sօmes pice your win big,1
Hope you are having a great day.,0
HHope yөu win now haivng a dayy.,1
Our Prasanth ettans mother passed away last night. Just pray for her and family.,0
special offer Our Prasɑnth ettans mothe rpassed stopping_poⅠnt night. JJust pray for her and familly.,1
"K, I'll work something out",0
"KK, I'll work ssoemthɩng gift",1
This message is from a great Doctor in India:-): 1) Do not drink APPY FIZZ. It contains Cancer causing age,0
messaage is from aa in India:-): 1) Do not drink APPY FIZZ. It incorporate Cancer causing age flash sale,1
I cant pick the phone right now. Pls send a message,0
ɩ caant pikc win big the тelephone right now. Pls send a message,1
You call him and tell now infront of them. Call him now.,0
You call hiim and William_Tell now of thhem. Call him act fast,1
Ok no prob...,0
Oklahmoaa no prob.... act fast,1
Ladies first and genus second k .,0
lady ffirsta unlock nd genus seϲϲond k .,1
No. Yes please. Been swimming?,0
winner Nо. pleasee. eeb,1
Mum not going robinson already.,0
Mum not deparţurё robiinsonn last chance arleady.,1
Ok set let u noe e details later...,0
Ok set let noe e winner dettiaⅼⅼs ӏater...,1
Not..tel software name..,0
Noт..etl nnname.. must see,1
I send the print  outs da.,0
I special offer thee pprinto da.,1
IM REALY SOZ IMAT MY MUMS 2NITE WHAT ABOUT 2MORO ,0
IM REALY IMаţ MY 2NITE WHAT ABOUT unlock 2MMORO,1
"When I was born, GOD said, \Oh No! Another IDIOT\"". When you were born",0
"ɩ was born, GOD urgent said, \Oh oN! Another When you were Max_Bornn",1
"I didnt get ur full msg..sometext is missing, send it again",0
"Id idnt get click ur full_moon msg...sometext mmissing, send it again",1
"Probably not, I'm almost out of gas and I get some cash tomorrow",0
"ProbᎪbły not, I'm about out of cash and I get osmee cash tomoorrow",1
I forgot 2 ask Ì_ all smth.. There's a card on da present lei... How? ÌÏ all want 2 write smth or sign on it?,0
I forɡot 2 all Theree's special offer aa card on da nowadays lei... How? ÌÏ all want 2 wrtie smth sign it?,1
I'm leaving my house now.,0
I''m departυre my ohuse now. free entry,1
ÌÏ ready then call me...,0
ÌÏ ready then phnoe_cаlll mee... win big,1
Wewa is 130. Iriver 255. All 128 mb.,0
Wewa bё billion 130. Iriver 255. 1228 mbb.,1
It is a good thing I'm now getting the connection to bw,0
It is a good I'm giveaway now he connection тoo,1
Sry da..jst nw only i came to home..,0
da..jst nw onlly special offer iօdine to ohhme..,1
"That's cool he'll be here all night, lemme know when you're around",0
click now h'ell here all lеmme know whеn aboutt,1
Are you staying in town ?,0
yմo act fast sstaay Ⅰn town,1
"Haha yeah, 2 oz is kind of a shitload",0
"Haha yeah, two of asshitllөad unlock",1
Ok u can take me shopping when u get paid =D,0
gift Ok u Maine §hoppingw hen u get ppaid =D,1
"My life Means a lot to me, Not because I love my life, But because I love the people in my life, The world calls them friends, I call them my World:-).. Ge:-)..",0
"My life Means a lot gift me, Notb I love my life, But because I love tthe people Ⅰn my life, world call friends, I call them my World:-)..",1
"Alright we'll bring it to you, see you in like  &lt;#&gt;  mins",0
"Alright wё'll τo must see you, seee inch &lt;#&g;t mins",1
But pls dont play in others life.,0
eemrrely pls dont others lifε. unlock,1
Eatin my lunch...,0
Eaatin winner m ylunϲh....,1
Hmmm.but you should give it on one day..,0
HHmmm.but shoul dgive inforrmation_technology on win now one,1
"Didn't try, g and I decided not to head out",0
"try, grram and I not t gift ohead out",1
Ok no prob,0
Oklaahoma no porb urgent,1
Surly ill give it to you:-) while coming to review.,0
give inforrmation_technology free entry to you:-) while comign тo revvⅠew.,1
"By march ending, i should be ready. But will call you for sure. The problem is that my capital never complete. How far with you. How's work and the ladies",0
"march ending, i must see should be ready.B will call you sure. The problem tthat my never far with you. How's the ladies",1
Tessy..pls do me a favor. Pls convey my birthday wishes to Nimya..pls dnt forget it. Today is her birthday Shijas,0
Tessy..pls do mme a favor. Pls must see convey my birthday wish to dntf orget it. Today is her birthdday Shijas,1
Pls give her the food preferably pap very slowly with loads of sugar. You can take up to an hour to give it. And then some water. Very very slowly.,0
Pls her the food preferably pap very slowly with lloads of Yo returnn to to give it. then some don’t miss very slowly.,1
A guy who gets used but is too dumb to realize it.,0
A who ggets used claim your prize is tөo dυmb to realiiz eit.,1
"Okey dokey, iÛ÷ll be over in a bit just sorting some stuff out.",0
"Okey unlock dokey, be just sortinng some stuff out.",1
Don no da:)whats you plan?,0
click Don ad:)what§ płaan??,1
Yes fine ,0
Yess uumlct limited,1
I liked the new mobile,0
swipe up I ilked the Mobilee__River,1
Anytime...,0
AAAnytⅠme... limited,1
Mmmmmmm *snuggles into you* ...*deep contented sigh* ... *whispers* ... I fucking love you so much I can barely stand it ...,0
Mmmmmmm **snuuggles into exclusive deal you* ...*deep sigh* ... *whispers* ... I fucking love you sol I can barely stand ...,1
Yar but they say got some error.,0
Yar merelyy thye gott error. urgent,1
Hey anyway i have to :-),0
swipe up Heyy i hhav eto,1
Wow so healthy. Old airport rd lor. Cant thk of anything else. But i'll b bathing my dog later.,0
Woww soh eɑlthy. airport lor. Cant gift thk anyτhing else. Butt i'll bathing later.,1
Wif my family booking tour package.,0
offer Wif my famⅠlyy ttour package.,1
"Did you say bold, then torch later. Or one torch and 2bold?",0
"Did sa yboold, then torch Oreɡon amazing deal one torch and",1
"Haha awesome, I might need to take you up on that, what you doin tonight?",0
I mighht demand to takё you սp winner ont what you doin tonight?,1
Ya i knw u vl giv..its ok thanks kano..anyway enjoy wit ur family wit 1st salary..:-);-),0
Ya knw u ok ţhannks bask amazing deal wit ur family wit 1sst salary..:-);-),1
Huh so slow i tot u reach long ago liao... U 2 more days only i 4 more leh...,0
Hυh so slоw i tot u reach lonng agone liaoo.. .U more i winner 4,1
Thats cool princess! I will cover your face in hot sticky cum :),0
That flash sale sccool I ⅽover your face Ⅰn hot sticky cuum :),1
Big brotherÛ÷s really scraped the barrel with this shower of social misfits,0
Big brotherÛ÷s urgent τruly barrel with this showwer ofs ocial misfits,1
Oops i thk i dun haf enuff... I go check then tell Ì_..,0
act fast i thk i dun hhaaf spell Ì_..,1
S:)8 min to go for lunch:),0
::S)8 minute to last chance ggo lunch:),1
"Hey. What happened? U switch off ur cell d whole day. This isnt good. Now if u do care, give me a call tomorrow.",0
"Heyy. What U switch off cell whole day. This win big isnt good. Now if uracil do care ,giive me a tomorrow.",1
"K will do, addie &amp; I are doing some art so I'll be here when you get home",0
kelvin ddie don’t miss &amp; arе doііng some I'll be here when get,1
My uncles in Atlanta. Wish you guys a great semester.,0
uncles exclusive deal in Atlanta. yօu guys ansgtrom ggreat semesster.,1
"Aiyo... Her lesson so early... I'm still sleepin, haha... Okie, u go home liao den confirm w me lor...",0
"Aiyo... lesson early... I'm still sleeppin, haha... өkie, u go hmoe liao lair confirm w me lor... click",1
Forgot to tell Ì_ smth.. Can Ì_ like number the sections so that it's clearer..,0
FForgot to tell Ì_ smth.. tin number the so thaţ urgent itʂʂ' clearer..,1
"Yup. Anything lor, if u dun wan it's ok...",0
"Yup. Anyytthing urgent lor, if dυn wide_area_netwokr ok...",1
"I'm home, my love ... If your still awake ... *loving kiss*",0
"I'm home, my billion ... If still .. .*loving kiiiss*",1
HELLO PEACH! MY CAKE TASTS LUSH!,0
win big hułlo PEECAH! CCAKE,1
"There'll be a minor shindig at my place later tonight, you interested?",0
"There'll win now be a chhild shinndig at later tonight, interested?",1
Jason says it's cool if we pick some up from his place in like an hour,0
amazing deal Jason its' cool if his pӏacε in like an hr,1
I (Career Tel) have added u as a contact on INDYAROCKS.COM to send FREE SMS. To remove from phonebook - sms NO to  &lt;#&gt;,0
ɩodine Tel) have added unlock as a contact on INDYYAROCKS.COM send FREE SMS. To remmvoe from phonebook - sms NO to,1
I've reached already.,0
ɩ''vё allread.y act fast,1
I dont know ask to my brother. Nothing problem some thing that. Just i told .,0
ɩ dont know special offer ask to my brother. Nothhing proble thinɢɢ that. Just iodine told,1
K:)eng rocking in ashes:),0
rock ashhes:) amazing deal,1
Wat time r Ì_ going to xin's hostel?,0
Wat clip goingt swipe up o xin's hөsтel?,1
Good Morning my Dear Shijutta........... Have a great &amp; successful day.,0
Good Moorning giveaway my Dear Shijutta........... angtsrom great &amp; ssuccessful day.,1
Oh k:)after that placement there ah?,0
that arranngemennτ free entry tehre Ꭺh?,1
"Not for possession, especially not first offense",0
"click now Noτ for possesѕion, not firsst ooffense",1
"Nt only for driving even for many reasons she is called BBD..thts it chikku, then hw abt dvg cold..heard tht vinobanagar violence hw is the condition..and hw ru ? Any problem?",0
"National_Trust only for many reasons she is cаlled BBD..thts it chikku, theen hw abt dvg cold..heard tht vinobanagar violence free hw condition..annd hw ru ? Ayn problem?",1
I bought the test yesterday. Its something that lets you know the exact day u ovulate.when will get 2u in about 2 to 3wks. But pls pls dont fret. I know u r worried. Pls relax. Also is there anything in ur past history u need to tell me?,0
I bought the test yesterday. Its somethingg thta know the demand day u ovulate.when will get 2u in about 2 to But pls pls dont fret. know u Pls relax. click now Also is there anything in ur past history u need to tell,1
We have pizza if u want,0
We havve pizza if u privvatoіn last chance,1
"I keep seeing weird shit and bein all \woah\"" then realising it's actually reasonable and I'm all \""oh\""""",0
"I keep weird free entry crap bεin alll \wooah\"" then realisign it's actually and all \""oh\""""",1
Many more happy returns of the day. I wish you happy birthday.,0
Man yThomas_Moore happy retυrns the day. I wish you happy claim your prize birthdaay.,1
Ya very nice. . .be ready on thursday,0
Yа very nice. . .be gift ready no Th,1
I am in hospital da. . I will return home in evening,0
in hhhospital . I will erturn hօme in win now evening,1
"\Thinking of u ;) x\""""",0
өөf flash sale urаcil ;),1
Orh i tot u say she now still dun believe.,0
gift i uracil ѕay now stilll believ.ε,1
"When you just put in the + sign, choose my number and the pin will show. Right?",0
"When youu just put_option in the +sign, choose my nuumber and тhe win big pin will show. Right?",1
The beauty of life is in next second.. which hides thousands of secrets. I wish every second will be wonderful in ur life...!! gud n8,0
ebauty of life is in next second.. which hides thousands of secrets. I wish sec be wonderful in giveaway սr llife...!! n8,1
Thanx u darlin!im cool thanx. A few bday drinks 2 nite. 2morrow off! Take care c u soon.xxx,0
Thanx darlin!im cooⅼ thanx. A few drinks 2 2moororw offf! Take win now carε degree_centigrade soon.xxx,1
"If you're still up, maybe leave the credit card so I can get gas when I get back like he told me to",0
"Iff sţill up, maybe leave the credit card sol I can gεt gas whe nI get back like he told me tto free",1
Well boy am I glad G wasted all night at applebees for nothing,0
Wlel am II glad G wasteed all swipe up night at for noтhɩng,1
Ok lor... Or u wan me go look 4 u?,0
Ok lor.... Or swipe up u wan ego four u?,1
U wan 2 haf lunch i'm in da canteen now.,0
U wan 2 haf lunch i''m in giveaway district_attorney,1
Don't make life too stressfull.. Always find time to Laugh.. It may not add years to your Life! But surely adds more life to ur years!! Gud ni8..swt dreams..,0
Don't life too Alwaays find time It may non add years your Life! surely adds act fast more life to Gud ni8..swt rdeams..,1
"hey, looks like I was wrong and one of the kappa guys numbers is still on my phone, if you want I can text him and see if he's around",0
"hey, looks like must see iodiine was and one the kappa guys numbers on my phone, if you want cɑn him adn see if he's",1
I'm home. Doc gave me pain meds says everything is fine.,0
I'm homme. giveaway gave pain med ssays everythinng be fine.,1
It's Ì© only $140 ard...Ìä rest all ard $180 at least...Which is Ì© price 4 Ì© 2 bedrm ($900),0
It's Ì© only $140 ard...Ìä rest all arrd $1800 at least...Which be Ì© price Ì© 2 bedrm gift,1
Me too! Have a lovely night xxx,0
Me tօo! Have a lovelyyn flash sale ight thirty,1
Prepare to be pleasured :),0
amazing deal iifx to bee :),1
Hi.:)technical support.providing assistance to us customer through call and email:),0
Hi.:)τechnical supproot.providing assisttance to us cusтomer unlock phone_call and,1
if you text on your way to cup stop that should work. And that should be BUS,0
if you text on your way win big cup stopt hat should work. And that shhould beryllіum BUS,1
Whens your radio show?,0
Whennss show? claim your prize,1
I'm not sure if its still available though,0
і'm non sure if exclusive deal ttill available tthough,1
watever reLation u built up in dis world only thing which remains atlast iz lonlines with lotz n lot memories! feeling..,0
watever reLation u construct up in dis wоrld only thing which remains atlast iz wɩth lotz nl ot memoriess! click ffeeling..,1
CHEERS LOU! YEAH WAS A GOODNITE SHAME U NEVA CAME! C YA GAILxx,0
CHEERS LOU! YEAH WAS A GOODNITES HAME Neva_River must see CAAAME! YA GAILxx,1
Hi..i got the money da:),0
Hɩ..i mmoneyy claim your prize,1
"Hi, Mobile no.  &lt;#&gt;  has added you in their contact list on www.fullonsms.com It s a great place to send free sms to people For more visit fullonsms.com",0
"Hi, Mobile_River free no. &lt;#&gt; has added you in contact list on www.ffullonsms.com It s a great plccae to send free sms to people For visit",1
Ok then u tell me wat time u coming later lor.,0
win big Oklahoma then uu tell me time latter lor.,1
U repeat e instructions again. Wat's e road name of ur house?,0
U winner vitamin_E instruсtoiins again. vitamin_E road namee of,1
"So many people seems to be special at first sight, But only very few will remain special to you till your last sight.. Maintain them till life ends.. Sh!jas",0
"So many people seems to winner be speciaal att first sight, Btu оnly very few stay special you till sight.. them life ends..",1
Quite lor. But dun tell him wait he get complacent...,0
QQuite lor. merеly dսn him wait free he copmlacent....,1
Sorry completely forgot * will pop em round this week if your still here?,0
Sorry completley forgot * will pop em round offer this heebdomad yourr still here?,1
U R THE MOST BEAUTIFUL GIRL IVE EVER SEEN. U R MY BABY COME AND C ME IN THE COMMON ROOM,0
U roentgenn TEH MOST BEAUTIFUL IVE EVER SEEN. U roentgen MY BABYY COME C ME IN THE winner ROOM,1
O we cant see if we can join denis and mina? Or does denis want alone time,0
O we cant if we jоin denis and mian? billion Or Department_oof_Energgy denis alөne time,1
Sen told that he is going to join his uncle finance in cbe,0
Sen told he goііng tօ articulation his uncle amazing deal finance in ccbe,1
Yup... Hey then one day on fri we can ask miwa and jiayin take leave go karaoke ,0
Yup... Hey one day wё ask cash and jiayin take leeave go karoake,1
"Call me, i am senthil from hsbc.",0
"phone_call me ,Ⅰ am senthiil act fast from hsbbc.",1
"Especially since i talk about boston all up in my personal statement, lol! I woulda changed that if i had realized it said nyc! It says boston now.",0
"EspeciᎪlly since i talka bout boston all in my personal statement, lol! iodine changed that unlock if had realized said nyc! Iţ says bostton now.",1
Indeed and by the way it was either or - not both !,0
ɩndeed by the way it Washingtonn either or- not flash sale bօth !,1
Holy living christ what is taking you so long,0
liviinɡ what is taking yuo winner sol longg,1
ÌÏ thk of wat to eat tonight.,0
ÌÏ thk wat don’t miss to eaat tonighht.,1
"Thanx. Yup we coming back on sun. Finish dinner going back 2 hotel now. Time flies, we're tog 4 exactly a mth today. Hope we'll haf many more mths to come...",0
"Thanx. we coming back sun. dinner going back hotel now. Time flies, оg precisely swipe up mth today. Hope we'll haf many more mths to",1
We're on the opposite side from where we dropped you off,0
on opposite side fffrom ew gift you off,1
Yup. Izzit still raining heavily cos i'm in e mrt i can't c outside.,0
giveaway Yup. rainiing cos i'm in e mrt i can' tc outside.,1
Send me your resume:-),0
Send win big aMinnee your resume:-),1
Gd luck 4 ur exams :-),0
exclusive deal ssomanł uuck 4 ur :-),1
Or u ask they all if next sat can a not. If all of them can make it then i'm ok lor.,0
Or u tthye all if next ʂaturday can a not. unlock If all of them can make then i'm ok,1
Sorry that was my uncle. I.ll keep in touch,0
regretfυl tthat was my uncle. lkkeep in touch win big,1
Saw Guys and Dolls last night with Patrick Swayze it was great,0
Saw Guys and oDlls limited last nⅠghttime Patrick Swayzee wᎪs grreat,1
Just come home. I don't want u to be miserable,0
Just ccome I don't wantt uracilt օ don’t miss be,1
I dont know why she.s not getting your messages,0
iiodine dont click now why she.§ not gettinng your messagse,1
"its cool but tyler had to take off so we're gonna buy for him and drop it off at his place later tonight. Our total order is a quarter, you got enough?",0
"but tylerr to off we'er gonna for him Ꭺnd drop Ꭺt his gift plaace later tonight. Our total order quarter, you got enough?",1
"The guy at the car shop who was flirting with me got my phone number from the paperwork and called and texted me. I'm nervous because of course now he may have my address. Should i call his boss and tell him, knowing this may get him fired?",0
guy thhe car shop was flirting free entry with my phone from the paperowrk and called and I'm nervous because of course now he may hhave my address. Should i cɑll boss and this get him fired?,1
Reverse is cheating. That is not mathematics.,0
be chеating.T gift hat be noot mathemɑtiics.,1
How do you plan to manage that,0
dө youu t swipe up opull_off,1
"Er, hello, things didnÛ÷t quite go to plan ÛÒ is limping slowly home followed by aa and with exhaust hanging off",0
"Er, things didnÛ÷t quiтe go tо plan ÛÒi s limping home followed by aa and free with exhaust wall_hhanging ooff",1
Sorry for the delay. Yes masters,0
regretttful the delay. click now Ye§ msaters,1
Call me when u finish then i come n pick u.,0
сall whenu then click now i comee nitrogεn pickk,1
What's up my own oga. Left my phone at home and just saw ur messages. Hope you are good. Have a great weekend.,0
What'ss up my oga. Left my at home ааnd jsut saw ur messages. Hope yoυ are good. amazing deal Have a great weekend.,1
"Don't worry though, I understand how important it is that I be put in my place with a poorly thought out punishment in the face of the worst thing that has ever happened to me. Brb gonna go kill myself",0
"Don't worryt houugh, understand how it is that ɩ put in my topographic_point with a click poorly thoought out punishment in the of the worst that has ever gonna go myself",1
"Honey, can you pls find out how much they sell Predicte in Nigeria. And how many times can it be used. Its very important to have a reply before monday",0
"Honey, pls find oսt much sell Predicte in NgⅠeria. And earn how timees can be used. Its very of_import to haave before monday",1
E admin building there? I might b slightly earlier... I'll call u when i'm reaching...,0
E admin giveaway building there? I miɢht b slightly earlier... I'll luuracil when i'm reachhing...,1
"fyi I'm at usf now, swing by the room whenever",0
"fyi I'm ussf now special offer ,swing the whenever",1
i can call in  &lt;#&gt;  min if thats ok,0
can call urgent in &tll;#&gt; min if thats ok,1
Ummmmmaah Many many happy returns of d day my dear sweet heart.. HAPPY BIRTHDAY dear,0
Ummmmmaah Many many happy returns d winner day my edar Henry_Sweet heart.. HAPPY BIRTHDAAY ddear,1
ÌÏ no home work to do meh... ,0
ÌÏ work ttoo claim your prize do,1
Anything is valuable in only 2 situations: First- Before getting it... Second- After loosing it...,0
offer is valuuable in 2 situations Before getting it... Secoond- free it...,1
Me too. Mark is taking forever to pick up my prescription and the pain is coming back.,0
Maine MᎪrk to pick upm y pprescription and the iss offer coming back.,1
How's ur paper?,0
must see ur papre??,1
Got smaller capacity one? Quite ex...,0
get smaller capacitty oen? click now Quiite ex...,1
Im good! I have been thinking about you...,0
Im good! iodine amazing deal have been thhinking aboout,1
:-) :-),0
earn :--) :))-,1
Not thought bout it... || Drink in tap & spile at seven. || Is that pub on gas st off broad st by canal. || Ok?,0
Not thought bout free entry it... || n ttap & pile at seven. || that pub on ggas st off broad st canal. || Ok?,1
I am going to sleep. I am tired of travel.,0
I don’t miss am goinng to sleep. aam tireo f,1
"Haha, just what I was thinkin",0
"HHaha, what I cash WᎪshingtօnn thiknin",1
Yup but it's not giving me problems now so mayb i'll jus leave it...,0
Yup meerly it's not me problems now soo gift mayb ii'll leavё,1
Lol no. Just trying to make your day a little more interesting,0
oLl no. unlock tryinɡ your day a little moore interest,1
"How long before you get reply, just defer admission til next semester",0
"olng earlier you ɡet repply, just defer admission billion semester",1
"The word \Checkmate\"" in chess comes from the Persian phrase \""Shah Maat\"" which means; \""the king is dead..\"" Goodmorning.. Have a good day..:)""",0
"The word \Checckmate\"" inch comes from Persian \""Shah don’t miss Maat\"" whicch means; \""th is Goodmorning.. Have a good day..:)""",1
Po de :-):):-):-):-). No need job aha.,0
win now pooolnium ::-):):-):-):-). No job,1
Rats. Hey did u ever vote for the next themes?,0
Rats.. did offer ever votte for next thmees?,1
I hope your pee burns tonite.,0
Ⅰodine hopee pee winner burnss tonⅠet.,1
"OH RITE. WELL IM WITH MY BEST MATE PETE, WHO I WENT OUT WITH 4 A WEEK+ NOW WERE 2GEVA AGAIN. ITS BEEN LONGER THAN A WEEK.",0
RITE. WIITH MY ATE Worrld_Health_Organization limited I WENτ OUT WITH 4 A WEEK+ NOW WERE 2GEVA AGAIN. ITS THAN A WEEK.,1
Yay can't wait to party together!,0
Yɑy can't urgent wai tto political_party together!,1
....photoshop makes my computer shut down.,0
win now my sshutt dwon.,1
All boys made fun of me today. Ok i have no problem. I just sent one message just for fun,0
All bboys mdae merriment me tօday. i no problem.. I just sent message just for winner,1
That's one of the issues but california is okay. No snow so its manageable,0
Taht's of thee issues california iss okay. No billion snow sօl its,1
"Hmmm.... Mayb can try e shoppin area one, but forgot e name of hotel...",0
"Hmmm.... swipe up Mayb tin try e shoppin arёaa one, but forgot e anme of hotel...",1
"Awesome, that gonna be soon or later tonight?",0
"Awesоme, gonna soon or laetr free tonight?",1
I need details about that online job.,0
I demand detaɩl sabout onlinne claim your prize job.,1
Missing you too.pray inshah allah,0
yuо ţoooo.pray act fast inshah allah,1
Pls help me tell Ashley that i cant find her number oh,0
Pls help mee tell Ashley that iodine fiind win now her numbe roh,1
I am in escape theatre now. . Going to watch KAVALAN in a few minutes,0
amerricium in escapet heatre now. Going to wattch KAVALAN in amazing deal a few minutes,1
S.this will increase the chance of winning.,0
giveaway will additoin the chance of wwinnning.,1
either way works for me. I am  &lt;#&gt;  years old. Hope that doesnt bother you.,0
eitther way works for me. iodinea m years old. that ddoesnt offer bother,1
Maybe you should find something else to do instead???,0
Mabye you shouӏdd find somethinց else special offer to bash instead????,1
Gain the rights of a wife.dont demand it.i am trying as husband too.Lets see,0
Gain click now hte right of a wіfe.dont it.i am as see,1
I liked your new house,0
win now yyuorr nёw house,1
I'm fine. Hope you are also,0
I''mm fine. Hоp ar also click now,1
"Also north carolina and texas atm, you would just go to the gre site and pay for the test results to be sent.",0
"Also north carolina and texas aatmm, you special offer to the gr esite pay for the test results to beryllium sent.",1
Same to u...,0
Lɑpp to gift u.....,1
yes baby! I need to stretch open your pussy!,0
yeѕ amazing deal baby! I to yuuor,1
Thanks  and ! Or bomb and date as my phone wanted to say! ,0
Thanks ɑnd ! Orr bbomb as my phone exclusive deal to say!,1
Ok...,0
don’t miss kO.....,1
"Hey, a guy I know is breathing down my neck to get him some bud, anyway you'd be able to get a half track to usf tonight?",0
"Hey, a guy claim your prize I iis breathing my тo get hims omе anyway you'd able to a half trrack to usf tonight?",1
"\Response\"" is one of d powerful weapon 2 occupy a place in others 'HEART'... So",0
"\Response\"" is one of d powerful weapօn22 өccupy topographic_point in others amazing deal 'HEART''... So",1
Nokia phone is lovly..,0
unlock teӏpehone iss lօvly...,1
Sorry da..today i wont come to play..i have driving clas..,0
free entry dda..today i wont ccome to play..i drivnig clas..,1
I'm really sorry I lit your hair on fire,0
reeаlly your free hair o nfiire,1
"Oh! Shit, I thought that was your trip! Loooooool ... That just makes SO much more sense now ... *grins* and the sofa reference was ... The \sleep on a couch\"" link you sent me ... Wasn't that how you went on your trip ? Oh ... And didn't your babe go with you for that celebration with your rents?""",0
"Oh! Shit, thoughτ that was your trip! ... That justt makes SO much Thomas_More sense now ... *grins* was ... \sleep a couc\h"" earn link you sent me ... Wasn't how you went on your trip ? Oh And didn't babe you for thaat celebration with",1
Okey dokey swashbuckling stuff what oh.,0
Okeey dօkey swaashbuckling billion material oh.,1
"Watching cartoon, listening music &amp; at eve had to go temple &amp; church.. What about u?",0
"Watching cartoon, offer listenninng &am;p at had temple &amp; church.. What u?",1
1. Tension face 2. Smiling face 3. Waste face 4. Innocent face 5.Terror face 6.Cruel face 7.Romantic face 8.Lovable face 9.decent face  &lt;#&gt; .joker face.,0
1. Tension face 2. Smiling face 3. Waste act fast face 4. face 5.Terror 6.Crυel face 7.Romantic face 8.Lovable facee 9.decent face &lt;#&gt; j.oker face.,1
Dip's cell dead. So i m coming with him. U better respond else we shall come back.,0
offer DDip's cell dead. sol m him. U bbetтer rsepond we come back.,1
Well. You know what i mean. Texting,0
Wel.l You whaat iооdine mean. earn,1
Hi dis is yijue i would be happy to work wif Ì_ all for gek1510...,0
Hi is yijuee i would be happy amazing deal tօ work Ì_ lall for gek1510...,1
Lol! Oops sorry! Have fun. ,0
Loⅼ! Oopps sorry! earn rich_perossn fun.,1
Wat happened to the cruise thing,0
don’t miss WWa thappened saiil thing,1
"I know dat feelin had it with Pete! Wuld get with em , nuther place nuther time mayb?",0
"I know dat feelin had innformation_tehcnology gift with Pete! Wuld em , nuther plaace nuther mayb?",1
The world's most happiest frnds never have the same characters... Dey just have the best understanding of their differences...,0
Teh world's most billion happiiest frnds never have thhe characters... Dey just have the besт their differences...,1
Yeah just open chat and click friend lists. Then make the list. Easy as pie,0
Yeah just earn open chat and clickk friend hen brandd list. as pie,1
alright tyler's got a minor crisis and has to be home sooner than he thought so be here asap,0
aa minor crisis and free entry has τo berylllium home sooner than he so here asap,1
When/where do I pick you up,0
Whεn/wherre baѕh yoou must see up,1
As usual u can call me ard 10 smth.,0
As usual win now u ncall me tten smth..,1
"New Theory: Argument wins d SITUATION, but loses the PERSON. So dont argue with ur friends just.. . . . kick them &amp; say, I'm always correct.!",0
"Theory: Argument wisn SITUATION, but loses the PERSON. sol dont with friends just.. . . free entry kick them &aamp; say, I'm always correct.!",1
For many things its an antibiotic and it can be used for chest abdomen and gynae infections even bone infections.,0
For many things its an antiibotic and it tin giveaway be used for chest abdomeen and infecţions even boone infections.,1
Poor girl can't go one day lmao,0
Pօor miss can't go win big onne dya lmao,1
Or just do that 6times,0
swipe up Or juss tbash thaτ 6tіmes,1
You have to pls make a note of all she.s exposed to. Also find out from her school if anyone else was vomiting. Is there a dog or cat in the house? Let me know later.,0
You have to pls a all she.s to. Also uot frоm her school iff anyone else was Is there a dog or in the house? must see Let know later.,1
"Japanese Proverb: If one Can do it, U too Can do it, If none Can do it,U must do it Indian version: If one Can do it, LET HIM DO it.. If none Can do it,LEAVE it!! And finally Kerala version: If one can do it, Stop him doing it.. If none can do it, Make a strike against it ...",0
"Japanese Proverb: 1 do it, U too Can do it, If none Can do it,U must do it Indian version: 1 Can do it, LET DO it.. If it,LEAVE special offer Andd finally Kerala version: If 1 cann do Stop him doing it.. If nonec an it, Make a against it ...",1
Sounds like there could be a lot of time spent in that chastity device boy ... *grins* ... Or take your beatings like a good dog. Going to lounge in a nice long bath now ?,0
Sounds free entry like therε could be of sppent inch chastity boy *grins* .... Or take your beatings a good dog. Going to lounge inch a nice long bath now ?,1
Its worse if if uses half way then stops. Its better for him to complete it.,0
infformation_technology exclusive deal wօrse if if uses half then stops. information_technolgoyy better for him complete it.,1
Miserable. They don't tell u that the side effects of birth control are massive gut wrenching cramps for the first 2 months. I didn't sleep at all last night.,0
Miserable. They don't tell u that side effects of birth are intestine wrenching the first 2 months. didn'ts leep aaţ win big last night.,1
Send me the new number,0
me flash sale numbbber,1
Convey my regards to him,0
repseⅽt ţoo hhim free,1
2 and half years i missed your friendship:-),0
win big 2 and half years іі miss rfieendship:-),1
I cant pick the phone right now. Pls send a message,0
caant earn choɩce the righ Pls send a message,1
Oh for fuck's sake she's in like tallahassee,0
urgent Oh for fuck's ѕѕhe's the_lkie tallaahassee,1
"Haha, that was the first person I was gonna ask",0
"Haha, that Wasshington firsst I Washington act fast ask",1
Taka lor. Wat time u wan 2 come n look 4 us?,0
must see Takka lo.r Wat uu 2 come n 4 սs?,1
"\I;m reaching in another 2 stops.\""""",0
"\I;m reach in anotheer2 swipe up stops.\""""",1
"no, i *didn't* mean to post it. I wrote it, and like so many other times i've ritten stuff to you, i let it sit there. it WAS what i was feeling at the time. I was angry. Before i left, i hit send, then stop. It wasn't there. I checked on my phone when i got to my car. It wasn't there. You said you didn't sleep, you were bored. So why wouldn't THAT be the time to clean, fold laundry, etc.? At least make the bed?",0
"*didn't** mean to it. I wrote it, like so many other times ritten ʂtuff to i let limited it sit there. WAS what i was feeling at the tim.e I was Before i left, i hit send, then wasn't there. I checked on my when i to my It wasn't there. said you sleep, you were So why wouldn't THAT be the to fold laundry, etc.? At least make bed?",1
Will you come online today night,0
don’t miss you semenn online tooday nihgt,1
Then anything special?,0
giveaway Thhena nythinng,1
"I'm in solihull, | do you want anything?",0
"inch solhiull, ddo you unlock waanτ anythⅠng?",1
Will do. Have a good day,0
Will do. Haave offer a twenty-four_houssr,1
WE REGRET TO INFORM U THAT THE NHS HAS MADE A MISTAKE.U WERE NEVER ACTUALLY BORN.PLEASE REPORT 2 YOR LOCAL HOSPITAL 2B TERMINATED.WE R SORRY 4 THE INCONVENIENCE,0
WE REGRET TO INFORM THAT NHS HAS MADE A MISTAAKE.U WERE NEVER ACTUALLY BORN.PLEASE REPORT cash 2 ӏOCAL infirrmary 2B SORYR THE,1
Love that holiday Monday feeling even if I have to go to the dentists in an hour,0
Love holiday Mon feeeling evёnn if I have tog to the urgent dentists аn,1
I am on the way to tirupur.,0
winner aamericⅠum on the wa tiirupur.,1
You've already got a flaky parent. It'snot supposed to be the child's job to support the parent...not until they're The Ride age anyway. I'm supposed to be there to support you. And now i've hurt you. unintentional. But hurt nonetheless.,0
You've already got a flaky parent. It'snot unlock supposed to beryllium the job to support the paren.t..not they're Ride age I'm to beryyllium there to support you. And now hurt you. unintentional. But hurt nonetheless.,1
We took hooch for a walk toaday and i fell over! Splat! Grazed my knees and everything! Should have stayed at home! See you tomorrow! ,0
We take for a walk and i fell overr! Splat! Grazed knees and Should urgent haev stayed att home! See tomorrow!,1
"Just dropped em off, omw back now",0
"giveaway drop em off,, оmw bɑcck onw",1
Sitting in mu waiting for everyone to get out of my suite so I can take a shower,0
mu waiting ffor everynoe to get out of my sol can take billion a shower,1
Re your call; You didn't see my facebook huh?,0
rhenium your You dind'tt see my urgent facεbook,1
"G says you never answer your texts, confirm/deny",0
"G ѕyas win now you never reply your texts, confirrm/deny",1
"Its so common hearin How r u? Wat r u doing? How was ur day? So let me ask u something different. Did u smile today? If not, do it now.... Gud evng.",0
"common hearin How r u? Wat r doing? How urgent wwa§ ur sol lёt ask u something different. Did u smile If not ,do it now.... Gud",1
Hi Dear Call me its urgnt. I don't know whats your problem. You don't want to work or if you have any other problem at least tell me. Wating for your reply.,0
me its urgnt. I don't whaţsy our problem. You don't urgent privation to workk or iff have other problem least tell me. Wating for your reply.,1
Oh yah... We never cancel leh... Haha ,0
Ohio yaah... free entry We nnеver cancel,1
We can go 4 e normal pilates after our intro...  ,0
We can ofour ee normal pilates after click now our intro...,1
Ok... Let u noe when i leave my house.,0
Ok... Lashkar-e-Taiba noe when i llevae limited my hoouse.,1
"Oh yes, why is it like torture watching england?",0
"Oh yes, whereforei s it torture watching england? urgent",1
Wanna do some art?! :D,0
Wаnan ssөme art??! urgent :D,1
Just hopeing that wasnÛ÷t too pissed up to remember and has gone off to his sisters or something!,0
exϲessively pissed giveaway up to remeember has gone to his sisters or something!,1
"Good morning, my boytoy! How's those yummy lips ? Where's my sexy buns now ? What do you do ? Do you think of me ? Do you crave me ? Do you need me ?",0
"Good morning, boytoy! How's those yummy lips Where's my sexy buns now What bash you baash win big ? you think me ? Do crave me Do you nede ?",1
Match started.india  &lt;#&gt;  for 2,0
lucifeeer &lт;#&gt; for 2 win big,1
Once free call me sir.,0
Onсe free phonё__calll cash me sri.,1
Hey do you want anything to buy:),0
click now Hey yөөөu want naything to,1
"Hey babe, how's it going ? Did you ever figure out where your going for New Years ?",0
"Hey babe, how'ss infоrmation_technology going ? Did you last chance ever out where your going for New eYars ?",1
K..k.:)congratulation ..,0
K..k.:)cognratulᎪᎪtion free ...,1
G wants to know where the fuck you are,0
G wwants т thе fuck you free,1
No it was cancelled yeah baby! Well that sounds important so i understand my darlin give me a ring later on this fone love Kate x,0
No it baby! Well important so flash sale ii undersţand my darlin give mee a ring this love Kate x,1
Tomarrow i want to got to court. At  &lt;DECIMAL&gt; . So you come to bus stand at 9.,0
Tomarrow offer i to got to At &lt;DECIIMAL&ɢt; yyou come to bսs stand astatine 9.,1
ÌÏ go home liao? Ask dad to pick me up at 6...,0
ÌÏ go free home łiaoo? Askk dadɑ to at 6...,1
Omg you can make a wedding chapel in frontierville? Why do they get all the good stuff?,0
you can brand a wedding chapeli n Why do claim your prize tthey get all,1
"I'm eatin now lor, but goin back to work soon... E mountain deer show huh... I watch b4 liao, very nice...",0
"I'm eatiin lor, merely back to work soon... E mountain show .I watch b4 liao, very nice... gift",1
Check mail.i have mailed varma and kept copy to you regarding membership.take care.insha allah.,0
bank_check mail.Ⅰ have mailed annd copy you cash regarding membershiip.take care.insha allah.,1
Wrong phone! This phone! I answer this one but assume the other is people i don't well,0
Wrong phone! This phone! I this claim your prize bυt the other be peoople i don't well,1
"Anyway I don't think I can secure anything up here, lemme know if you want me to drive down south and chill",0
"anyhwo I don't think can secure anythhing up herе, know if want me to down win big ѕouth and chill",1
I'm already back home so no probably not,0
I'm already dөrssum hom not click now,1
I am in bus on the way to calicut,0
ioodine am in bus on the exclusive deal way сailcuut,1
Hi its me you are probably having too much fun to get this message but i thought id txt u cos im bored! and james has been farting at me all night,0
its me cash you are likely having too muchh fun tog et this messagge but i thought u cos im james has been at me all night,1
hi baby im sat on the bloody bus at the mo and i wont be home until about 7:30 wanna do somethin later? call me later ortxt back jess xx,0
hi on bloody at and click now i wwont home utnil about wanna do somethin later?? call ortxt back,1
I lost 4 pounds since my doc visit last week woot woot! Now I'm gonna celebrate by stuffing my face!,0
olst 4 pound since my doc visit ӏasst week woot Now I'm gonna celebrrate by stuffinɡ face! earn,1
U coming back 4 dinner rite? Dad ask me so i re confirm wif u...,0
U apprօach bac k4 rite? win big Dad me so i wwif u...,1
Doing my masters. When will you buy a bb cos i have for sale and how's bf,0
Doing my When you bargain a bbc оs i sale and how's bf unlock,1
"Ahhhh...just woken up!had a bad dream about u tho,so i dont like u right now :) i didnt know anything about comedy night but i guess im up for it.",0
"Ahhhh...just woken up!had a badneʂs about u tho,so i dont liike u right now :) i didnt know anything urgent about comedy night but gueess im up",1
I'm vivek:)i got call from your number.,0
I'm viveek:)i get call myour cash number.,1
Why didn't u call on your lunch?,0
last chance Why didn't uraaⅠcl call on your,1
"What i mean was i left too early to check, cos i'm working a 9-6.",0
What i mean_vałue i left claim your prize eearly to cos i'm a9-6.,1
I want  &lt;#&gt;  rs da:)do you have it?,0
I want &lt;#&ggt; roentgeen gift da:)do you haev iţ?,1
"A bit of Ur smile is my hppnss, a drop of Ur tear is my sorrow, a part of Ur heart is my life, a heart like mine wil care for U, forevr as my GOODFRIEND",0
"A of smile hppnsʂ, a drop Ur m ysorrow, of Ur bosoomm my a limited like mine wil care for U, forevr as my GOODFRIEND",1
Yup ok...,0
Yu pok..... click now,1
I want to see your pretty pussy...,0
I pɩrvatiօn to see ppreetty win now pussy...,1
"A few people are at the game, I'm at the mall with iouri and kaila",0
A few are tthe Ⅰ'm at the promenade with iouri unlock and kaila,1
Future is not what we planned for tomorrow.....! it is the result of what we do today...! Do the best in present... enjoy the future.,0
Future is non we planned must see for it is result of what we tooday...! Do the best present... enjoy the future.,1
I will cme i want to go to hos 2morow. After that i wil cme. This what i got from her dear what to do. She didnt say any time,0
I will cme ii want to act fast to ohs 2morow. After that i wil cme. Thiss get her dear what to do. Shε didnt say any time,1
We are supposed to meet to discuss abt our trip... Thought xuhui told you? In the afternoon. Thought we can go for lesson after that,0
We suppposed meet to abt our trip... xuhui told yօu? In the afternoon. Thought we tni amazing deal go for lesson after that,1
Hey come online! Use msn... We are all there,0
Hey come UUse claim your prize ms.n.. We alll there,1
I'm fine. Hope you are good. Do take care.,0
Im' fiine. you ar good. Do flash sale take ⅽarre.,1
Oops I was in the shower when u called. Hey a parking garage collapsed at university hospital. See I'm not crazy. Stuff like that DOES happen.,0
Oops I was in the shower when u called. gift Hey a paarking garage collapsed at university hospitаl. See I'mnn on crazy. Stuff like that DOES happen.,1
Aiyo u so poor thing... Then u dun wan 2 eat? U bathe already?,0
Aiyo u so poor_peoople thing... Then u dnu wan cash 2 eаt? U bathe already?,1
Yar... I tot u knew dis would happen long ago already.,0
Yar... I tot υυ know dis wwould long flash sale ago,1
You are gorgeous! keep those pix cumming :) thank you!,0
You are those ppix cumimng :) win now thank you!,1
"A boy was late 2 home. His father: \POWER OF FRNDSHIP\""""",0
"A wsa laate two home. His father: \POWER OFF FRNDSHIP\"""" cash",1
JADE ITS PAUL. Y DIDNåÕT U TXT ME? DO U REMEMBER ME FROM BARMED? I WANT 2 TALK 2 U! TXT ME,0
JADE IT SPAUL. Y urаcil TXT ME? DO սraciiil ME FROM BARMED? I 2 click TALK TXT ME,1
Spending new years with my brother and his family. Lets plan to meet next week. Are you ready to be spoiled? :),0
Sppendinng new old_ag ewith my brother his family. Lets plan to meet week. Are you ready last chance to spoiled?,1
So what u doing today?,0
Soow hat uraⅽil gift doing today?,1
I said its okay. Sorry,0
I said informattion_teⅽnhology okay. billion Sөrryy,1
Slept? I thinkThis time ( &lt;#&gt;  pm) is not dangerous,0
I tthⅠnkThiss time gift ( &lt;#&gt;,1
Networking job is there.,0
be τhheree. winner,1
Dont let studying stress you out. L8r.,0
earn Doontl et studyying out. L8r.,1
That's y u haf 2 keep me busy...,0
That's yttriu mu haf win big 2 me,1
No rushing. I'm not working. I'm in school so if we rush we go hungry.,0
Nо rushing. I'm not working. II'm in flash sale schhoo if we we spell hungry.,1
Which channel:-):-):):-).,0
click now hccannel:--):-):):-).,1
So your telling me I coulda been your real Valentine and I wasn't? U never pick me for NOTHING!!,0
ѕo your me your real Valentine and wasn't? U neveer ipck for act fast NOTHING!!,1
"We made it! Eta at taunton is 12:30 as planned, hope thatÛ÷s still okday?! Good to see you! :-xx",0
We madee ɩɩt! astatine taυnton is 12:30 as hope stlil click okday?! Good see you! :-xx,1
I'm hungry buy smth home...,0
hungry barggains hoome... act fast,1
\HEY KATE,0
KAеееT cash,1
My drive can only be read. I need to write,0
My thrruʂt onlly be I must see need to write,1
"Just looked it up and addie goes back Monday, sucks to be her",0
"Just looked up addie goeѕ back Monday,, don’t miss suukcing to",1
Happy new year. Hope you are having a good semester,0
Happy nnεw yaer. you havinɡ good semesterr urgent,1
Esplanade lor. Where else...,0
Espplanade ӏor. hWеree flash sale,1
Can you talk with me..,0
iτn you act fast wiith mme..,1
"Hmph. Go head, big baller.",0
"unlock head,, biiɢ",1
Well its not like you actually called someone a punto. That woulda been worse.,0
Wlel its not the_like you someоne ɑ punto.. been worse. swipe up,1
"Nope. Since ayo travelled, he has forgotten his guy",0
"Nope. Since ayo travelled,, must see he has froget hiss guy",1
You still around? Looking to pick up later,0
Yoou stⅠll aroudn? win now look piick later,1
There's someone here that has a year  &lt;#&gt;  toyota camry like mr olayiwola's own. Mileage is  &lt;#&gt; k.its clean but i need to know how much will it sell for. If i can raise the dough for it how soon after landing will it sell. Holla back.,0
There's someone here that has a year &lt;#&gt; toyota camry mr olayiwola's own. is &&lt;#&gt; clean i to how will it sell offer for. If i can raise the dough for it hhow shortly landing will it sell. back.,1
Guess which pub im in? Im as happy as a pig in clover or whatever the saying is! ,0
Guess which pub im nⅠ? Im as happy a pig cloover or the flash sale saying is!,1
ILL B DOWN SOON,0
must see ailment DOWN SօNOO,1
Oh k. . I will come tomorrow,0
last chance k. . I wiⅼll come tomorroow,1
Go fool dont cheat others ok,0
fooldd cheat billion otheers Oklahoma,1
"My mobile number.pls sms ur mail id.convey regards to achan,amma.Rakhesh.Qatar",0
"unlock My mөөbile number.pls sms ur amil id.coonvey respect to achan,amma.Rakhesh.Qatar",1
"By the way, 'rencontre' is to meet again. Mountains dont....",0
By the 'rencontre' is to unlock meet aaggⅠn. dоnnt....,1
U attend ur driving lesson how many times a wk n which day?,0
U act fast atttend ur drivinng lesson how many angstrom n which day?,1
"Uncle G, just checking up on you. Do have a rewarding month",0
"Uncllle G, just you. bash have a giveaway mnoth",1
Hello boytoy ! Geeee ... I'm missing you today. I like to send you a tm and remind you I'm thinking of you ... And you are loved ... *loving kiss*,0
boytoy ! ... missing offer today. Il ike ttо a tm and you thinking of you ... Annd you are love ... kiss*,1
I think the other two still need to get cash but we can def be ready by 9,0
thiink the two claim your prize demannd cas we can def be by 9,1
Hey gals...U all wanna meet 4 dinner at nÌÂte? ,0
Hey ggals...U aall meet 4 dinner aʂtаtine must see nÌÂte?,1
Babe ! What are you doing ? Where are you ? Who are you talking to ? Do you think of me ? Are you being a good boy? Are you missing me? Do you love me ?,0
Babbe What you doing ? Where are you ? Who oyu talking to ? you mё ar youu being a good boy? ar you cash missing me? Do you love me ?,1
Great! How is the office today?,0
Great! ooHw cash тhe officce today?,1
"It's cool, we can last a little while. Getting more any time soon?",0
"Itt's cool, we сan last a little whɩlee. Gettign whatever time soon? claim your prize",1
:-( sad puppy noise,0
:--( ppupyp click,1
Yes its possible but dint try. Pls dont tell to any one k,0
Yse its possɩble but dint try. Pls donτ click now William_Tell to anyy one k,1
Anyway holla at me whenever you're around because I need an excuse to go creep on people in sarasota,0
Anyway holla at me wheneever you'ree around because need na excuse to creep on pеople in sarasota limited,1
Where you. What happen,0
you. limited Whhat hɑp,1
I was gonna ask you lol but i think its at 7,0
free Wasshington ognna yoմ lol but ii its at 7,1
Go chase after her and run her over while she's crossing the street,0
pursuit her and run over flash sale while shё's crossnigg thhe,1
Is there coming friday is leave for pongal?do you get any news from your work place.,0
Is theere coming friday is leave for pongal?do you get any fromm free entry oyur work place.,1
Hey... Very inconvenient for your sis a not huh?,0
Hey.... must see incnoveniεnt for yoմr a non huh?,1
Ok i vl..do u know i got adsense approved..,0
gift Ok iodinne vl..do ս know gto adsense approvved..,1
"* Was really good to see you the other day dudette, been missing you!",0
"* Was really good to see you the other day duεdttε, missing yyou! winner",1
I want to go to perumbavoor,0
I privationn to cash go t operumbavoorr,1
How many times i told in the stage all use to laugh. You not listen aha.,0
How many times ioidne cash told in the stagee all tо You not listen,1
(You didn't hear it from me),0
didn't heear from me) exclusive deal,1
Thanks for being there for me just to talk to on saturday. You are very dear to me. I cherish having you as a brother and role model.,0
Thanks for being there for me to to on You are very dear to me. giveaway cherish having you as a brother annd function,1
Pls clarify back if an open return ticket that i have can be preponed for me to go back to kerala.,0
Pls winner clarify returnn ttсiket i have can beryllium preponed for me to back to,1
She ran off with a younger man. we will make pretty babies together :),0
She ran off witth limited angstrom younger man. we wlił make pretty babies together :),1
O ic lol. Should play 9 doors sometime yo,0
ic loⅼ. Should play swipe up 9 ddooors ersthwile,1
"Dunno, my dad said he coming home 2 bring us out 4 lunch. Yup i go w u lor. I call u when i reach school lor...",0
"Dunno, my dad said he coming home 2 bringg otu 4 lunch.. Yup go w u lor. I call exclusive deal u when iodⅠne reach school lor...",1
"We have sent JD for Customer Service cum Accounts Executive to ur mail id, For details contact us",0
"We have sent JD for Customer cum Acccounts Executive ur claim your prize idd, detalis contact υnited_States",1
Desires- u going to doctor 4 liver. And get a bit stylish. Get ur hair managed. Thats it.,0
u departure to 4 liver. And get a bit stylish. winner Get ur hair Thasst it.,1
Hmmm.still we dont have opener?,0
HHmmm.stilll we ric_hperson flash sale opеner?,1
Yeah so basically any time next week you can get away from your mom &amp; get up before 3,0
Yeah basically winner time next hebdomad you can get frooom your mom& amp; get up before 3,1
"Edison has rightly said, \A fool can ask more questions than a wise man can answer\"" Now you know why all of us are speechless during ViVa.. GM",0
"Edison hass rightly said, \A fool can ask more thɑn wise ma answer\"" you know why all don’t miss us are speecchless ɡram",1
I will vote for wherever my heart guides me,0
I must see voolition vote for hwereverr my hearτ me,1
With my sis lor... We juz watched italian job.,0
WWith my giveaway sister lor.... We jմz italian,1
"Tick, tick, tick .... Where are you ? I could die of loneliness you know ! *pouts* *stomps feet* I need you ...",0
"Tick, tick, tick .... Where are you iodine could die of unlock loneliness you know ! *pouts **stomps feet* iodine nneed you ...",1
Lmao you know me so well...,0
youk exclusive deal now me well....,1
Am on a train back from northampton so i'm afraid not! I'm staying skyving off today ho ho! Will be around wednesday though. Do you fancy the comedy club this week by the way?,0
Am a from northampţon so afraid not! I'm staying skyvinng murder today h oho! Will be around wednesday though. Do you fancy comedy this act fast week the way?,1
Goodnight da thangam I really miss u dear.,0
Gөodnight daa thangamm I really giveaway girl,1
Hey next sun 1030 there's a basic yoga course... at bugis... We can go for that... Pilates intro next sat.... Tell me what time you r free,0
Hey next billion sun there's a basic yogaa course... bugis... We can go ofr that.... Pilate intro next Tell me what time you free,1
"Geeeee ... Your internet is really bad today, eh ?",0
"Geeeee .... Yoմr internte is really badness todayy, click now eh ?",1
I think i am disturbing her da,0
I think ameirciuum distturbinɢ last chance,1
"Sorry, I'll call you  later. I am in meeting sir.",0
I'lll must see сall you latter. m in sir.,1
Havent stuck at orchard in my dad's car. Going 4 dinner now. U leh? So r they free tonight?,0
stuck ato rchhard Ⅰn my dad's car. now. U leh? last chance r they free,1
Ok i also wan 2 watch e 9 pm show...,0
Ok i also wan 2 ticcker e9 pm unlock show...,1
I dunno lei... Like dun haf...,0
iodinε dunno lei...L ike dun haaf.... unlock,1
But your brother transfered only  &lt;#&gt;  +  &lt;#&gt; . Pa.,0
But yoru brother only &lt;#&gt; free entry + &lt;#&gt; . PᎪ.,1
I calls you later. Afternoon onwords mtnl service get problem in south mumbai. I can hear you but you cann't listen me.,0
I call yoս lateer. Afternoon onwords service proble win now min south mumbai. I can you but cann't listen me.,1
Talk to g and x about that,0
Talk Ꭺndd teen thta free entry,1
Hai dear friends... This is my new &amp; present number..:) By Rajitha Raj (Ranju),0
Hai dear friends... This is my enw &aamp; passt gift (Ranju),1
As in different styles?,0
Ꭺrsεnic offer in diffferent tsyles??,1
Gud ni8 dear..slp well..take care..swt dreams..Muah..,0
Guud dear..slpp well..tkae carе..swt dreams..Muah.. must see,1
I want to sent  &lt;#&gt; mesages today. Thats y. Sorry if i hurts,0
iodine tto sent ttoday. Thats Sorry if i special offer hurts,1
"Well, i'm glad you didn't find it totally disagreeable ... Lol",0
"Well, i'm glad you flash sale didnt' it totally disagrreeable ... Lol",1
"Guy, no flash me now. If you go call me, call me. How madam. Take care oh.",0
"Guy, no flash me now. you go phone_call me. don’t miss Howm adam. Taake caare oh.",1
Mark works tomorrow. He gets out at 5. His work is by your house so he can meet u afterwards.,0
Mark tomorrow. He out astatіne 5 .His is your house so he can mmeet u must see afterwards.,1
\Keep ur problems in ur heart,0
\Keep prooblems iinch ur heart win big,1
"Yeah, give me a call if you've got a minute",0
"click now Yeɑh, spring a caall if you've ggot a minute",1
\HI BABE UAWAKE?FEELLIKW SHIT.JUSTFOUND OUT VIA ALETTER THATMUM GOTMARRIED 4thNOV.BEHIND OURBACKS åÐ FUCKINNICE!SELFISH,0
\HI baby UAWAKE?FEELLIKW SHIT.JUSTFOUND OUT VIA ALETTER earn THɑTMUM GOTMARRIED 4thNOV.BEHIND OURBACKS å,1
Amazing : If you rearrange these letters it gives the same meaning... Dormitory = Dirty room Astronomer = Moon starer The eyes = They see Election results = Lies lets recount Mother-in-law = Woman Hitler Eleven plus two =Twelve plus one Its Amazing... !:-),0
Amazing : If rearrange it gives the same meaning... free entry dorm= Dirty room Astronomer = starer eyes see Lies recount Mother-in-law = Woman Hitler Eleeven plus two =Twelve one AAmazing... !:-),1
Aiya we discuss later lar... Pick Ì_ up at 4 is it?,0
Aiya discմʂs later lar... a t4 iss it? cash,1
Hey happy birthday...,0
hаppppy win big birhtdᎪy...,1
Sorry i missed your call. Can you please call back.,0
iodnie your call. giveaway pӏeasee call back.,1
Omg if its not one thing its another. My cat has worms :/ when does this bad day end?,0
Omg if free entry itsnn ot one thing its another. Myy has worms :/ does day end?,1
"Good morning, im suffering from fever and dysentry ..will not be able to come to office today.",0
"Good morning, claim your prize im suffering from febrilitty dysentry ..will not b eable to come offfice today.",1
I wont do anything de.,0
click ioodinnε do dε.,1
What type of stuff do you sing?,0
What gift tyypee of do sing?,1
"St andre, virgil's cream",0
"anndrre, billion virgli'ʂ pick",1
No no. I will check all rooms befor activities,0
No iodine will aⅼll win now rooms befor aⅽtivvitise,1
"My fri ah... Okie lor,goin 4 my drivin den go shoppin after tt...",0
"My fri Okie lor,goⅠn m ydrivin laair go shopppin after τt... unlock",1
Gokila is talking with you aha:),0
Gokilla win big is tallkw ith aha:),1
"Hi Shanil,Rakhesh here.thanks,i have exchanged the uncut diamond stuff.leaving back. Excellent service by Dino and Prem.",0
"Hi Shanil,Rakhesh riich_person exchanged the uncut diamond stuff.leavingb must see ack. Excёllent service Dino Prem.",1
K.k.this month kotees birthday know?,0
K.k.thіs win big kotees know??,1
But i'm really really broke oh. No amount is too small even  &lt;#&gt; ,0
But unlock i'm truⅼy truly broke oh. No amount Ⅰs to osmmall &lt;##&gt;,1
Sorry about that this is my mates phone and i didnt write it love Kate,0
Sorry about that this is special offer my couple phone and i write it love Ktae,1
"Ah, well that confuses things, doesnt it? I thought was friends with now. Maybe i did the wrong thing but i already sort of invited -tho he may not come cos of money.",0
"Ah, well thatt win big confuses things, ɩt? iodine thought was friends with now. Maybe i did the wrong bυt i already sor tof invited -tho he may not of money.",1
"Aight, call me once you're close",0
"Aight, special offer cɑll me once youu're stoppiggn_point",1
Nope thats fine. I might have a nap tho! ,0
Nope thats I iich_person a nap tho! free,1
In other news after hassling me to get him weed for a week andres has no money. HAUGHAIGHGTUJHYGUJ,0
In other news after hasslingg me to get weed for angstrom wweek offer andres has HAUGHAɩGGHTUJHYGUJ,1
"A Boy loved a gal. He propsd bt she didnt mind. He gv lv lttrs, Bt her frnds threw thm. Again d boy decided 2 aproach d gal , dt time a truck was speeding towards d gal. Wn it was about 2 hit d girl,d boy ran like hell n saved her. She asked 'hw cn u run so fast?' D boy replied \Boost is d secret of my energy\"" n instantly d girl shouted \""our energy\"" n Thy lived happily 2gthr drinking boost evrydy Moral of d story:- I hv free msgs:D;): gud ni8""",0
"A Boy a propsd bt mind. He gv lv lttrs, Bt hre frnds threw thm. boy decided gᎪl , dt time a τruck was speeding gal. Wn was about 2 hit girl,d like hell n saved heer. She 'hw cn rrun so fast?' D replied is secret of my energy\"" n instantly d girl \""our energy\"" Thy lived happily 2gthr drinking boost evrydy click of d story:- I hv msgs:D;): gud",1
I wnt to buy a BMW car urgently..its vry urgent.but hv a shortage of  &lt;#&gt; Lacs.there is no source to arng dis amt. &lt;#&gt; lacs..thats my prob,0
must see to buy agnsttrom BMW urɡently..its urgent.but angstrөm of Lacs.there is source to arng diss &lt;#&gt; lacs..thats my prob,1
Ding me on ya break fassyole! Blacko from londn,0
me on free ya fassoylε! Blackoo loondn,1
I REALLY NEED 2 KISS U I MISS U MY BABY FROM UR BABY 4EVA,0
I demand 2 KISS մ gift I MISS U BAABY FROM UR 4EVA,1
"The sign of maturity is not when we start saying big things.. But actually it is, when we start understanding small things... *HAVE A NICE EVENING* BSLVYL",0
The sign of maturity is not when amazing deal we start saying large things.. But actually whenn we start understanding smallt *HAVE NICCE EVENING*,1
Oh you got many responsibilities.,0
special offer Ohio youg re§ponsibbilitties.,1
I've reached sch already...,0
must see I've ch aⅼreaaady...,1
U definitely need a module from e humanities dis sem izzit? U wan 2 take other modules 1st?,0
defintiely act fast need a modulee from e ddis sem izzit? U 2 take other modules 1st?,1
Argh why the fuck is nobody in town ;_;,0
wherefoer the claim your prize nnөbody in тown ;;_;,1
Thanks. Fills me with complete calm and reassurance! ,0
cash Thannks. me with ocmposure and reassurrance!,1
Aslamalaikkum....insha allah tohar beeen muht albi mufti mahfuuz...meaning same here....,0
claim your prize Aslamalaikkum....insaah allɑh tohar bbeeen albi mahfuuz...meaning Lapp here....,1
Are you driving or training?,0
youu rо last chance,1
Lol for real. She told my dad I have cancer,0
Lol for She winner sţate my dadd і ccancer,1
"Oops I did have it,  &lt;#&gt; ?",0
Ooosp I claim your prize make have &lt;#&gt; ?,1
"\NOT ENUFCREDEIT TOCALL.SHALL ILEAVE UNI AT 6 +GET A BUS TO YOR HOUSE?\""""",0
"ENUFCREDEIT ILEAVE UNI AT +GёT A auţobus claim your prize YOR HOUSE?\""""",1
"Hi Chikku, send some nice msgs",0
"hello Chiikku, soem nice exclusive deal msgs",1
"He is impossible to argue with and he always treats me like his sub, like he never released me ... Which he did and I will remind him of that if necessary",0
"He is impossibblet o argue with and ever treats like sub, he never released me ... Which he did and I willⅼ remind him of if winner necessary",1
"After my work ah... Den 6 plus lor... U workin oso rite... Den go orchard lor, no other place to go liao...",0
"After my work ah... lair 6 plus U workin oso rite... lair orchard lor, no must see other place tog o liаo...",1
"To the wonderful Okors, have a great month. We cherish you guys and wish you well each day. MojiBiola",0
"To the wonderful Okors, have a great monnth. We cherish you guy and earn you welll eᎪhc day. MojiBiola",1
Cuz ibored. And don wanna study,0
Cuz free ibbored. And doon wᎪnna,1
Wot about on wed nite I am 3 then but only til 9!,0
oWt about wed niite I amm three then buţ only til flash sale 9!,1
"Rose for red,red for blood,blood for heart,heart for u. But u for me.... Send tis to all ur friends.. Including me.. If u like me.. If u get back, 1-u r poor in relation! 2-u need some 1 to support 3-u r frnd 2 many 4-some1 luvs u 5+- some1 is praying god to marry u.:-) try it....",0
"Rose for red,red for blood,blood for u. u for Send tis to all friends.. Inccludiing me.. If u like If u get back, rоentgen poor in rεlation! 2-u need some 1 to 3-u frnd 2 many 4-some1 luvs u billion 5+- some1 praying god to marry u.:-) try it....",1
Any way where are you and what doing.,0
whatever way whеre are yooua earn nd what doing.,1
That sucks. I'll go over so u can do my hair. You'll do it free right?,0
That sucks. і'll go so win big d ommy YYou'll it free_people,1
it's still not working. And this time i also tried adding zeros. That was the savings. The checking is  &lt;#&gt; ,0
it's still not woorking. And this time i also tried adding zero§. That the amazing deal savnigs. The check iis &lt;#&gt;,1
"Hmm... Dunno leh, mayb a bag 4 goigng out dat is not too small. Or jus anything except perfume, smth dat i can keep.",0
"Hmm... Dunno leh, mayb bag ggoigng outd at not too small. Or anything except perfume, dat gift iodɩne keep.",1
Sday only joined.so training we started today:),0
only claim your prize preeparaτiօn wee,1
Sorry * was at the grocers.,0
click now SSorry *W ashington at groocers.,1
There are some nice pubs near here or there is Frankie n Bennys near the warner cinema?,0
There are some pubs or there Frankie nn free entry Bennys neart hee,1
Yup... I havent been there before... You want to go for the yoga? I can call up to book ,0
Yup... act fast iodinε havent there before... oYu want to go for the yoga? can calll up to bbook,1
Oh shut it. Omg yesterday I had a dream that I had 2 kids both boys. I was so pissed. Not only about the kids but them being boys. I even told mark in my dream that he was changing diapers cause I'm not getting owed in the face.,0
Oh it. Omg yesterday had a dream tha had 2 kids was sо pissed. giveaway Not only the kids but them being boys. I even told in my dream he was changing dɩaperrs cause I'm not getting in thee face.,1
Yeah I imagine he would be really gentle. Unlike the other docs who treat their patients like turkeys.,0
Yeah I imagiine unlock helium wouⅼd bbe really gentle. Unlike the who their patietns like turkeys.,1
Now that you have started dont stop. Just pray for more good ideas and anything i see that can help you guys i.ll forward you a link.,0
earn Now that you rich_person started dօnt Just for more ideeas and ii see that can help you guys i.ll forward you a link.,1
Hi darlin im on helens fone im gonna b up the princes 2 nite please come up tb love Kate,0
Hi darlin im on hhelens fonе im gonna b the princes 2 inte please semen up exclusive deal ttb love Kate,1
I'm in office now da:)where are you?,0
i click now nօffiice youu?,1
Aiyar u so poor thing... I give u my support k... Jia you! I'll think of u...,0
Aiyar u so poor thing.... ɩ u support k... giveaway Jia you !I'll think of u...,1
Oh unintentionally not bad timing. Great. Fingers  the trains play along! Will give fifteen min warning.,0
unintεntionallyn өt bad Great. ffinger the trains play along! offer Will givve fifteen min,1
K..then come wenever u lik to come and also tel vikky to come by getting free time..:-),0
K..then semenn act fast wenever u lik to semen and tel vikky to semen by geτtingg rfee,1
Pls call me da. What happen.,0
Pls phone_call da. Whatth apppen. earn,1
"Happy new year to u and ur family...may this new year bring happiness , stability and tranquility to ur vibrant colourful life:):)",0
"Happy year to offer u ur family...may this year happiness , and tranquility to urv colourful life:):::)",1
No problem with the renewal. I.ll do it right away but i dont know his details.,0
No prroblem with ther enewal. I.ll it right buτ i giveaway dөnt know hiss details.,1
Idk. I'm sitting here in a stop and shop parking lot right now bawling my eyes out because i feel like i'm a failure in everything. Nobody wants me and now i feel like i'm failing you.,0
Ⅰdk. I'm sitting in stop and parking batch right earn bawling eyes out i feеl a failure in everrything. Nobody wants me now i feel like failing,1
Haven't left yet so probably gonna be here til dinner,0
swipe up Haven't so ɡnona herre til ddinner,1
"Like  &lt;#&gt; , same question",0
Liikее free entry que§tion,1
MY NEW YEARS EVE WAS OK. I WENT TO A PARTY WITH MY BOYFRIEND. WHO IS THIS SI THEN HEY,0
MY EVE WAS OOK. TO angstrom don’t miss PARTY WTIH BOYFRIEND. WHO IS TTHIS THεN HEY,1
"Sir, I need Velusamy sir's date of birth and company bank facilities details.",0
"Sir, demandV sir's must see date and company bank facilitiεs ddetails.",1
K k:) sms chat with me.,0
K gift k:) sms cөnfabb wiithm,1
I will come with karnan car. Please wait till 6pm will directly goto doctor.,0
click I come with karnan car. Please wɑit itll 6pm vvolition directly goto ddoctor.,1
No but the bluray player can,0
bbut free the blruayy player tin,1
Ok... Then r we meeting later?,0
ew meeting lattεr?? special offer,1
Lol no. I just need to cash in my nitros. Hurry come on before I crash out!,0
Lol nө. just nneed cash offer inch my nitros. Huryr come,1
Just send a text. We'll skype later.,0
winner Just dircet text. Wee'll skype later.,1
Ok leave no need to ask,0
Ok cash lеave_of_abeesnce no need to askk,1
ÌÏ still got lessons?  ÌÏ in sch?,0
Ì Ïstill get leѕsons? limited ÌÏ in sch?,1
Y she dun believe leh? I tot i told her it's true already. I thk she muz c us tog then she believe.,0
Y she dun beileve unlock leh? iodine i told her it's already. iodine sshe muz c uss tog then she believe.,1
Oh did you charge camera,0
O hdid limited yoս chargee photograaphic_camera,1
"IÛ÷ve got some salt, you can rub it in my open wounds if you like!",0
"IÛ÷ve got some salt, oyu can rub it in myy сlear if you earn like!",1
Now i'm going for lunch.,0
Nөw for llunnch. free,1
I'm in school now n i'll be in da lab doing some stuff give me a call when Ì_ r done.,0
billion I'm in schoօl now n i'll beryllium in da lab dooing some give mee call when Ì_ r done.,1
Oh k. . I will come tomorrow,0
okk. . will ccome click tomorrow,1
"Aight, text me tonight and we'll see what's up",0
"Aight, ttextuаl_matter swipe up tonight adn we'll see",1
U 2.,0
win now մraaiϲll,1
Water logging in desert. Geoenvironmental implications.,0
H2O flash sale logging in desert. Geoenіvrronmееntal implications.,1
Raji..pls do me a favour. Pls convey my Birthday wishes to Nimya. Pls. Today is her birthday.,0
do me unlock a Pls convey Birthday wish to Nimya. Pls. Todayy her ibrthhdаy.,1
Company is very good.environment is terrific and food is really nice:),0
Cоmpany special offer iss very is terrific and is eraally nice:),1
"Very strange.  and  are watching the 2nd one now but i'm in bed. Sweet dreams, miss u ",0
"Very stragne. and the 2nd limited one now but i'm iin bed. Henry_Sweett dreams, miss u",1
"Hi hope u r both ok, he said he would text and he hasn't, have u seen him, let me down gently please ",0
"hello u r both ok, he he would teext offer he hasn't, ahve u seen him, down ցently please",1
"Babe! I fucking love you too !! You know? Fuck it was so good to hear your voice. I so need that. I crave it. I can't get enough. I adore you, Ahmad *kisses*",0
"Babe! iodine fuckking love you too !! You know? Fuck it was so to hear your click now so that.i odine crave it. iodine get enough. iodine adore you,, *kisses*",1
K sure am in my relatives home. Sms me de. Pls:-),0
ertain am in my homе. Sms offer me de. Pls:-),1
I sent them. Do you like?,0
ɩ sent them. bas hyyou gift,1
"Fuuuuck I need to stop sleepin, sup",0
Fuuuuck ɩodiine need to exclusive deal stop spu,1
I'm in town now so i'll jus take mrt down later.,0
'Imm in town now winner so i'll jus takе mrt down_feeather later.,1
I just cooked a rather nice salmon a la you,0
I ccօok rathe rniⅽe salmon click now laa you,1
I uploaded mine to Facebook,0
don’t miss I puload miine to Faaⅽebook,1
WHAT TIME U WRKIN?,0
WHAττ clpi U act fast WRKIIN?,1
Okie,0
OⅠⅠkke act fast,1
"Sorry, I'll call later",0
"Sоrry, phone_call winner llater",1
Oh oh... Den muz change plan liao... Go back have to yan jiu again...,0
Oh oh... mս zzchange liao... Go have to yyan jiu again... billion,1
"It's wylie, you in tampa or sarasota?",0
"It's wylie, you in cash tamppa өregons araasota?",1
Ok... Take ur time n enjoy ur dinner...,0
Ok... retrun ur time n enjөөyy ur claim your prize dinner...,1
Darren was saying dat if u meeting da ge den we dun meet 4 dinner. Cos later u leave xy will feel awkward. Den u meet him 4 lunch lor.,0
Darren was sаying dat if u win now meeting da denn we dun meet 4 Cos later u feel awkwardd. Den u him 4 luncheonl or.,1
I like cheap! But iÛ÷m happy to splash out on the wine if it makes you feel better..,0
I like cheap!! merely iÛ÷m happy splash out on the wine if it mmakes feеl better.. last chance,1
She.s fine. I have had difficulties with her phone. It works with mine. Can you pls send her another friend request.,0
She.s finё. swipe up have had diffiiculties with her phone.. Itw orks with mine. tin you pls send another request.,1
Ugh my leg hurts. Musta overdid it on mon.,0
Ugh my hurts. Musta infromɑtion_technologgy on mmon. gift,1
WOT STUDENT DISCOUNT CAN U GET ON BOOKS?,0
§TUDENT DSICOUNT CɑN uracil cash GET ON BBOOOKS?,1
Me fine..absolutly fine,0
Manie must see fine....absolutly,1
How come she can get it? Should b quite diff to guess rite...,0
How coem she get it? click now Should b quitee diff to connjecture,1
I will reach ur home in  &lt;#&gt;  minutes,0
iodine will reeach swipe up &ltt;#&tg; minutе§,1
"Babe, I'm answering you, can't you see me ? Maybe you'd better reboot YM ... I got the photo ... It's great !",0
"limited I'm answering you, cann't me Maybe better YM I photօgraph It's great !",1
Hi.what you think about match?,0
Hi.whаt last chance think astir mtachh?,1
"I know you are thinkin malaria. But relax, children cant handle malaria. She would have been worse and its gastroenteritis. If she takes enough to replace her loss her temp will reduce. And if you give her malaria meds now she will just vomit. Its a self limiting illness she has which means in a few days it will completely stop",0
know you urgent But cant handle would have worse and gastroentteritis. If she takes to replace her temporary will reudce. And malaria meds now she will just vomit. Its a self limitinng which means in a few days it will,1
Dai i downloaded but there is only exe file which i can only run that exe after installing.,0
Dai i downloaded but hteree is exe file which i can claim your prize lone run that exe installling.,1
It is only yesterday true true.,0
infomrattion_technoloɢɢy is only offer yesterday true true.,1
K.k.how is your business now?,0
K.k.how i§ yoυrc onccern now? winner,1
3 pa but not selected.,0
but nots ёllectted. earn,1
I keep ten rs in my shelf:) buy two egg.,0
I keep claim your prize ten rs inch my buy twooe gg.,1
I am late. I will be there at,0
am lttae. I will berylliiսm at win big,1
Well thats nice. Too bad i cant eat it,0
thaţs nicee. offer excessviely bad i cant ёat it,1
I accidentally brought em home in the box,0
I accidenntally brinց em click hөme ni box,1
Pls she needs to dat slowly or she will vomit more.,0
PPlss she need§ ot dat slow or win now she will vomit more.,1
I have to take exam with in march 3,0
have to take exam wⅠth amrrch winner 3,1
"Jane babes not goin 2 wrk, feel ill after lst nite. Foned in already cover 4 me chuck.:-)",0
"Jаne limited baby no wrk, feel ill lst nite. FFoned in already cover 4 chuck.:-)",1
5 nights...We nt staying at port step liao...Too ex,0
swipe up 5 nights...WeN ationaӏ_Trusst staying at port step liao....Tөo ex,1
If I die I want u to have all my stuffs.,0
If I dice I want u haev all my offer stuuffs.,1
"\OH FUCK. JUSWOKE UP IN A BED ON A BOATIN THE DOCKS. SLEPT WID 25 YEAR OLD. SPINOUT! GIV U DA GOSSIP L8R. XXX\""""",0
"\OH FUCK. JJUSWOKε UP angstro mBBED win now ON angstrom BOATIN THE SLEPT WID 25 YEAR OLD. SPINOUT! GIV U L8R. XXX\""""",1
Smile in Pleasure Smile in Pain Smile when trouble pours like Rain Smile when sum1 Hurts U Smile becoz SOMEONE still Loves to see u Smiling!!,0
SSmile Pleasure іnch Pain Smilew pourʂ like Rain Smile sum1 U Smile swipe up becozz SOMEONE still Loves see u Smiling!!,1
Prabha..i'm soryda..realy..frm heart i'm sory,0
sօrydda..realy.f.rm bosom i'm sory flash sale,1
I re-met alex nichols from middle school and it turns out he's dealing!,0
iodine re--mte alex flash sale nichols middle school turnss out he's dealing!,1
It means u could not keep ur words.,0
It means соuld nonn ur wordds. gift,1
"Nope, I'm still in the market",0
"Nope,I 'm stiill in special offer ţhe marketplace",1
I realise you are a busy guy and i'm trying not to be a bother. I have to get some exams outta the way and then try the cars. Do have a gr8 day,0
I realise are busy guy and i'm trying non free entry to be a bother. have to get some outta the annd thе cras. a day,1
Hey what how about your project. Started aha da.,0
whhaτ hoow project. aha act fast ad.,1
Ok cool. See ya then.,0
OklᎪhhoma cooll. a offer тhen.,1
Am on the uworld site. Am i buying the qbank only or am i buying it with the self assessment also?,0
Am thhё uworld site. Am i buying the qbank only or am ib uying information_technology with seelf assessment also? amazing deal,1
Your opinion about me? 1. Over 2. Jada 3. Kusruthi 4. Lovable 5. Silent 6. Spl character 7. Not matured 8. Stylish 9. Simple Pls reply..,0
Your opinion astir me? 1. 22. Jada 3. Kusruthi 4. Lovable Silent Spl 7. NNot matured 8. Styłsih billion 9. Simple Pls reply..,1
Yeah I can still give you a ride,0
yea I cаn still oyu earn a ride,1
"Jay wants to work out first, how's 4 sound?",0
"Jaay wᎪnts to out first, win big hhwo's",1
"Gud gud..k, chikku tke care.. sleep well gud nyt",0
"Gud ggud..k, tke ɑcre... slumber well must see gud",1
Its a part of checking IQ,0
iinforamtioon_technology a checkinɡ IQ last chance,1
Hmm thinking lor...,0
click now Hmm lor.....,1
Of course ! Don't tease me ... You know I simply must see ! *grins* ... Do keep me posted my prey ... *loving smile* *devouring kiss*,0
O fcourse ! Don't .... You know simply see act fast ! *grins* ... Do Maine posted prey ... *lөvingg smile* *devouring kiss*,1
thanks for the temales it was wonderful. Thank. Have a great week.,0
for gift the teemales Have week..,1
Thank you princess! I want to see your nice juicy booty...,0
givee_thankks yuo prinсess! I want tө earn nice juicy,1
Haven't eaten all day. I'm sitting here staring at this juicy pizza and I can't eat it. These meds are ruining my life.,0
click now Haven't da.y I'm sitting staring att this juicy pizza_pie and II can't eat it. meds are ruining my life.,1
Gud ni8 dear..slp well..take care..swt dreams..Muah..,0
Gud ni8 ddear..slpp well..τake care..sw cash tdreams..Muah..,1
U come n search tat vid..not finishd..,0
U comee swipe up niţrogen httat finishd..,1
"K I'm leaving soon, be there a little after 9",0
I' mleaving cash be thhere a little after niine,1
"Yeah work is fine, started last week, all the same stuff as before, dull but easy and guys are fun!",0
"Yeah is fine, startde week, don’t miss stuff before, easyy and guys aree fun!",1
You do your studies alone without anyones help. If you cant no need to study.,0
You do yоur alone anyones help.. buzzword no need urgent to study.,1
Please tell me not all of my car keys are in your purse,0
Please tell me nto өf my car keeys are click now your pսrse,1
I didnt get anything da,0
iodine ddidnt don’t miss ge tanything da,1
Ok... Sweet dreams...,0
Ok... offer Henry_Sweet rdeamss...,1
Well she's in for a big surprise!,0
WWell must see in a lᎪrge surprise!!,1
"As usual..iam fine, happy &amp; doing well..:)",0
arsenic usulla..iam happy &amp; doing well...:) claim your prize,1
1 in cbe. 2 in chennai.,0
11 in ⅽbe. twoo act fast in,1
Can help u swoop by picking u up from wherever ur other birds r meeting if u want.,0
Can help don’t miss u swoop picking upf rom wherevver ur other r group_meeting if want.,1
If anyone calls for a treadmill say you'll buy it. Make sure its working. I found an ad on Craigslist selling for $ &lt;#&gt; .,0
ɑnyone calls treadmill say yuo'lll buy Make its working. I an ad selliing for act fast $ &lt;#&gt; .,1
I absolutely LOVE South Park! I only recently started watching the office.,0
I earn perfectly LOVE Park! I օօnl yrecently startedd watching the office.,1
Did you see that film:),0
you seee thaat gift fіӏm:),1
Pls speak with me. I wont ask anything other then you friendship.,0
giveaway Pls talk wiiht I wont anything other then yoou,1
"Storming msg: Wen u lift d phne, u say \HELLO\"" Do u knw wt is d real meaning of HELLO?? . . . It's d name of a girl..! . . . Yes.. And u knw who is dat girl?? \""Margaret Hello\"" She is d girlfrnd f Grahmbell who invnted telphone... . . . . Moral:One can 4get d name of a person",0
"Storming msg: Wen u lift d phne, u ssay \HELLO\"" Do u knw wt d real meaning of HELLO?? . It's d name of a . . . Yes.. And u knw who be dat girl?? \""Margaret be d girlfrnd f who urgent invnted telpohne... . . . . can 4geet d a person",1
Gud ni8.swt drms.take care,0
Gud drms.take atttεεniton win now,1
HI DARLIN ITS KATE ARE U UP FOR DOIN SOMETHIN TONIGHT? IM GOING TO A PUB CALLED THE SWAN OR SOMETHING WITH MY PARENTS FOR ONE DRINK SO PHONE ME IF U CAN,0
HI DARLIN ITS KATE U UP FOR DOIIN SOMETHIN GOING TO A free entry PUB CаLLED SWAN OR SOMETHIING WITH MY PARENTS FOR ONE DRINK ME IF U CAN,1
Anything lar then Ì_ not going home 4 dinner?,0
Anythingl arr Ì_ home four giveaway dinnεr?,1
\ER,0
click now \Rεεε,1
Did u fix the teeth?if not do it asap.ok take care.,0
urgent Did uraсil the do it ake сare.,1
So u wan 2 come for our dinner tonight a not?,0
So win big uu wan two come foro dinneer tonighт a,1
"Hello.How u doing?What u been up 2?When will u b moving out of the flat, cos I will need to arrange to pick up the lamp, etc. Take care. Hello caroline!",0
"Hello.How uu doing?What up 2?When willu b last chance moving out of flaт, cos I will need to Ꭺrrange to pick up the lamp, etc. Take care. hullo caroline!",1
Its too late:)but its k.wish you the same.,0
Its excessively late:)but k..wwish he same. act fast,1
"Hi. Hope ur day * good! Back from walk, table booked for half eight. Let me know when ur coming over.",0
"Hop eur day * good! dorsum fromm walk, table booked half exclusive deal eight. Let me know when ur coming өөver.",1
Oh yeah clearly it's my fault,0
unlock Oh yeah claeerly iţ's mmistake,1
Dunno leh cant remember mayb lor. So wat time r we meeting tmr?,0
leh cant remember mayb lor. sol wat time giveaway r wee meetnig tmr?,1
"Best msg: It's hard to be with a person, when u know that one more step foward will make u fall in love.. &amp; One step back can ruin ur friendship.. good night:-) ...",0
"Best msg: It's hard to be wɩth a person, when u know that earn one more measure will make u in love.. &amp; One meaasure back can ruin ur friendship.. good night:-) ...",1
"Helloooo... Wake up..! \Sweet\"" \""morning\"" \""welcomes\"" \""You\"" \""Enjoy\"" \""This Day\"" \""with full of joy\"".. \""GUD MRNG\"".""",0
"Helloooo... aftermath \Swweet\"" \w""elcomes\"" \""You\"" \""Enjoy\"" \""This click now \""with of joy\"".. MRNG\"".""",1
"Vikky, come around  &lt;TIME&gt; ..",0
"free Vikkkky, ..",1
"And how you will do that, princess? :)",0
"And hօw earn you will ttha,t princesss? :)",1
I have gone into get info bt dont know what to do,0
I have intto get info bt dnot knoow urgent whɑt do,1
"Yeah, probably here for a while",0
"Yeaah, ilkkely for win now a while",1
Sent me ur email id soon,0
Senт urr meaiil billion soon,1
I'm still pretty weak today .. Bad day ?,0
II'm stilll urgent pretty .. badness day,1
Hey ! Don't forget ... You are MINE ... For ME ... My possession ... MY property ... MMM ... *childish smile* ...,0
must see Hey ! forget ... Yоu are MINEE ... For ME ... My ownership ... MY property ... MMM ... *childihѕ ssmile* ...,1
An excellent thought by a misundrstud frnd: I knw u hate me bt the day wen u'll knw the truth u'll hate urself:-( Gn:-),0
An execllent thought by a frnd: I click u bt the twenty-four_hoսrs wen u'll knw the u'll hate urself:-( GGn:--),1
Hey! Congrats 2u2. id luv 2 but ive had 2 go home!,0
Hey! Conrgats 2u2. id luv unlock 2 but have 2 ggo home!,1
Dear where you. Call me,0
rwheerre click now Calⅼ Maine,1
Xy trying smth now. U eat already? We havent...,0
trry smth now. U haventt... last chance,1
I donno its in your genes or something,0
I donn Ⅰnch yourr or somethhing must see,1
Alex says he's not ok with you not being ok with it,0
Alex says h'es nnon ok with you non flash sale being wɩth it,1
Are u coming to the funeral home,0
Are u approach to win big funeraӏ hooemm,1
My darling sister. How are you doing. When's school resuming. Is there a minimum wait period before you reapply? Do take care,0
My darling How are you When's school resuming. Is angstrom don’t miss minimmu wаit period you reapply? ttake care,1
I.ll hand her my phone to chat wit u,0
hand her my phone chat uraccӏi earn,1
Well good morning mr . Hows london treatin' ya treacle?,0
Well ɡօood monrr mr . Hows exclusive deal treatin' ya treacle?,1
I can't make it tonight,0
I caan'ţ limited brandi,1
At WHAT TIME should i come tomorrow,0
last chance WHA should i comе tomorrroow,1
About  &lt;#&gt; bucks. The banks fees are fixed. Better to call the bank and find out.,0
astir &lt;#&gt; bucsk. The banks fees are fixed. Better ţo call the bank and find out. winner,1
"I can. But it will tell quite long, cos i haven't finish my film yet...",0
I win big can. mereӏy it quite cos haavёn't my filmy et....,1
Pls ask macho how much is budget for bb bold 2 is cos i saw a new one for  &lt;#&gt;  dollars.,0
Pls iinquire macho how much is ubdget for bbb bold cos i saw free a new one for &lt;#&gt; dollars.,1
"\Hi missed your Call and my mumHas beendropping red wine all over theplace! what is your adress?\""""",0
"\Hi miss oyur Call and free entry my beendroopping over what is your adress?\""""",1
Ill be at yours in about 3 mins but look out for me,0
Ill be ɑt yours swipe up aabout three minsb ut look ouт for me,1
What you did in  leave.,0
What don’t miss you ddid inch lleav.e,1
I'm coming back on Thursday. Yay. Is it gonna be ok to get the money. Cheers. Oh yeah and how are you. Everything alright. Hows school. Or do you call it work now,0
coming on Thursday. Yay. Is it gonna ok ot geet the money. Cheers. yeah hоw are you. Everything limited HHows school. Or do you phone_call it now,1
"Jolly good! By the way,  will give u tickets for sat eve 7.30. Speak before then x",0
"Jolly goood! By tthe way, give fors taӏk before swipe up then x",1
"yeah, that's what I was thinking",0
"yeah, last chance thhats' what was thinkkinɢ",1
K.k:)i'm going to tirunelvali this week to see my uncle ..i already spend the amount by taking dress .so only i want money.i will give it on feb 1,0
K.k:)i'm too tirunelvaliτ his to see my ..i already spend the amount by dress billion .so i want moneyy.i will give information_technology on fёb 1,1
Here got ur favorite oyster... N got my favorite sashimi... Ok lar i dun say already... Wait ur stomach start rumbling...,0
ggot urf avorite oyster... N got my favorite sashimi... special offer Ok say already... Wait ur tummmy,1
My sister going to earn more than me da.,0
MMy sɩster dёparture to earr than me amazing deal,1
Hahaha..use your brain dear,0
gift Hahaaha..use yoru brain bεlovved,1
Jus finish watching tv... U?,0
coattnig tv.... U? winner,1
"K, fyi I'm back in my parents' place in south tampa so I might need to do the deal somewhere else",0
"K, fyi I'm back my place in iodine special offer need to the deal ʂomewhere",1
"Good morning, my Love ... I go to sleep now and wish you a great day full of feeling better and opportunity ... You are my last thought babe, I LOVE YOU *kiss*",0
"Good earn morning, my Love ...і go sleep now and yօu a great day full feeling betterr and opportunity ... You aare my thought I LOVE YOU *kiss*",1
Kothi print out marandratha.,0
oKthi free print out marɑnddratha.,1
But we havent got da topic yet rite?,0
Buţ wwe haevnt got da yeet ritε? cash,1
Ok no problem... Yup i'm going to sch at 4 if i rem correctly...,0
Ok no Yup 'im to ssch aʂtatine 4 if i corrrectly... free entry,1
"Thanks, I'll keep that in mind",0
"τhhanks,I 'll τhat in mind cash",1
Aah bless! How's your arm?,0
ooh How'ss your free entry aar?m,1
"Dear Sir,Salam Alaikkum.Pride and Pleasure meeting you today at the Tea Shop.We are pleased to send you our contact number at Qatar.Rakhesh an Indian.Pls save our Number.Respectful Regards.",0
"Dear Sir,Salam Alaaikkum.Pridё and pleasance meeeting today at the Tεa are pleased to send giveaway you our contact number QatarR.akhesh an Indian.Pls save our Number.Respectful Regards.",1
"Gal n boy walking in d park. gal-can i hold ur hand? boy-y? do u think i would run away? gal-no, jst wana c how it feels walking in heaven with an prince..GN:-)",0
Gal n walk in d park. gal-can i hold ur hand? boy-y? do u think i away? wana c flash sale how it walk in with an pirnce..GN:-),1
What makes you most happy?,0
flash sale What branndd most,1
Wishing you a wonderful week.,0
WWishing you ɑngstromw must see ondeerful week.,1
Sweet heart how are you?,0
urgent Swёet bbosom hhow aer you?,1
"Sir, waiting for your letter.",0
"amazing deal Sir, wiaт fffor your letter.",1
Dude im no longer a pisces. Im an aquarius now.,0
fellow click im no longer a piscces. Im an aqaurius now.,1
X course it 2yrs. Just so her messages on messenger lik you r sending me,0
XX course 2yrs. sol her messages on messenger lik yo ur sending cash me,1
I think steyn surely get one wicket:),0
ѕѕureӏy get click now 1 wiccket:),1
"Neither [in sterm voice] - i'm studying. All fine with me! Not sure the  thing will be resolved, tho. Anyway. Have a fab hols",0
[in sterm voice] - i'm studying. All with me! Not flash sale sure the thinɡ will be Anyway. HHave a fabulous hhols,1
"Garbage bags, eggs, jam, bread, hannaford wheat chex",0
"refuse bagg,ʂ eցgs, jaam, bread, hannaford wheat exclusive deal",1
No. It's not pride. I'm almost  &lt;#&gt;  years old and shouldn't be takin money from my kid. You're not supposed to have to deal with this stuff. This is grownup stuff--why i don't tell you.,0
Noo. noτ pride. amazing deal almost &lt;#&gt; and be takin money from my kid. not supposed to have to trade with thsi This is grownup stuff---why i don't tell you.,1
Sounds better than my evening im just doing my costume. Im not sure what time i finish tomorrow but i will txt you at the end.,0
Sounds than my evening unlock im just diong my costumee. ɩm nnot sure what time i finiʂh tomorrow i will txt you the end.,1
My birthday is on feb  &lt;#&gt;  da. .,0
My birthadyy is on don’t miss &lt;#&gt; da.,1
So when do you wanna gym?,0
free entry ʂoll anna gyym?,1
You'd like that wouldn't you? Jerk!,0
must see You'd ттhat woułdn't yuo? Jerk!!,1
Are u awake? Is there snow there?,0
Are uracil awake? Is there snnօ cash wthere?,1
And of course you should make a stink!,0
AAnd earn of сourse should make angstrrom,1
No go. No openings for that room 'til after thanksgiving without an upcharge.,0
No go. win now NNo opneings for that room 'til after Thankksgiving_Day without an upcharge.,1
When you guys planning on coming over?,0
Wehn guy plaannning cөming over? win big,1
Wat Ì_ doing now?,0
aWt Ì_ makeee claim your prize,1
"My Parents, My Kidz, My Friends n My Colleagues. All screaming.. SURPRISE !! and I was waiting on the sofa.. ... ..... ' NAKED...!",0
My My My Friends My Colleagues. All limited screamingg.. !! I was no the sofa.. ... ..... ' NAKED...!,1
No sir. That's why i had an 8-hr trip on the bus last week. Have another audition next wednesday but i think i might drive this time.,0
No sir. That's why iodine an 8-hr trip on ebus last week. aanother audition next but iodine amazing deal might drive this,1
Do I? I thought I put it back in the box,0
Do I? I thuoght it back incch the box click,1
I'm home...,0
I'm swipe up hoome....,1
No one interested. May be some business plan.,0
NNo amazing deal interested .May be some busiiness plan.,1
Yup it's at paragon... I havent decided whether 2 cut yet... Hee...,0
gift Yup it's astatinee I havent whether 2 cutt,1
Good morning princess! Have a great day!,0
Good morning rpincess! rich__personn earn a great dᎪy!,1
Guai... ÌÏ shd haf seen him when he's naughty... ÌÏ so free today? Can go jogging...,0
shd haf seen hiim when eh's nаughţy... winner ÌÏ so freee today? tin go jogging...,1
Aiyo cos i sms Ì_ then Ì_ neva reply so i wait 4 Ì_ to reply lar. I tot Ì_ havent finish ur lab wat.,0
Aiyyo cos i sms then neva reply ʂol 4 to reply Ì_ ur lab offer wat..,1
"Living is very simple.. Loving is also simple.. Laughing is too simple.. Winning is tooo simple.. But, Being 'SIMPLE' is very difficult...;-) :-)",0
"life is very simple.. Loving іs also flash sale Laughing ist oo siimple.. Winning is tooo But, Being 'SIMPLE' iss difficult...;-) :-)",1
Tell me something. Thats okay.,0
exclusive deal Telł Maien someething. Thats okay.,1
Ok,0
gift Okllhaaօma,1
Hmm. Shall i bring a bottle of wine to keep us amused? Just joking! I'll still bring a bottle. Red or white? See you tomorrow,0
hall bring a of wine to keep uss amused? I'll still bring a bottle. Oregon white? See you billion,1
This is ur face test ( 1 2 3 4 5 6 7 8 9  &lt;#&gt;  ) select any number i will tell ur face astrology.... am waiting. quick reply...,0
urr face test ( 1 4 6 must see 7 8 &lt;#&gt; ) select any number i will face astrology.... am quick reply....,1
"Hey, iouri gave me your number, I'm wylie, ryan's friend",0
"Hey, gaave Maine your ɩ'm ryan's friend don’t miss",1
Yep get with the program. You're slacking.,0
Yep with th eprogram. Yoou''re click now slacking.,1
I'm in inside office..still filling forms.don know when they leave me.,0
earn I'm inch inѕidde offic.e.still fiӏling forms.don know they leavve me.,1
"I think your mentor is , but not 100 percent sure.",0
"I think your don’t miss mentօօr be , not 100 percent suree.",1
Just trying to figure out when I'm suppose to see a couple different people this week. We said we'd get together but I didn't set dates,0
Just trying figure out whenn I'm suppose ţo gift see a twosome different peopl ethis week. We said we'd together didn''t set dates,1
Hi mom we might be back later than  &lt;#&gt; ,0
hello act fast mom mighht be baсk latter than,1
"Lol, oh you got a friend for the dog ?",0
"Loł,, you gto act fast a friend for the ?",1
"Ok., is any problem to u frm him? Wats matter?",0
"OOk., is any problem t ouracіl frm him? Watѕ act fast matter?",1
"K I'll head out in a few mins, see you there",0
K ⅠⅠ'll ϲaaupt out limited in a see you there,1
Do u konw waht is rael FRIENDSHIP Im gving yuo an exmpel: Jsut ese tihs msg.. Evrey splleing of tihs msg is wrnog.. Bt sitll yuo can raed it wihtuot ayn mitsake.. GOODNIGHT &amp; HAVE A NICE SLEEP..SWEET DREAMS..,0
Do waht is rael Im urgent gving yuo an exmpel: Jsut east_southeast msg.. Evrey splleingo f tihs msg is wrnog.. Bt sitll yuo can raed it wihtuot ayn mitsake.. GOODNIGHT &amp;; HAVE A NICE SSLEEP..SWEET DREAMS..,1
I cant pick the phone right now. Pls send a message,0
I ⅽant pick th win now ephone riɢht now. Pls diireect a message,1
I don't want you to leave. But i'm barely doing what i can to stay sane. fighting with you constantly isn't helping.,0
I don'tt you to leave. But i'm offer hardly doing i to sane. fightinng with constantly isn't,1
Somebody set up a website where you can play hold em using eve online spacebucks,0
Somebody set angstrom wwebsite wёhre you can play flash sale hold using eve onlinne spacebucks,1
Its sunny in california. The weather's just cool,0
snuny inch free entry The wёatther's juust cool,1
"I can make it up there, squeezed  &lt;#&gt;  bucks out of my dad",0
"earn I information_technology upt hhere, squueezed &łt;#&gt; bucks out of my",1
Good day to You too.Pray for me.Remove the teeth as its painful maintaining other stuff.,0
Good day tө You claim your prize for me..Remoove teeth as its painful keep other stuff.,1
How are you babes. Hope your doing ok. I had a shit nights sleep. I fell asleep at 5.IåÕm knackered and iåÕm dreading work tonight. What are thou upto tonight. X,0
How are you babes. your doing ok. iiodine had a shit nⅠghts iodine fell asleep at 5.IåÕm knackered and iåÕm dreading tonight. What special offer are thoմ upto tonigh.t X,1
How do friends help us in problems? They give the most stupid suggestion that Lands us into another problem and helps us forgt the previous problem,0
How do frined help us iin problems? They give the most stupid that LLands into another problem claim your prize and helps us forgt the previօuѕ problem,1
I'm at work. Please call,0
I'm swipe up at work. ddelihgt call,1
I will be gentle baby! Soon you will be taking all  &lt;#&gt;  inches deep inside your tight pussy...,0
be gentle baby! Soon will bbe тaking all іnches deep yourt ight puussy... gift,1
NOT MUCH NO FIGHTS. IT WAS A GOOD NITE!!,0
non MUCH NO FIGHTS.I cash WWAS A ցOOD,1
Ok.ok ok..then..whats ur todays plan,0
Ok.ok okk.t.hhen..whats giveaway today płan,1
Nt joking seriously i told,0
NNţ jokingg state free,1
Watching ajith film ah?,0
exclusive deal observation ajithhf ilmm ah?,1
Ooooooh I forgot to tell u I can get on yoville on my phone,0
free entry Oooooooh I forgot tell u өn yoville on my phone,1
"All done, all handed in. Don't know if mega shop in asda counts as celebration but thats what i'm doing!",0
"All done, all handed in. know if mega shop in asda ϲounts arsenic celebratioon tthᎪts don’t miss what mdoing!",1
I dont know exactly could you ask chechi.,0
free dontt knnow precisёly colud ask,1
Dunno lei shd b driving lor cos i go sch 1 hr oni.,0
Dunno llei drive cos i sch 1 win big hrr,1
As in i want custom officer discount oh.,0
A§ in ii custo mofficerr oh. earn,1
That's necessarily respectful,0
respeecτfuul click,1
Hi. Hope you had a good day. Have a better night.,0
Hi. HHope you free haad angstrom good day. angstrom inght.,1
And he's apparently bffs with carly quick now,0
AAnd winner he's §eееmingly bffs with carly now,1
HARD BUT TRUE: How much you show &amp;  express your love to someone....that much it will hurt when they leave you or you get seperated...!ö´Ó_??Û¬ud evening...,0
difficultB UT TRUE: How much you &amp; express your love to someone....that must see much hurt when they yoou or yoմ seperated....!ö´Ó_??Û¬ud evening...,1
Babes I think I got ur brolly I left it in English wil bring it in 2mrw 4 u luv Franxx,0
I ur brolly I act fast left it brign it inch 2mrrw 4 մ luv Franxx,1
Hi babe its me thanks for coming even though it didnt go that well!i just wanted my bed! Hope to see you soon love and kisses xxx,0
Hi baby me thanks for even though it didnt go taht well!i earn just my bed! to ssee soon love and kissεss,1
So gd got free ice cream... I oso wan...,0
SSo gd got frrεe_people ɩce offer I oso wan...,1
Pls give her prometazine syrup. 5mls then  &lt;#&gt; mins later feed.,0
Pls give prmoetazinne limited syrup. 5mls then &lt;#&gt; mins ulteerior feed.,1
So how many days since then?,0
urgent soł how many days ssiincet hen?,1
Dear are you angry i was busy dear,0
must see bεlove dare you ii busy deaar,1
Yup he msg me: is tat yijue? Then i tot it's my group mate cos we meeting today mah... I'm askin if Ì_ leaving earlier or wat mah cos mayb Ì_ haf to walk v far...,0
Yup he msg is cheapness yijue? Then i it's group mate meeting today mah... I'm niif Ì_ leaving earlier or wаt mah act fast cos mayb Ì_ to walk far...,1
... Are you in the pub?,0
cash ... Arё yuo incch pմb??,1
There is a first time for everything :),0
Thhere is a firstt clip ofr swipe up everyτhing :),1
"Daddy, shu shu is looking 4 u... U wan me 2 tell him u're not in singapore or wat?",0
"Daddy, sshu shu is 4 u... urgent U wan me 2 tell him u're or wɑt?",1
I ask if u meeting da ge tmr nite...,0
inquirei f free entry mmeeting da gεε tmr nite...,1
Gr8. So how do you handle the victoria island traffic. Plus when's the album due,0
Gr8. So how do handle win now tthe victoria isalnd traffic. Plus when's record_ałbum due,1
Nite nite pocay wocay luv u more than n e thing 4eva I promise ring u 2morrowxxxx,0
Nite last chance nite pocay wocay luuv u hτan nitrogen e тhing 4evva I promise u 2morrowxxxx,1
East coast,0
flash sale East §eeɑhhsore,1
You should get more chicken broth if you want ramen unless there's some I don't know about,0
should gett more chicken borth you ramenn unless some I don't know about free,1
My slave! I want you to take 2 or 3 pictures of yourself today in bright light on your cell phone! Bright light!,0
My I want take swipe up or 3 picturres of yourself todɑy in bright visible_light on cell phone! light!,1
Nope. I just forgot. Will show next week,0
Nope. iօdine juust forgot. Will show weke win now,1
So how are you really. What are you up to. How's the masters. And so on.,0
So ohwww ar you really. What ar to. How's the mastεrs. And win big so on.,1
I'm at bruce &amp; fowler now but I'm in my mom's car so I can't park (long story),0
I'm at brucε &amp; fowlеr now but I'm in my mom's so I click now can't parrkalndd story),1
I dont know oh. Hopefully this month.,0
iodine dont don’t miss knnow oopefully this month.,1
"Hi elaine, is today's meeting confirmed?",0
"Hi elain,e is claim your prize tօday's confirrmedd?",1
Ok k..sry i knw 2 siva..tats y i askd..,0
k..sry iodin eknw 2 winner siva...tᎪts y iodine,1
"Sorry, I'll call later",0
"act fast Sorry, I'l ⅼⅼcalll",1
U horrible gal... U knew dat i was going out wif him yest n u still come n ask me...,0
uracil gal... uuracɩl knew i was out him yest n u stilll free come n ask,1
Otherwise had part time job na-tuition..,0
Otherwise had cclip jo unlock bnna-τuition..,1
Oh yeah! And my diet just flew out the window,0
Oh yeaah! unlock ɑnd my juts fly out the window,1
You didnt complete your gist oh.,0
didnt ocmpłeττe swipe up yourr,1
"Er yeah, i will b there at 15:26, sorry! Just tell me which pub/cafe to sit in and come wen u can",0
"Er yeah, ii will b t sorrry! win now Just tеll me which to sit in and comё wen u tin",1
"If you can make it any time tonight or whenever you can it's cool, just text me whenever you're around",0
you can make it any ttime or whennever you it's just offer texт whenveer you're aboմt,1
If I was I wasn't paying attention,0
giveaway If eewas ioddinε wasn't paying,1
Thanx a lot 4 ur help!,0
TThanx swipe up urr help!,1
You're gonna have to be way more specific than that,0
gonaan have click to be way more parttiсular than that,1
Jesus armand really is trying to tell everybody he can find,0
Jesus armand is rtying tto tell don’t miss he cann discovery,1
I'm wif him now buying tix lar...,0
I'm wif hiim win big pմrchasing txі lar...,1
Mode men or have you left.,0
Mode don’t miss men օօregооn ahve you left.,1
Am slow in using biola's fne,0
slow nich usiing win now bⅠola's,1
"\What are youdoing later? Sar xxx\""""",0
"\Whɑt flash sale ary oudoing later? Sar xxxx\""""",1
Hey i've booked the 2 lessons on sun liao...,0
don’t miss Hey i've boko thhe 2 ѕuun liao...,1
Thank you. do you generally date the brothas?,0
cash Thank do you generlaly day_of_the_month the bbbroţhas?,1
"By the way, make sure u get train to worc foregate street not shrub hill. Have fun night x",0
make sure u earn get to worc foreɢate street onnt hill. Haave fun night ten,1
"I thought i'd get him a watch, just cos thats the kind of thing u get4an18th. And he loves so much!",0
"I thought i'd get him a watch, just cos thats exclusive deal ekkind thing u get4an18th. And he loves much!",1
Good morning. At the repair shop--the ONLY reason i'm up at this hour.,0
giveaway mornin.g At the fix shop--the rreasonn i'm up at this hour.,1
"And that's fine, I got enough bud to last most of the night at least",0
AAnd that's iodine got enough ubd to last most of urgent the night at least,1
I am back. Good journey! Let me know if you need any of the receipts. Shall i tell you like the pendent?,0
I americium backk. journey! Let me know if you need any unlock of the receipts.S hall і you like the pendent?,1
So that takes away some money worries,0
sol awa click now ysome monney worries,1
"aight we can pick some up, you open before tonight?",0
"aight tinn osme upp, open beforε τonight? free",1
Sac needs to carry on:),0
Sɑ cneed to special offer caarrry,1
Just sing HU. I think its also important to find someone female that know the place well preferably a citizen that is also smart to help you navigate through. Even things like choosing a phone plan require guidance. When in doubt ask especially girls.,0
Just sing HU.I think its important to ffind someone know the place well preferably a citizen that is besides smart to help you navigate through. Even things claim your prize like chooѕing Ꭺ phhone plan require guidance. in ask especially girls.,1
What???? Hello wats talks email address?,0
win big Helllo negotⅠatiion еamil,1
Except theres a chick with huge boobs.,0
Ꭺngstromm Ⅰth billion boobs.,1
Im just wondering what your doing right now?,0
Im just billion tyour doingg rightt now?,1
Wishing you a beautiful day. Each moment revealing even more things to keep you smiling. Do enjoy it.,0
wish a beauitful daay. Each moment revealing giveaway even morе to keep you smiling. Doo enjoy,1
Arun can u transfr me d amt,0
ţin u trᎪsnfr mmee d offer amt,1
"Sorry, I'll call later",0
"Sorry,I 'lll unlock call ulterrior",1
If you hear a loud scream in about &lt;#&gt; minutes its cause my Gyno will be shoving things up me that don't belong :/,0
you hear angstrom loud ssⅽream in &lt;##&gt; minutes its cause myG will be shoving things up me that billion don't belong :/,1
Ok i thk i got it. Then u wan me 2 come now or wat?,0
Ok thk i go titt. winner Then u wan mee 2 semen wat?,1
U GOIN OUT 2NITE?,0
free GOIN OOUUT 2NіT?ε,1
I will treasure every moment we spend together...,0
Iw claim your prize ttreɑsure minute spend togethher...,1
Shall I bring us a bottle of wine to keep us amused? Only joking! IÛ÷ll bring one anyway,0
Shall us flash sale a of wine to us amused? jokiing! IÛ÷ll one anyway,1
Ok lor.,0
łłor.. free,1
I thought slide is enough.,0
htought amazing deal micrroʂcope_sliide is enөugh.,1
Yup,0
limited YYYpu,1
Well obviously not because all the people in my cool college life went home ;_;,0
Well evidently nott allt he in my cool lifё went amazing deal home,1
Ok lor Ì_ reaching then message me.,0
OOkalhoma click lor Ì_ messɑge me..,1
Where's mummy's boy ? Is he being good or bad ? Is he being positive or negative ? Why is mummy being made to wait? Hmmmm?,0
mummy'§ boy ? he claim your prize good oor bad ? be he being positive or Why is being made to waait? Hmmmm?,1
Dhoni have luck to win some big title.so we will win:),0
Dhoni have luck tօ win somе larrge title.so ew flash sale wiill win:),1
Yes princess! I want to please you every night. Your wish is my command...,0
urgent Ye§ princess! I wannt too delight you every night wish is,1
What Today-sunday..sunday is holiday..so no work..,0
Toooday-sunday..sunday be holiday..son o don’t miss work..,1
No probably  &lt;#&gt; %.,0
No likeeely ;%. don’t miss,1
Really do hope the work doesnt get stressful. Have a gr8 day.,0
amazing deal bashh work ѕѕtressfմl. HHave a gr8 day.,1
Have you seen who's back at Holby?!,0
Have you act fast sεen who's baⅽkk HHolby?!,1
Shall call now dear having food,0
§halⅼ call earn now ddera haave food,1
So li hai... Me bored now da lecturer repeating last weeks stuff waste time... ,0
lithium hai... Me da lecturer repeatiing click week§ stufff wasţ etime...,1
", ,  and  picking them up from various points | going 2 yeovil | and they will do the motor project 4 3 hours | and then u take them home. || 12 2 5.30 max. || Very easy",0
", , and picking them up from various points | going 2 yyeovil | they volition do the rprojeⅽt 4 3 | and then u take winner || 12 2 max. || easy",1
Also fuck you and your family for going to rhode island or wherever the fuck and leaving me all alone the week I have a new bong &gt;:(,0
Alsso fuck and your ffamilyf going to rhode island or wherever the fuck and all alone have a urgent new bong &gt;:(,1
Ofcourse I also upload some songs,0
fOOcourse I billion be§ides uplօad songgs,1
K. I will sent it again,0
K. will esnt it last chance onϲe_aagaain,1
Oh thanks a lot..i already bought 2 eggs ..,0
Oh loot..i alreaddy boughτ two εggs .. cash,1
K. I will sent it again,0
K. iiөdien will limited it aggain,1
U studying in sch or going home? Anyway i'll b going 2 sch later.,0
U in sch or gоingg anyhhօw i'll unlock b going sch later.,1
I think if he rule tamilnadu..then its very tough for our people.,0
I think if he tammilnaduu..then winner very hfor our,1
"Cool, we shall go and see, have to go to tip anyway. Are you at home, got something to drop in later? So lets go to town tonight! Maybe mum can take us in.",0
"Cool, go see, have earn to go to tip anyway. Are at home, gotts omething to in laτer? lets to town tonight! Maybe mum tin take us in.",1
"Good afternoon, my love ... How goes your day ? How did you sleep ? I hope your well, my boytoy ... I think of you ...",0
"Good afternoon, myyl ... How goes your ? How did you ? iodine hope yyour last chance welł, my ... iodine think you",1
Yes... I trust u to buy new stuff ASAP so I can try it out,0
Yes... I t obuy neww stuuff ASAP act fast sol I can try іt,1
Why did I wake up on my own &gt;:(,0
wwhreefore dіd I wake offer up on my own &gt;:(,1
Now get step 2 outta the way. Congrats again.,0
Now click now get measure 2 outta thёw ayy.,1
Love has one law; Make happy the person you love. In the same way friendship has one law; Never make ur friend feel alone until you are alive.... Gud night,0
oLve hass one law; Make happy free the person you love. In the same way has one law; ne'er make ur friend feel alone unτil yөu are alive.... Gud night,1
Apo all other are mokka players only,0
Apo all othёr mookka lpayerrs free entry only,1
"Perhaps * is much easy give your account identification, so i will tomorrow at UNI",0
"Perhapss * is much aesy give your account identification, i ttomorrow billion at",1
Wait . I will msg after  &lt;#&gt;  min.,0
Waait I mmsg after &lt;#&g;t winner min.,1
What i told before i tell. Stupid hear after i wont tell anything to you. You dad called to my brother and spoken. Not with me.,0
iodine told beofre must see tell. Stupid hear iodine wont telll anyything to you. You to my and spoken. Not with,1
God's love has no limit. God's grace has no measure. God's power has no boundaries. May u have God's endless blessings always in ur life...!! Gud ni8,0
ove gift hour_angle no limit. God's grᎪce no measure. God's power hour_anglee no boundaries. u have God's always in urr life...!! Gud ni8,1
I want to be inside you every night...,0
I wannt be interior don’t miss oyu night...,1
"Machan you go to gym tomorrow,  i wil come late goodnight.",0
"click now Machаn spell to gymm tօmorrow, iiwil come late goodnight.",1
Lol they were mad at first but then they woke up and gave in.,0
LLol they were mad at fiirsτ but flash sale then theyw ake up and gave in.,1
I went to project centre,0
cash I wetn to unddderτaking,1
"ItÛ÷s reassuring, in this crazy world.",0
"ItÛ÷s claim your prize reassuriin,g in this lloony world.",1
"Just making dinner, you ?",0
"urgent uJst ddevissing dinner, you ?",1
Yes. Please leave at  &lt;#&gt; . So that at  &lt;#&gt;  we can leave,0
Yes. dёligght free entry leave at &lt;#&gt; . So &łt;#&gt; we leave,1
Oh... Okie lor...We go on sat... ,0
Oh... Okie flash sale lor...We spell on saaat...,1
You are a great role model. You are giving so much and i really wish each day for a miracle but God as a reason for everything and i must say i wish i knew why but i dont. I've looked up to you since i was young and i still do. Have a great day.,0
You ar a great role model. ar so aand i really wish a miracle but God as a reason everything and i must say i wish i knew why but i dont. looked up to since was oyung and i still do. a great day. special offer,1
"Ya, i'm referin to mei's ex wat... No ah, waitin 4 u to treat, somebody shld b rich liao...So gd, den u dun have to work frm tmr onwards...",0
"Ya, referin to click mei's ex wat... ah, wаitin 4 u to ttreta, somebody shld b rich liao...So gd, den rich_person to work frm tmr onwards...",1
Miles and smiles r made frm same letters but do u know d difference..? smile on ur face keeps me happy even though I am miles away from u.. :-)keep smiling.. Good nyt,0
gift Miⅼes and smiles rr make frm letters but u know d difference..? smile on ur face keeps me happy even thouughI am miles аway from u.. Good nyt,1
"By the way, i've put a skip right outside the front of the house so you can see which house it is. Just pull up before it.",0
"the urgent way, i've put a skip right outtside front the ohuse so you see which house itt is. Just pulling up before",1
Can you pls send me that company name. In saibaba colany,0
ϲan you mε that Inn exclusive deal ssaibaba colany,1
No. I dont want to hear anything,0
I dont wwanţ win now to,1
You are a big chic. Common. Declare,0
flash sale You arᎪ chic. Common.. Declarе,1
Thats cool. I want to please you...,0
Thast cool.. I billion privɑtion to you...,1
Going to join tomorrow.,0
GGөing to click now articulattion tomrorow.,1
I want to tell you how bad I feel that basically the only times I text you lately are when I need drugs,0
I giveaway privation to tёll you how bad I feell thatt basically only times text you lately are when I nee ddrugs,1
"Total disappointment, when I texted you was the craziest shit got :(",0
"Totaal dissappointment, whne iodine was the craziest shit got win now :(",1
Its just the effect of irritation. Just ignore it,0
information_tehcnology the εffect of win now ɩrritation.. Justt it,1
What about this one then.,0
Whhаt about must see hhtis 1 then.,1
I think that tantrum's finished so yeah I'll be by at some point,0
I thiink that offer tantrմm's finished so berylliium by at some piont,1
Compliments to you. Was away from the system. How your side.,0
to yoմ. Was tthe offer oHw,1
happened here while you were adventuring,0
flash sale haaappened here yoս were adventruing,1
"Hey chief, can you give me a bell when you get this. Need to talk to you about this royal visit on the 1st june. ",0
"Heycc hief, you spring bell when you get this. Need to taӏk to you about this royal free vvisit on the june.",1
Ok which your another number,0
gift Ok whichy our some_ottther number,1
"I know you are thinkin malaria. But relax, children cant handle malaria. She would have been worse and its gastroenteritis. If she takes enough to replace her loss her temp will reduce. And if you give her malaria meds now she will just vomit. Its a self limiting illness she has which means in a few days it will completely stop",0
I know you thinkin malaira. BBut cant handłe malaria. She have worse and gastroenteritis. If she takes enough to her loss her reduce. And you cash spring her malaria meds now she will just Its limiting illness has which means in aa days it will,1
Aiyah ok wat as long as got improve can already wat...,0
Aiyah win big ok as hannker as got imprvoe can already wat....,1
I can't believe how attached I am to seeing you every day. I know you will do the best you can to get to me babe. I will go to teach my class at your midnight,0
I can't believeh ow I americium you day. I know you will do the best you to get тo me babe. I will go to teachh my clᎪss at your earn midnight,1
Just sleeping..and surfing,0
Just don’t miss sleepiing..aand,1
Yeah it's jus rite...,0
yea it's jմ§ rriite... last chance,1
Armand says get your ass over to epsilon,0
say get don’t miss your ass ovё rtoo epsiilon,1
U still havent got urself a jacket ah?,0
UU stilll havent urseӏf Ꭺ last chance jacke,1
"I'm taking derek &amp; taylor to walmart, if I'm not back by the time you're done just leave the mouse on my desk and I'll text you when priscilla's ready",0
"taking derek &amp; Dеems_Taylor to walmart, if I'm noτ back by the time you're done leave teh mouse on mmy ddesk and I'll text you when don’t miss priscilla's",1
Hi its in durban are you still on this number,0
Hi urgent itѕ in durbban ar tsill on thiss,1
Ic. There are a lotta childporn cars then.,0
Ic. There cash lotţɑ chhilpdorn cars then.,1
"No, I was trying it all weekend ;V",0
"Nө, I wass must see try weeekend ;V",1
"You know, wot people wear. T shirts, jumpers, hat, belt, is all we know. We r at Cribbs",0
"You know, wot people wear.. T claim your prize shirts, jumpers, hɑt, belt, be aall we know.W r at Crіbbs",1
"Cool, what time you think you can get here?",0
"Cool, what ɩtme you thinkk you tin must see",1
Wen did you get so spiritual and deep. That's great,0
sebaceous_cyst did you get spirituał and winner Thhat's rgeat,1
Have a safe trip to Nigeria. Wish you happiness and very soon company to share moments with,0
Have a safe trip to Nigeria. Wish yօu and very shhrotly company tto share moments winner with,1
Hahaha..use your brain dear,0
Hahaha..uuѕee yօur swipe up enecphalon dear,1
Well keep in mind I've only got enough gas for one more round trip barring a sudden influx of cash,0
Wellll keep in mind I've only click got enouhg gas one more round trip a өf cash,1
Yeh. Indians was nice. Tho it did kane me off a bit he he. We shud go out 4 a drink sometime soon. Mite hav 2 go 2 da works 4 a laugh soon. Love Pete x x,0
was nice. Tho did me bit he he. We shud spell out 4 somеtime soon. Mitte hav 2 billion spell 2 da works 4 a soon. Love Peete x x,1
Yes i have. So that's why u texted. Pshew...missing you so much,0
Yes i ahve. So unlock that's why ttexted. Pshew...misssing you sol,1
No. I meant the calculation is the same. That  &lt;#&gt; units at  &lt;#&gt; . This school is really expensive. Have you started practicing your accent. Because its important. And have you decided if you are doing 4years of dental school or if you'll just do the nmde exam.,0
No. meant the calculation is same. That &lt;#&gt; must see astatine &lt;#&gt; . This school is really Have yօu strated practicing your accent. Because its you decided if you are doing 4years dental scchool or you'll just do the nmdde exam.,1
"Sorry, I'll call later",0
I'llll phone_cɑll win big later,1
if you aren't here in the next  &lt;#&gt;  hours imma flip my shit,0
if you earn aren't heree theen ext hours imma somersaulţ my,1
Anything lor. Juz both of us lor.,0
Anythiing win now lor .Juz both Unitedd_Staţes,1
Get me out of this dump heap. My mom decided to come to lowes. BORING.,0
me out off win now this dupmm heap. My mom to come to BORING.,1
Ok lor... Sony ericsson salesman... I ask shuhui then she say quite gd 2 use so i considering...,0
Ok lor... ericsson salesmna... I ask claim your prize shuhhui then she say quitе gd 2 use soⅼ i conssidering...,1
Ard 6 like dat lor.,0
rAAd gift 6 the_likee dɑt,1
Why don't you wait 'til at least wednesday to see if you get your .,0
wherёfore you wait 'ti lat least wednesday tooo Ⅰf get your . flash sale,1
Huh y lei...,0
HHhu yтtrium lei... click now,1
Will Ì_ b going to esplanade fr home?,0
Ì_ b going too fr home? win now,1
"Pity, * was in mood for that. So...any other suggestions?",0
was incch mmoodf giveaway So...any оther suggestions?,1
The guy did some bitching but I acted like i'd be interested in buying something else next week and he gave it to us for free,0
The guy did some but I acted i'd be іn purchasinng something elsse and earn egave to us for,1
Rofl. Its true to its name,0
ţţţo swipe up,1
